
> jingxin@0.1.0 corpus:gen
> tsx scripts/gen-corpus.ts --resume

Generated A091n1057: juans=2 blocks=1287
Generated A097n1267: juans=1 blocks=1
Generated A098n1267: juans=11 blocks=13
Generated A110n1490: juans=2 blocks=14
Generated A111n1493: juans=9 blocks=597
Generated A112n1493: juans=7 blocks=403
Generated A112n1494: juans=14 blocks=351
Generated A114n1504: juans=3 blocks=165
Generated A114n1505: juans=2 blocks=74
Generated A119n1548: juans=1 blocks=86
Generated A120n1561: juans=18 blocks=12127
Generated A121n1561: juans=5 blocks=4217
Generated B01n0001: juans=9 blocks=325
Generated B02n0001: juans=11 blocks=134
Generated B03n0002: juans=46 blocks=6624
Generated B04n0002: juans=39 blocks=5565
Generated B05n0002: juans=35 blocks=5381
Generated B06n0003: juans=2 blocks=1336
Generated B06n0004: juans=1 blocks=698
Generated B06n0005: juans=2 blocks=1683
Generated B06n0006: juans=1 blocks=2097
Generated B06n0007: juans=1 blocks=1084
Generated B06n0008: juans=1 blocks=577
Generated B06n0009: juans=30 blocks=1433
Generated B07n0010: juans=1 blocks=18
Generated B07n0011: juans=1 blocks=28
Generated B07n0012: juans=1 blocks=22
Generated B07n0013: juans=1 blocks=13
Generated B07n0014: juans=1 blocks=72
Generated B07n0015: juans=1 blocks=17
Generated B07n0016: juans=1 blocks=14
Generated B07n0017: juans=1 blocks=472
Generated B07n0018: juans=1 blocks=745
Generated B07n0019: juans=1 blocks=80
Generated B07n0020: juans=1 blocks=64
Generated B07n0021: juans=1 blocks=164
Generated B07n0022: juans=1 blocks=44
Generated B07n0023: juans=5 blocks=1942
Generated B07n0024: juans=1 blocks=737
Generated B07n0025: juans=1 blocks=375
Generated B08n0026: juans=2 blocks=4479
Generated B08n0027: juans=2 blocks=788
Generated B08n0028: juans=1 blocks=401
Generated B08n0029: juans=5 blocks=569
Generated B09n0030: juans=1 blocks=86
Generated B09n0031: juans=4 blocks=497
Generated B09n0032: juans=1 blocks=275
Generated B09n0033: juans=1 blocks=23
Generated B09n0034: juans=1 blocks=12
Generated B09n0035: juans=1 blocks=213
Progress 50/4602 blocks=58422 skipped=0 errors=0
Generated B09n0036: juans=1 blocks=44
Generated B09n0037: juans=1 blocks=418
Generated B09n0038: juans=1 blocks=141
Generated B09n0039: juans=1 blocks=515
Generated B09n0040: juans=6 blocks=481
Generated B09n0041: juans=1 blocks=79
Generated B09n0042: juans=1 blocks=110
Generated B09n0043: juans=9 blocks=1626
Generated B09n0044: juans=14 blocks=1433
Generated B09n0045: juans=1 blocks=627
Generated B09n0046: juans=1 blocks=45
Generated B09n0047: juans=1 blocks=390
Generated B10n0048: juans=5 blocks=274
Generated B10n0049: juans=1 blocks=10
Generated B10n0050: juans=1 blocks=200
Generated B10n0051: juans=1 blocks=37
Generated B10n0052: juans=1 blocks=8
Generated B10n0053: juans=1 blocks=1
Generated B10n0054: juans=1 blocks=1
Generated B10n0055: juans=1 blocks=11
Generated B10n0056: juans=1 blocks=76
Generated B10n0057: juans=5 blocks=386
Generated B10n0058: juans=1 blocks=343
Generated B10n0059: juans=1 blocks=193
Generated B10n0060: juans=1 blocks=38
Generated B10n0061: juans=1 blocks=120
Generated B10n0062: juans=1 blocks=32
Generated B10n0063: juans=1 blocks=88
Generated B10n0064: juans=1 blocks=94
Generated B10n0065: juans=6 blocks=617
Generated B10n0066: juans=6 blocks=369
Generated B10n0067: juans=24 blocks=1192
Generated B10n0068: juans=22 blocks=1049
Generated B11n0069: juans=7 blocks=423
Generated B11n0070: juans=1 blocks=199
Generated B11n0071: juans=15 blocks=168
Generated B11n0072: juans=5 blocks=128
Generated B11n0073: juans=29 blocks=542
Generated B11n0074: juans=4 blocks=147
Generated B11n0075: juans=26 blocks=324
Generated B11n0076: juans=44 blocks=565
Generated B12n0077: juans=5 blocks=398
Generated B12n0078: juans=5 blocks=408
Generated B13n0079: juans=24 blocks=7486
Generated B13n0080: juans=12 blocks=771
Generated B14n0081: juans=8 blocks=317
Generated B14n0082: juans=9 blocks=538
Generated B14n0084: juans=1 blocks=103
Generated B14n0085: juans=2 blocks=377
Generated B14n0086: juans=1 blocks=924
Progress 100/4602 blocks=83288 skipped=0 errors=0
Generated B14n0087: juans=1 blocks=1096
Generated B15n0088: juans=70 blocks=8421
Generated B16n0088: juans=87 blocks=3607
Generated B17n0089: juans=48 blocks=622
Generated B17n0090: juans=6 blocks=212
Generated B17n0091: juans=10 blocks=305
Generated B17n0092: juans=8 blocks=276
Generated B17n0093: juans=6 blocks=1489
Generated B17n0094: juans=4 blocks=291
Generated B18n0095: juans=4 blocks=918
Generated B18n0096: juans=6 blocks=186
Generated B18n0097: juans=2 blocks=573
Generated B18n0098: juans=3 blocks=540
Generated B18n0099: juans=1 blocks=64
Generated B18n0101: juans=1 blocks=390
Generated B19n0103: juans=30 blocks=7183
Generated B21n0116: juans=1 blocks=1049
Generated B22n0117: juans=49 blocks=1511
Generated B22n0118: juans=8 blocks=139
Generated B22n0119: juans=1 blocks=97
Generated B23n0130: juans=1 blocks=234
Generated B24n0131: juans=5 blocks=285
Generated B24n0132: juans=2 blocks=71
Generated B24n0133: juans=1 blocks=34
Generated B24n0134: juans=2 blocks=47
Generated B24n0135: juans=13 blocks=591
Generated B24n0136: juans=6 blocks=477
Generated B24n0137: juans=14 blocks=495
Generated B24n0139: juans=1 blocks=138
Generated B24n0140: juans=10 blocks=944
Generated B24n0141: juans=11 blocks=1174
Generated B25n0142: juans=1 blocks=487
Generated B25n0143: juans=1 blocks=269
Generated B25n0144: juans=20 blocks=2040
Generated B25n0145: juans=30 blocks=2031
Generated B26n0146: juans=3 blocks=196
Generated B26n0147: juans=17 blocks=821
Generated B26n0148: juans=9 blocks=329
Generated B26n0149: juans=5 blocks=395
Generated B26n0150: juans=1 blocks=5
Generated B27n0151: juans=65 blocks=799
Generated B27n0152: juans=14 blocks=1120
Generated B27n0153: juans=10 blocks=1512
Generated B28n0155: juans=8 blocks=216
Generated B28n0156: juans=3 blocks=159
Generated B28n0157: juans=24 blocks=1461
Generated B28n0158: juans=1 blocks=180
Generated B28n0159: juans=1 blocks=55
Generated B29n0160: juans=53 blocks=4343
Generated B29n0161: juans=12 blocks=1194
Progress 150/4602 blocks=134359 skipped=0 errors=0
Generated B30n0163: juans=8 blocks=1247
Generated B31n0169: juans=2 blocks=2331
Generated B31n0170: juans=3 blocks=6551
Generated B32n0171: juans=2 blocks=302
Generated B32n0172: juans=2 blocks=171
Generated B32n0173: juans=30 blocks=1322
Generated B32n0174: juans=8 blocks=811
Generated B32n0175: juans=2 blocks=97
Generated B32n0176: juans=3 blocks=536
Generated B32n0177: juans=5 blocks=377
Generated B32n0178: juans=1 blocks=21
Generated B32n0179: juans=1 blocks=10
Generated B32n0180: juans=1 blocks=4
Generated B32n0181: juans=1 blocks=12
Generated B32n0182: juans=1 blocks=13
Generated B32n0183: juans=2 blocks=79
Generated B32n0184: juans=2 blocks=192
Generated B32n0185: juans=3 blocks=421
Generated B32n0186: juans=3 blocks=34
Generated B32n0187: juans=1 blocks=86
Generated B32n0189: juans=1 blocks=97
Generated B32n0190: juans=1 blocks=7
Generated B32n0191: juans=1 blocks=54
Generated B33n0192: juans=45 blocks=2687
Generated B34n0193: juans=30 blocks=6115
Generated B35n0194: juans=8 blocks=1645
Generated B35n0195: juans=1 blocks=223
Generated B35n0196: juans=1 blocks=11
Generated B36n0197: juans=1 blocks=2040
Generated B36n0198: juans=18 blocks=5174
Generated C056n1159: juans=8 blocks=249
Generated C056n1163: juans=15 blocks=5744
Generated C057n1163: juans=10 blocks=3472
Generated C059n1169: juans=3 blocks=5778
Generated C071n1665: juans=5 blocks=53
Generated C071n1666: juans=1 blocks=1
Generated C073n1679: juans=2 blocks=218
Generated C073n1680: juans=1 blocks=108
Generated C077n1710: juans=47 blocks=3548
Generated C078n1720: juans=21 blocks=8384
Generated C097n1821: juans=4 blocks=1644
Generated CC001n0001: juans=6 blocks=247
Generated CC002n0002: juans=1 blocks=189
Generated CC003n0003: juans=6 blocks=809
Generated CC004n0004: juans=10 blocks=1216
Generated CC005n0005: juans=1 blocks=64
Generated CC006n0006: juans=1 blocks=106
Generated D01n8679: juans=1 blocks=12
Generated D02n8680: juans=1 blocks=36
Progress 200/4602 blocks=198907 skipped=0 errors=0
Generated D03n8701: juans=1 blocks=24
Generated D04n8724: juans=1 blocks=25
Generated D05n8774: juans=1 blocks=146
Generated D06n8775: juans=1 blocks=63
Generated D07n8779: juans=1 blocks=10
Generated D08n8780: juans=1 blocks=49
Generated D09n8790: juans=1 blocks=3
Generated D10n8814: juans=1 blocks=48
Generated D11n8817: juans=1 blocks=16
Generated D12n8820: juans=1 blocks=3
Generated D13n8838: juans=1 blocks=450
Generated D14n8842: juans=1 blocks=52
Generated D15n8853: juans=8 blocks=2181
Generated D16n8859: juans=10 blocks=157
Generated D17n8862: juans=10 blocks=4788
Generated D18n8863: juans=16 blocks=2319
Generated D19n8864: juans=3 blocks=179
Generated D20n8869: juans=1 blocks=96
Generated D21n8871: juans=1 blocks=132
Generated D22n8874: juans=1 blocks=183
Generated D23n8879: juans=10 blocks=4004
Generated D24n8880: juans=1 blocks=154
Generated D25n8881: juans=2 blocks=397
Generated D26n8882: juans=1 blocks=88
Generated D27n8883: juans=6 blocks=702
Generated D28n8885: juans=6 blocks=564
Generated D29n8888: juans=6 blocks=2031
Generated D30n8889: juans=2 blocks=166
Generated D31n8890: juans=2 blocks=87
Generated D32n8891: juans=3 blocks=1405
Generated D33n8892: juans=3 blocks=1763
Generated D34n8893: juans=2 blocks=27
Generated D35n8894: juans=5 blocks=949
Generated D36n8895: juans=3 blocks=141
Generated D37n8896: juans=6 blocks=3128
Generated D38n8898: juans=1 blocks=693
Generated D39n8899: juans=1 blocks=435
Generated D40n8903: juans=7 blocks=2149
Generated D41n8904: juans=7 blocks=2039
Generated D42n8905: juans=5 blocks=52
Generated D43n8913: juans=1 blocks=95
Generated D44n8914: juans=14 blocks=1127
Generated D45n8915: juans=1 blocks=11
Generated D46n8930: juans=2 blocks=4191
Generated D47n8936: juans=5 blocks=714
Generated D48n8939: juans=33 blocks=4313
Generated D49n8942: juans=4 blocks=802
Generated D50n8945: juans=1 blocks=453
Generated D51n8948: juans=2 blocks=468
Generated D52n8951: juans=14 blocks=1508
Progress 250/4602 blocks=244487 skipped=0 errors=0
Generated D53n8952: juans=1 blocks=4
Generated D54n8953: juans=1 blocks=11
Generated D55n8954: juans=10 blocks=411
Generated D56n8980: juans=3 blocks=459
Generated D57n9000: juans=3 blocks=99
Generated D58n9010: juans=1 blocks=233
Generated D59n9011: juans=1 blocks=5
Generated D60n9021: juans=1 blocks=271
Generated D61n9025: juans=4 blocks=728
Generated D62n9026: juans=1 blocks=8
Generated D63n9027: juans=1 blocks=6
Generated D64n9031: juans=1 blocks=102
Generated F01n0016: juans=1 blocks=1
Generated F02n0041: juans=1 blocks=9
Generated F02n0069: juans=1 blocks=25
Generated F03n0088: juans=1 blocks=42
Generated F03n0089: juans=1 blocks=21
Generated F03n0100: juans=1 blocks=431
Generated F03n0181: juans=1 blocks=18
Generated F03n0248: juans=1 blocks=15
Generated F12n0546: juans=1 blocks=4
Generated F24n0761: juans=1 blocks=2
Generated F27n1048: juans=1 blocks=3
Generated F27n1050: juans=1 blocks=2
Generated F27n1056: juans=1 blocks=2
Generated F27n1060: juans=1 blocks=1
Generated F27n1061: juans=1 blocks=1
Generated F27n1062: juans=1 blocks=1
Generated F27n1063: juans=1 blocks=2
Generated F27n1064: juans=1 blocks=1
Generated F28n1071: juans=30 blocks=745
Generated F28n1072: juans=22 blocks=404
Generated F28n1076: juans=1 blocks=32
Generated F28n1081: juans=1 blocks=3
Generated F28n1082: juans=1 blocks=1
Generated F28n1083: juans=1 blocks=26
Generated F28n1084: juans=1 blocks=36
Generated F29n1098: juans=1 blocks=17
Generated F29n1099: juans=1 blocks=13
Generated G052n1222: juans=1 blocks=10
Generated G069n1977: juans=1 blocks=8
Generated G083n2073: juans=1 blocks=1
Generated G083n2075: juans=1 blocks=1
Generated G084n2084: juans=1 blocks=1
Generated G084n2086: juans=1 blocks=1
Generated G086n2202: juans=2 blocks=429
Generated G086n2203: juans=1 blocks=88
Generated G103n2241: juans=3 blocks=298
Generated G104n2250: juans=4 blocks=1852
Generated G104n2251: juans=1 blocks=651
Progress 300/4602 blocks=252022 skipped=0 errors=0
Generated G104n2252: juans=1 blocks=2
Generated G104n2253: juans=1 blocks=3
Generated G104n2254: juans=1 blocks=138
Generated G104n2255: juans=1 blocks=1795
Generated G104n2256: juans=1 blocks=15
Generated G104n2257: juans=1 blocks=61
Generated G104n2258: juans=1 blocks=31
Generated G104n2259: juans=1 blocks=47
Generated G104n2260: juans=1 blocks=457
Generated G104n2261: juans=1 blocks=12
Generated G104n2262: juans=1 blocks=76
Generated G104n2263: juans=1 blocks=11
Generated G104n2264: juans=1 blocks=3
Generated G104n2265: juans=1 blocks=1
Generated G104n2266: juans=1 blocks=9
Generated G104n2267: juans=1 blocks=74
Generated G104n2268: juans=1 blocks=15
Generated G104n2269: juans=1 blocks=24
Generated G104n2270: juans=1 blocks=50
Generated G104n2271: juans=1 blocks=37
Generated G104n2272: juans=1 blocks=3
Generated G104n2273: juans=1 blocks=86
Generated G104n2274: juans=1 blocks=1
Generated G104n2275: juans=1 blocks=75
Generated G104n2276: juans=1 blocks=105
Generated G104n2277: juans=1 blocks=76
Generated G104n2278: juans=1 blocks=28
Generated G104n2279: juans=1 blocks=27
Generated G104n2280: juans=1 blocks=205
Generated G104n2281: juans=1 blocks=130
Generated G104n2282: juans=1 blocks=12
Generated G104n2283: juans=1 blocks=195
Generated G104n2284: juans=1 blocks=15
Generated G114n2302: juans=8 blocks=2864
Generated G115n2302: juans=15 blocks=7302
Generated G116n2302: juans=15 blocks=7203
Generated G117n2302: juans=15 blocks=6166
Generated G118n2302: juans=15 blocks=5508
Generated G148n2517: juans=1 blocks=7
Generated G148n2518: juans=1 blocks=15
Generated G150n2550: juans=1 blocks=70
Generated G150n2551: juans=3 blocks=16
Generated G151n2559: juans=1 blocks=312
Generated G155n2589: juans=2 blocks=234
Generated G155n2590: juans=13 blocks=4101
Generated G157n2594: juans=1 blocks=428
Generated G157n2600: juans=1 blocks=18
Generated G157n2601: juans=2 blocks=427
Generated G160n2619: juans=1 blocks=25
Generated GA001n0002: juans=6 blocks=249
Progress 350/4602 blocks=290786 skipped=0 errors=0
Generated GA001n0003: juans=5 blocks=422
Generated GA001n0004: juans=8 blocks=143
Generated GA002n0005: juans=2 blocks=1145
Generated GA009n0008: juans=6 blocks=783
Generated GA010n0009: juans=12 blocks=2073
Generated GA011n0010: juans=8 blocks=240
Generated GA012n0010: juans=2 blocks=369
Generated GA012n0011: juans=12 blocks=411
Generated GA013n0012: juans=4 blocks=704
Generated GA014n0012: juans=6 blocks=1020
Generated GA015n0013: juans=8 blocks=574
Generated GA015n0014: juans=6 blocks=317
Generated GA016n0015: juans=10 blocks=941
Generated GA020n0017: juans=11 blocks=383
Generated GA020n0018: juans=1 blocks=178
Generated GA021n0019: juans=8 blocks=1218
Generated GA022n0020: juans=12 blocks=1192
Generated GA023n0021: juans=8 blocks=1321
Generated GA024n0022: juans=8 blocks=654
Generated GA025n0023: juans=8 blocks=861
Generated GA026n0024: juans=15 blocks=1385
Generated GA027n0025: juans=7 blocks=690
Generated GA029n0028: juans=12 blocks=922
Generated GA030n0029: juans=4 blocks=495
Generated GA030n0030: juans=4 blocks=329
Generated GA030n0031: juans=2 blocks=60
Generated GA031n0032: juans=5 blocks=763
Generated GA032n0032: juans=9 blocks=1159
Generated GA035n0036: juans=5 blocks=171
Generated GA036n0037: juans=2 blocks=374
Generated GA037n0037: juans=3 blocks=687
Generated GA040n0040: juans=9 blocks=772
Generated GA042n0042: juans=18 blocks=559
Generated GA043n0043: juans=3 blocks=548
Generated GA043n0044: juans=1 blocks=25
Generated GA043n0045: juans=1 blocks=96
Generated GA043n0046: juans=1 blocks=272
Generated GA044n0047: juans=2 blocks=300
Generated GA044n0048: juans=3 blocks=246
Generated GA045n0049: juans=8 blocks=969
Generated GA052n0055: juans=5 blocks=349
Generated GA053n0057: juans=6 blocks=2084
Generated GA056n0059: juans=9 blocks=617
Generated GA056n0060: juans=7 blocks=335
Generated GA058n0062: juans=1 blocks=248
Generated GA058n0063: juans=6 blocks=358
Generated GA059n0064: juans=3 blocks=951
Generated GA060n0065: juans=4 blocks=647
Generated GA072n0077: juans=8 blocks=1566
Generated GA079n0081: juans=8 blocks=1149
Progress 400/4602 blocks=324861 skipped=0 errors=0
Generated GA081n0084: juans=6 blocks=961
Generated GA082n0084: juans=4 blocks=501
Generated GA084n0086: juans=8 blocks=878
Generated GA088n0089: juans=7 blocks=1113
Generated GA089n0089: juans=11 blocks=1060
Generated GA090n0089: juans=11 blocks=950
Generated GB078n0109: juans=3 blocks=167
Generated I01n0001: juans=1 blocks=3
Generated I01n0002: juans=1 blocks=6
Generated I01n0003: juans=1 blocks=1
Generated I01n0004: juans=1 blocks=1
Generated I01n0005: juans=1 blocks=2
Generated I01n0006: juans=1 blocks=4
Generated I01n0007: juans=1 blocks=5
Generated I01n0008: juans=1 blocks=1
Generated I01n0009: juans=1 blocks=4
Generated I01n0010: juans=1 blocks=8
Generated I01n0011: juans=1 blocks=7
Generated I01n0012: juans=1 blocks=2
Generated I01n0013: juans=1 blocks=5
Generated I01n0014: juans=1 blocks=8
Generated I01n0015: juans=1 blocks=1
Generated I01n0016: juans=1 blocks=5
Generated I01n0017: juans=1 blocks=4
Generated I01n0018: juans=1 blocks=5
Generated I01n0019: juans=1 blocks=4
Generated I01n0020: juans=1 blocks=4
Generated I01n0021: juans=1 blocks=3
Generated I01n0022: juans=1 blocks=1
Generated I01n0023: juans=1 blocks=1
Generated I01n0024: juans=1 blocks=1
Generated I01n0025: juans=1 blocks=1
Generated I01n0026: juans=1 blocks=1
Generated I01n0027: juans=1 blocks=2
Generated I01n0028: juans=1 blocks=1
Generated I01n0029: juans=1 blocks=10
Generated I01n0030: juans=1 blocks=4
Generated I01n0031: juans=1 blocks=4
Generated I01n0032: juans=1 blocks=2
Generated I01n0033: juans=1 blocks=2
Generated I01n0034: juans=1 blocks=2
Generated I01n0035: juans=1 blocks=3
Generated I01n0036: juans=1 blocks=1
Generated I01n0037: juans=1 blocks=4
Generated I01n0038: juans=1 blocks=4
Generated I01n0039: juans=1 blocks=3
Generated I01n0040: juans=1 blocks=4
Generated I01n0041: juans=1 blocks=2
Generated I01n0042: juans=1 blocks=11
Generated I01n0043: juans=1 blocks=2
Progress 450/4602 blocks=330640 skipped=0 errors=0
Generated I01n0044: juans=1 blocks=3
Generated I01n0045: juans=1 blocks=7
Generated I01n0046: juans=1 blocks=2
Generated I01n0047: juans=1 blocks=1
Generated I01n0048: juans=1 blocks=4
Generated I01n0049: juans=1 blocks=5
Generated I01n0050: juans=1 blocks=8
Generated I01n0051: juans=1 blocks=5
Generated I01n0052: juans=1 blocks=6
Generated I01n0053: juans=1 blocks=4
Generated I01n0054: juans=1 blocks=2
Generated I01n0055: juans=1 blocks=2
Generated I01n0056: juans=1 blocks=3
Generated I01n0057: juans=1 blocks=2
Generated I01n0058: juans=1 blocks=1
Generated I01n0059: juans=1 blocks=1
Generated I01n0060: juans=1 blocks=2
Generated I01n0061: juans=1 blocks=1
Generated I01n0062: juans=1 blocks=4
Generated I01n0063: juans=1 blocks=2
Generated I01n0064: juans=1 blocks=2
Generated I01n0065: juans=1 blocks=1
Generated I01n0066: juans=1 blocks=3
Generated I01n0067: juans=1 blocks=7
Generated I01n0068: juans=1 blocks=2
Generated I01n0069: juans=1 blocks=1
Generated I01n0070: juans=1 blocks=2
Generated I01n0071: juans=1 blocks=2
Generated I01n0072: juans=1 blocks=5
Generated I01n0073: juans=1 blocks=26
Generated I01n0074: juans=1 blocks=6
Generated I01n0075: juans=1 blocks=3
Generated I01n0076: juans=1 blocks=2
Generated I01n0077: juans=1 blocks=1
Generated I01n0078: juans=1 blocks=1
Generated I01n0079: juans=1 blocks=1
Generated I01n0080: juans=1 blocks=2
Generated I01n0081: juans=1 blocks=2
Generated I01n0082: juans=1 blocks=3
Generated I01n0083: juans=1 blocks=4
Generated I01n0084: juans=1 blocks=3
Generated I01n0085: juans=1 blocks=4
Generated I01n0086: juans=1 blocks=3
Generated I01n0087: juans=1 blocks=1
Generated I01n0088: juans=1 blocks=1
Generated I01n0089: juans=1 blocks=1
Generated I01n0090: juans=1 blocks=3
Generated I01n0091: juans=1 blocks=4
Generated I01n0092: juans=1 blocks=1
Generated I01n0093: juans=1 blocks=1
Progress 500/4602 blocks=330803 skipped=0 errors=0
Generated I01n0094: juans=1 blocks=3
Generated I01n0095: juans=1 blocks=1
Generated I01n0096: juans=1 blocks=2
Generated I01n0097: juans=1 blocks=1
Generated I01n0098: juans=1 blocks=2
Generated I01n0099: juans=1 blocks=3
Generated I01n0100: juans=1 blocks=1
Generated K05n0016: juans=1 blocks=56
Generated K32n1064: juans=2 blocks=1278
Generated K34n1257: juans=12 blocks=45944
Generated K35n1257: juans=18 blocks=67253
Generated K35n1258: juans=25 blocks=8508
Generated K35n1259: juans=30 blocks=11000
Generated K35n1260: juans=11 blocks=3646
Generated K35n1261: juans=5 blocks=329
Generated K38n1402: juans=30 blocks=1375
Generated K41n1482: juans=9 blocks=833
Generated L115n1490: juans=3 blocks=965
Generated L116n1490: juans=37 blocks=9367
Generated L130n1557: juans=17 blocks=6238
Generated L131n1557: juans=18 blocks=4198
Generated L132n1557: juans=18 blocks=4272
Generated L133n1557: juans=30 blocks=4166
Generated L135n1571: juans=1 blocks=19
Generated L141n1600: juans=4 blocks=1993
Generated L143n1608: juans=10 blocks=2804
Generated L149n1629: juans=1 blocks=99
Generated L153n1635: juans=1 blocks=2
Generated L153n1636: juans=4 blocks=271
Generated L153n1637: juans=10 blocks=775
Generated L153n1638: juans=6 blocks=600
Generated L154n1638: juans=4 blocks=301
Generated L154n1639: juans=20 blocks=1419
Generated L154n1640: juans=10 blocks=977
Generated L154n1641: juans=7 blocks=750
Generated L155n1642: juans=3 blocks=389
Generated L155n1643: juans=20 blocks=1253
Generated L157n1649: juans=4 blocks=593
Generated L157n1651: juans=1 blocks=15
Generated L158n1652: juans=20 blocks=1255
Generated L162n1666: juans=1 blocks=6
Generated L164n1668: juans=20 blocks=639
Generated L164n1669: juans=20 blocks=694
Generated LC01n0001: juans=17 blocks=806
Generated LC02n0002: juans=26 blocks=829
Generated LC03n0003: juans=14 blocks=639
Generated LC04n0004: juans=14 blocks=1040
Generated LC05n0005: juans=18 blocks=576
Generated LC06n0006: juans=17 blocks=2315
Generated LC07n0007: juans=11 blocks=1333
Progress 550/4602 blocks=522636 skipped=0 errors=0
Generated LC08n0007: juans=10 blocks=1132
Generated M59n1540: juans=5 blocks=245
Generated N01n0001: juans=4 blocks=1890
Generated N02n0001: juans=11 blocks=2497
Generated N03n0002: juans=10 blocks=1510
Generated N04n0002: juans=12 blocks=1259
Generated N05n0003: juans=19 blocks=1821
Generated N06n0004: juans=14 blocks=2252
Generated N07n0004: juans=9 blocks=2086
Generated N08n0004: juans=11 blocks=1508
Generated N09n0005: juans=4 blocks=517
Generated N10n0005: juans=4 blocks=470
Generated N11n0005: juans=4 blocks=994
Generated N12n0005: juans=4 blocks=1043
Generated N13n0006: juans=11 blocks=3675
Generated N14n0006: juans=10 blocks=4843
Generated N15n0006: juans=13 blocks=5445
Generated N16n0006: juans=7 blocks=3890
Generated N17n0006: juans=6 blocks=3781
Generated N18n0006: juans=9 blocks=3835
Generated N19n0007: juans=3 blocks=3578
Generated N20n0007: juans=1 blocks=3067
Generated N21n0007: juans=1 blocks=2790
Generated N22n0007: juans=2 blocks=2131
Generated N23n0007: juans=1 blocks=2126
Generated N24n0007: juans=2 blocks=2325
Generated N25n0007: juans=2 blocks=2494
Generated N26n0008: juans=1 blocks=141
Generated N26n0009: juans=1 blocks=848
Generated N26n0010: juans=1 blocks=234
Generated N26n0011: juans=1 blocks=348
Generated N27n0012: juans=1 blocks=3724
Generated N27n0013: juans=1 blocks=1913
Generated N28n0014: juans=1 blocks=1426
Generated N28n0015: juans=1 blocks=2802
Generated N28n0016: juans=1 blocks=1104
Generated N29n0017: juans=39 blocks=7130
Generated N30n0017: juans=20 blocks=8864
Generated N31n0018: juans=2 blocks=1276
Generated N32n0018: juans=1 blocks=884
Generated N33n0018: juans=1 blocks=1120
Generated N34n0018: juans=2 blocks=1615
Generated N35n0018: juans=3 blocks=1555
Generated N36n0018: juans=4 blocks=1743
Generated N37n0018: juans=3 blocks=1619
Generated N38n0018: juans=2 blocks=1863
Generated N39n0018: juans=4 blocks=1899
Generated N40n0018: juans=2 blocks=2129
Generated N41n0018: juans=1 blocks=2873
Generated N42n0018: juans=1 blocks=2821
Progress 600/4602 blocks=635771 skipped=0 errors=0
Generated N43n0019: juans=2 blocks=2240
Generated N44n0019: juans=2 blocks=836
Generated N44n0020: juans=1 blocks=2165
Generated N44n0021: juans=1 blocks=748
Generated N45n0022: juans=10 blocks=1122
Generated N46n0022: juans=6 blocks=1244
Generated N47n0023: juans=19 blocks=1885
Generated N48n0024: juans=5 blocks=3253
Generated N49n0025: juans=15 blocks=1883
Generated N50n0025: juans=3 blocks=1082
Generated N50n0026: juans=2 blocks=1533
Generated N50n0027: juans=1 blocks=768
Generated N51n0028: juans=6 blocks=2698
Generated N52n0028: juans=1 blocks=1154
Generated N53n0028: juans=3 blocks=3123
Generated N54n0029: juans=2 blocks=3169
Generated N55n0029: juans=2 blocks=3021
Generated N56n0029: juans=2 blocks=3084
Generated N57n0029: juans=1 blocks=1528
Generated N58n0029: juans=2 blocks=1857
Generated N59n0029: juans=1 blocks=6442
Generated N60n0029: juans=2 blocks=7327
Generated N61n0030: juans=5 blocks=1836
Generated N62n0030: juans=18 blocks=1850
Generated N63n0031: juans=13 blocks=1873
Generated N64n0031: juans=12 blocks=1010
Generated N65n0032: juans=22 blocks=178
Generated N65n0033: juans=37 blocks=378
Generated N66n0034: juans=63 blocks=535
Generated N67n0035: juans=7 blocks=1028
Generated N68n0035: juans=6 blocks=883
Generated N69n0035: juans=10 blocks=1258
Generated N70n0036: juans=1 blocks=211
Generated N70n0037: juans=1 blocks=352
Generated N70n0038: juans=1 blocks=119
Generated P154n1519: juans=12 blocks=2435
Generated P155n1519: juans=8 blocks=1156
Generated P167n1573: juans=1 blocks=88
Generated P168n1581: juans=30 blocks=4386
Generated P174n1590: juans=1 blocks=584
Generated P178n1610: juans=1 blocks=20
Generated P178n1611: juans=21 blocks=561
Generated P179n1611: juans=2 blocks=1485
Generated P179n1612: juans=18 blocks=3701
Generated P180n1612: juans=32 blocks=6279
Generated P181n1612: juans=1 blocks=157
Generated P181n1615: juans=13 blocks=2719
Generated P182n1615: juans=22 blocks=4890
Generated P183n1615: juans=3 blocks=509
Generated P184n1617: juans=12 blocks=1638
Progress 650/4602 blocks=730052 skipped=0 errors=0
Generated P185n1617: juans=7 blocks=844
Generated P185n1618: juans=20 blocks=1486
Generated P189n1629: juans=9 blocks=609
Generated P189n1630: juans=1 blocks=4
Generated S06n0046: juans=2 blocks=173
Generated S06n0047: juans=1 blocks=1
Generated T01n0002: juans=1 blocks=79
Generated T01n0003: juans=2 blocks=65
Generated T01n0004: juans=1 blocks=16
Generated T01n0005: juans=2 blocks=136
Generated T01n0006: juans=2 blocks=149
Generated T01n0007: juans=3 blocks=161
Generated T01n0008: juans=2 blocks=85
Generated T01n0009: juans=1 blocks=20
Generated T01n0010: juans=3 blocks=55
Generated T01n0011: juans=2 blocks=70
Generated T01n0012: juans=2 blocks=125
Generated T01n0013: juans=2 blocks=260
Generated T01n0014: juans=1 blocks=91
Generated T01n0015: juans=1 blocks=67
Generated T01n0016: juans=1 blocks=16
Generated T01n0017: juans=1 blocks=45
Generated T01n0018: juans=1 blocks=54
Generated T01n0019: juans=1 blocks=31
Generated T01n0020: juans=1 blocks=87
Generated T01n0021: juans=1 blocks=66
Generated T01n0022: juans=1 blocks=43
Generated T01n0023: juans=6 blocks=235
Generated T01n0024: juans=10 blocks=395
Generated T01n0025: juans=10 blocks=424
Generated T01n0026: juans=60 blocks=6227
Generated T01n0027: juans=1 blocks=11
Generated T01n0028: juans=1 blocks=9
Generated T01n0029: juans=1 blocks=12
Generated T01n0030: juans=1 blocks=18
Generated T01n0031: juans=1 blocks=13
Generated T01n0032: juans=1 blocks=24
Generated T01n0033: juans=1 blocks=12
Generated T01n0034: juans=1 blocks=8
Generated T01n0035: juans=1 blocks=10
Generated T01n0036: juans=1 blocks=22
Generated T01n0037: juans=1 blocks=21
Generated T01n0038: juans=1 blocks=11
Generated T01n0039: juans=1 blocks=11
Generated T01n0040: juans=1 blocks=7
Generated T01n0041: juans=1 blocks=22
Generated T01n0042: juans=1 blocks=6
Generated T01n0043: juans=1 blocks=8
Progress 700/4602 blocks=742396 skipped=1 errors=0
Generated T01n0044: juans=1 blocks=23
Generated T01n0045: juans=2 blocks=39
Generated T01n0046: juans=1 blocks=13
Generated T01n0047: juans=1 blocks=7
Generated T01n0048: juans=1 blocks=25
Generated T01n0049: juans=1 blocks=32
Generated T01n0050: juans=1 blocks=7
Generated T01n0051: juans=1 blocks=8
Generated T01n0052: juans=1 blocks=27
Generated T01n0053: juans=1 blocks=26
Generated T01n0054: juans=1 blocks=17
Generated T01n0055: juans=1 blocks=9
Generated T01n0056: juans=1 blocks=2
Generated T01n0057: juans=1 blocks=50
Generated T01n0058: juans=1 blocks=29
Generated T01n0059: juans=1 blocks=5
Generated T01n0060: juans=1 blocks=19
Generated T01n0061: juans=1 blocks=25
Generated T01n0062: juans=1 blocks=26
Generated T01n0063: juans=1 blocks=14
Generated T01n0064: juans=1 blocks=6
Generated T01n0065: juans=1 blocks=17
Generated T01n0066: juans=1 blocks=14
Generated T01n0067: juans=1 blocks=16
Generated T01n0068: juans=1 blocks=48
Generated T01n0069: juans=1 blocks=54
Generated T01n0070: juans=1 blocks=17
Generated T01n0071: juans=1 blocks=45
Generated T01n0072: juans=1 blocks=4
Generated T01n0073: juans=1 blocks=5
Generated T01n0074: juans=1 blocks=24
Generated T01n0075: juans=1 blocks=10
Generated T01n0076: juans=1 blocks=20
Generated T01n0077: juans=1 blocks=16
Generated T01n0078: juans=1 blocks=20
Generated T01n0079: juans=1 blocks=29
Generated T01n0080: juans=1 blocks=92
Generated T01n0081: juans=2 blocks=98
Generated T01n0082: juans=1 blocks=20
Generated T01n0083: juans=1 blocks=8
Generated T01n0084: juans=1 blocks=15
Generated T01n0085: juans=1 blocks=26
Generated T01n0086: juans=1 blocks=54
Generated T01n0087: juans=1 blocks=23
Generated T01n0088: juans=1 blocks=18
Generated T01n0089: juans=1 blocks=5
Generated T01n0090: juans=1 blocks=28
Generated T01n0091: juans=1 blocks=25
Generated T01n0092: juans=1 blocks=10
Generated T01n0093: juans=1 blocks=11
Progress 750/4602 blocks=743577 skipped=1 errors=0
Generated T01n0094: juans=1 blocks=13
Generated T01n0095: juans=1 blocks=6
Generated T01n0096: juans=1 blocks=2
Generated T01n0097: juans=1 blocks=34
Generated T01n0098: juans=1 blocks=23
Generated T02n0099: juans=50 blocks=12091
Generated T02n0100: juans=16 blocks=3025
Generated T02n0101: juans=1 blocks=91
Generated T02n0102: juans=1 blocks=7
Generated T02n0103: juans=1 blocks=5
Generated T02n0104: juans=1 blocks=8
Generated T02n0105: juans=1 blocks=8
Generated T02n0106: juans=1 blocks=7
Generated T02n0107: juans=1 blocks=5
Generated T02n0108: juans=1 blocks=18
Generated T02n0109: juans=1 blocks=5
Generated T02n0110: juans=1 blocks=18
Generated T02n0111: juans=1 blocks=4
Generated T02n0112: juans=1 blocks=19
Generated T02n0113: juans=1 blocks=7
Generated T02n0114: juans=1 blocks=3
Generated T02n0115: juans=1 blocks=5
Generated T02n0116: juans=1 blocks=9
Generated T02n0117: juans=1 blocks=8
Generated T02n0118: juans=1 blocks=17
Generated T02n0119: juans=1 blocks=32
Generated T02n0120: juans=4 blocks=377
Generated T02n0121: juans=1 blocks=16
Generated T02n0122: juans=1 blocks=11
Generated T02n0123: juans=1 blocks=10
Generated T02n0124: juans=1 blocks=17
Generated T02n0125: juans=51 blocks=7158
Generated T02n0126: juans=1 blocks=123
Generated T02n0127: juans=1 blocks=11
Generated T02n0128a: juans=1 blocks=26
Generated T02n0128b: juans=1 blocks=97
Generated T02n0129: juans=1 blocks=17
Generated T02n0130: juans=3 blocks=57
Generated T02n0131: juans=1 blocks=5
Generated T02n0132a: juans=1 blocks=10
Generated T02n0132b: juans=1 blocks=9
Generated T02n0133: juans=1 blocks=14
Generated T02n0134: juans=1 blocks=11
Generated T02n0135: juans=1 blocks=15
Generated T02n0136: juans=1 blocks=4
Generated T02n0137: juans=1 blocks=13
Generated T02n0138: juans=1 blocks=6
Generated T02n0139: juans=1 blocks=4
Generated T02n0140: juans=1 blocks=8
Generated T02n0141: juans=1 blocks=3
Progress 800/4602 blocks=767069 skipped=1 errors=0
Generated T02n0142a: juans=1 blocks=21
Generated T02n0142b: juans=1 blocks=14
Generated T02n0143: juans=1 blocks=16
Generated T02n0144: juans=1 blocks=21
Generated T02n0145: juans=1 blocks=15
Generated T02n0146: juans=1 blocks=6
Generated T02n0147: juans=1 blocks=6
Generated T02n0148: juans=1 blocks=17
Generated T02n0149: juans=1 blocks=11
Generated T02n0150A: juans=1 blocks=194
Generated T02n0150B: juans=1 blocks=11
Generated T02n0151: juans=1 blocks=14
Generated T03n0152: juans=8 blocks=418
Generated T03n0153: juans=3 blocks=239
Generated T03n0154: juans=5 blocks=534
Generated T03n0155: juans=3 blocks=179
Generated T03n0156: juans=7 blocks=474
Generated T03n0157: juans=10 blocks=538
Generated T03n0158: juans=8 blocks=407
Generated T03n0159: juans=8 blocks=246
Generated T03n0160: juans=16 blocks=318
Generated T03n0161: juans=1 blocks=16
Generated T03n0162: juans=1 blocks=31
Generated T03n0163: juans=1 blocks=15
Generated T03n0164: juans=1 blocks=3
Generated T03n0165: juans=6 blocks=131
Generated T03n0166: juans=1 blocks=37
Generated T03n0167: juans=1 blocks=20
Generated T03n0168: juans=1 blocks=12
Generated T03n0169: juans=1 blocks=13
Generated T03n0170: juans=1 blocks=74
Generated T03n0171: juans=1 blocks=39
Generated T03n0172: juans=1 blocks=44
Generated T03n0173: juans=4 blocks=77
Generated T03n0174: juans=1 blocks=19
Generated T03n0175a: juans=1 blocks=20
Generated T03n0175b: juans=1 blocks=19
Generated T03n0175c: juans=1 blocks=20
Generated T03n0176: juans=1 blocks=24
Generated T03n0177: juans=1 blocks=15
Generated T03n0178: juans=1 blocks=21
Generated T03n0179: juans=1 blocks=82
Generated T03n0180: juans=1 blocks=5
Generated T03n0181a: juans=1 blocks=30
Generated T03n0181b: juans=1 blocks=19
Generated T03n0182a: juans=1 blocks=20
Generated T03n0182b: juans=1 blocks=34
Generated T03n0183: juans=1 blocks=30
Generated T03n0184: juans=2 blocks=121
Generated T03n0185: juans=2 blocks=96
Progress 850/4602 blocks=771855 skipped=1 errors=0
Generated T03n0186: juans=8 blocks=531
Generated T03n0187: juans=12 blocks=636
Generated T03n0188: juans=1 blocks=57
Generated T03n0189: juans=4 blocks=206
Generated T03n0190: juans=60 blocks=3514
Generated T03n0191: juans=13 blocks=385
Generated T04n0192: juans=1 blocks=31
Generated T04n0193: juans=1 blocks=72
Generated T04n0194: juans=3 blocks=497
Generated T04n0195: juans=1 blocks=28
Generated T04n0196: juans=2 blocks=167
Generated T04n0197: juans=2 blocks=208
Generated T04n0198: juans=2 blocks=216
Generated T04n0199: juans=1 blocks=32
Generated T04n0200: juans=10 blocks=374
Generated T04n0201: juans=15 blocks=1017
Generated T04n0202: juans=13 blocks=1214
Generated T04n0203: juans=10 blocks=622
Generated T04n0204: juans=1 blocks=16
Generated T04n0205: juans=2 blocks=41
Generated T04n0206: juans=2 blocks=73
Generated T04n0207: juans=1 blocks=45
Generated T04n0208: juans=2 blocks=45
Generated T04n0209: juans=4 blocks=109
Generated T04n0210: juans=2 blocks=127
Generated T04n0211: juans=4 blocks=342
Generated T04n0212: juans=30 blocks=1901
Generated T04n0213: juans=1 blocks=137
Generated T04n0214: juans=1 blocks=17
Generated T04n0215: juans=1 blocks=7
Generated T04n0216: juans=1 blocks=22
Generated T04n0217: juans=1 blocks=9
Generated T04n0218: juans=1 blocks=2
Generated T04n0219: juans=1 blocks=8
Generated T05n0220a: juans=200 blocks=19894
Generated T06n0220b: juans=200 blocks=17343
Generated T07n0220c: juans=137 blocks=12133
Generated T07n0220d: juans=28 blocks=2819
Generated T07n0220e: juans=8 blocks=643
Generated T07n0220f: juans=2 blocks=228
Generated T07n0220g: juans=1 blocks=128
Generated T07n0220h: juans=1 blocks=127
Generated T07n0220i: juans=1 blocks=44
Generated T07n0220j: juans=5 blocks=347
Generated T07n0220k: juans=5 blocks=321
Generated T07n0220l: juans=1 blocks=66
Generated T07n0220m: juans=1 blocks=84
Generated T07n0220n: juans=2 blocks=130
Generated T07n0220o: juans=8 blocks=634
Generated T08n0221: juans=20 blocks=2729
Progress 900/4602 blocks=842233 skipped=1 errors=0
Generated T08n0222: juans=10 blocks=813
Generated T08n0223: juans=27 blocks=3164
Generated T08n0224: juans=10 blocks=1046
Generated T08n0225: juans=6 blocks=795
Generated T08n0226: juans=5 blocks=692
Generated T08n0227: juans=10 blocks=618
Generated T08n0228: juans=25 blocks=1236
Generated T08n0229: juans=2 blocks=34
Generated T08n0230: juans=1 blocks=5
Generated T08n0231: juans=7 blocks=552
Generated T08n0232: juans=2 blocks=110
Generated T08n0233: juans=1 blocks=130
Generated T08n0234: juans=2 blocks=122
Generated T08n0235: juans=1 blocks=127
Generated T08n0236a: juans=1 blocks=100
Generated T08n0236b: juans=1 blocks=85
Generated T08n0237: juans=1 blocks=92
Generated T08n0238: juans=1 blocks=88
Generated T08n0239: juans=1 blocks=88
Generated T08n0240: juans=1 blocks=56
Generated T08n0241: juans=1 blocks=89
Generated T08n0242: juans=1 blocks=54
Generated T08n0243: juans=1 blocks=50
Generated T08n0244: juans=7 blocks=714
Generated T08n0245: juans=2 blocks=101
Generated T08n0246: juans=2 blocks=141
Generated T08n0247: juans=1 blocks=13
Generated T08n0248: juans=1 blocks=12
Generated T08n0249: juans=1 blocks=18
Generated T08n0250: juans=1 blocks=7
Generated T08n0251: juans=1 blocks=7
Generated T08n0252: juans=1 blocks=8
Generated T08n0253: juans=1 blocks=9
Generated T08n0254: juans=1 blocks=9
Generated T08n0255: juans=1 blocks=9
Generated T08n0256: juans=1 blocks=5
Generated T08n0257: juans=1 blocks=13
Generated T08n0258: juans=1 blocks=17
Generated T08n0259: juans=1 blocks=7
Generated T08n0260: juans=4 blocks=147
Generated T08n0261: juans=10 blocks=371
Generated T09n0262: juans=7 blocks=514
Generated T09n0263: juans=10 blocks=464
Generated T09n0264: juans=7 blocks=492
Generated T09n0265: juans=1 blocks=31
Generated T09n0266: juans=3 blocks=444
Generated T09n0267: juans=4 blocks=374
Generated T09n0268: juans=6 blocks=351
Generated T09n0269: juans=1 blocks=93
Generated T09n0270: juans=2 blocks=291
Progress 950/4602 blocks=857041 skipped=1 errors=0
Generated T09n0271: juans=3 blocks=240
Generated T09n0272: juans=10 blocks=590
Generated T09n0273: juans=1 blocks=239
Generated T09n0274: juans=1 blocks=100
Generated T09n0275: juans=1 blocks=99
Generated T09n0276: juans=1 blocks=47
Generated T09n0277: juans=1 blocks=72
Generated T09n0278: juans=60 blocks=2126
Generated T10n0279: juans=80 blocks=2797
Generated T10n0280: juans=1 blocks=42
Generated T10n0281: juans=1 blocks=23
Generated T10n0282: juans=1 blocks=155
Generated T10n0283: juans=1 blocks=33
Generated T10n0284: juans=1 blocks=29
Generated T10n0285: juans=5 blocks=118
Generated T10n0286: juans=4 blocks=351
Generated T10n0287: juans=9 blocks=185
Generated T10n0288: juans=3 blocks=131
Generated T10n0289: juans=1 blocks=8
Generated T10n0290: juans=1 blocks=15
Generated T10n0291: juans=4 blocks=204
Generated T10n0292: juans=6 blocks=681
Generated T10n0293: juans=40 blocks=1117
Generated T10n0294: juans=3 blocks=133
Generated T10n0295: juans=1 blocks=19
Generated T10n0296: juans=1 blocks=1
Generated T10n0297: juans=1 blocks=5
Generated T10n0298: juans=1 blocks=13
Generated T10n0299: juans=4 blocks=237
Generated T10n0300: juans=1 blocks=23
Generated T10n0301: juans=1 blocks=22
Generated T10n0302: juans=1 blocks=45
Generated T10n0303: juans=2 blocks=44
Generated T10n0304: juans=1 blocks=53
Generated T10n0305: juans=5 blocks=611
Generated T10n0306: juans=1 blocks=19
Generated T10n0307: juans=1 blocks=29
Generated T10n0308: juans=1 blocks=22
Generated T10n0309: juans=10 blocks=730
Generated T11n0310: juans=120 blocks=6909
Generated T11n0311: juans=3 blocks=141
Generated T11n0312: juans=20 blocks=616
Generated T11n0313: juans=2 blocks=263
Generated T11n0314: juans=1 blocks=114
Generated T11n0315a: juans=1 blocks=72
Generated T11n0315b: juans=1 blocks=60
Generated T11n0316: juans=40 blocks=702
Generated T11n0317: juans=1 blocks=70
Generated T11n0318: juans=2 blocks=225
Generated T11n0319: juans=3 blocks=278
Progress 1000/4602 blocks=877899 skipped=1 errors=0
Generated T11n0320: juans=20 blocks=845
Generated T12n0321: juans=4 blocks=121
Generated T12n0322: juans=1 blocks=64
Generated T12n0323: juans=1 blocks=88
Generated T12n0324: juans=1 blocks=120
Generated T12n0325: juans=1 blocks=109
Generated T12n0326: juans=1 blocks=4
Generated T12n0327: juans=2 blocks=117
Generated T12n0328: juans=1 blocks=108
Generated T12n0329: juans=1 blocks=101
Generated T12n0330: juans=1 blocks=24
Generated T12n0331: juans=3 blocks=34
Generated T12n0332: juans=1 blocks=20
Generated T12n0333: juans=1 blocks=46
Generated T12n0334: juans=1 blocks=61
Generated T12n0335: juans=1 blocks=76
Generated T12n0336: juans=1 blocks=78
Generated T12n0337: juans=1 blocks=170
Generated T12n0338: juans=1 blocks=201
Generated T12n0339: juans=1 blocks=205
Generated T12n0340: juans=2 blocks=142
Generated T12n0341: juans=3 blocks=369
Generated T12n0342: juans=2 blocks=370
Generated T12n0343: juans=1 blocks=32
Generated T12n0344: juans=1 blocks=23
Generated T12n0345: juans=2 blocks=120
Generated T12n0346: juans=4 blocks=143
Generated T12n0347: juans=2 blocks=137
Generated T12n0348: juans=1 blocks=8
Generated T12n0349: juans=1 blocks=49
Generated T12n0350: juans=1 blocks=90
Generated T12n0351: juans=1 blocks=104
Generated T12n0352: juans=5 blocks=241
Generated T12n0353: juans=1 blocks=92
Generated T12n0354: juans=2 blocks=187
Generated T12n0355: juans=1 blocks=127
Generated T12n0356: juans=1 blocks=130
Generated T12n0357: juans=2 blocks=119
Generated T12n0358: juans=1 blocks=48
Generated T12n0359: juans=5 blocks=81
Generated T12n0360: juans=2 blocks=190
Generated T12n0361: juans=4 blocks=285
Generated T12n0362: juans=2 blocks=159
Generated T12n0363: juans=3 blocks=119
Generated T12n0364: juans=2 blocks=155
Generated T12n0365: juans=1 blocks=47
Generated T12n0366: juans=1 blocks=26
Generated T12n0367: juans=1 blocks=36
Generated T12n0368: juans=1 blocks=6
Generated T12n0369: juans=1 blocks=1
Progress 1050/4602 blocks=884127 skipped=1 errors=0
Generated T12n0370: juans=1 blocks=16
Generated T12n0371: juans=1 blocks=97
Generated T12n0372: juans=3 blocks=88
Generated T12n0373: juans=1 blocks=1
Generated T12n0374: juans=40 blocks=2290
Generated T12n0375: juans=36 blocks=4012
Generated T12n0376: juans=6 blocks=479
Generated T12n0377: juans=2 blocks=139
Generated T12n0378: juans=2 blocks=138
Generated T12n0379: juans=3 blocks=226
Generated T12n0380: juans=5 blocks=327
Generated T12n0381: juans=3 blocks=191
Generated T12n0382: juans=3 blocks=323
Generated T12n0383: juans=2 blocks=160
Generated T12n0384: juans=7 blocks=498
Generated T12n0385: juans=2 blocks=176
Generated T12n0386: juans=2 blocks=140
Generated T12n0387: juans=6 blocks=425
Generated T12n0388: juans=1 blocks=49
Generated T12n0389: juans=1 blocks=21
Generated T12n0390: juans=1 blocks=16
Generated T12n0391: juans=1 blocks=7
Generated T12n0392: juans=1 blocks=29
Generated T12n0393: juans=1 blocks=10
Generated T12n0394: juans=1 blocks=28
Generated T12n0395: juans=1 blocks=9
Generated T12n0396: juans=1 blocks=13
Generated T13n0397: juans=60 blocks=6105
Generated T13n0398: juans=8 blocks=556
Generated T13n0399: juans=4 blocks=159
Generated T13n0400: juans=18 blocks=379
Generated T13n0401: juans=2 blocks=165
Generated T13n0402: juans=10 blocks=681
Generated T13n0403: juans=7 blocks=368
Generated T13n0404: juans=8 blocks=372
Generated T13n0405: juans=1 blocks=78
Generated T13n0406: juans=1 blocks=62
Generated T13n0407: juans=1 blocks=82
Generated T13n0408: juans=2 blocks=65
Generated T13n0409: juans=1 blocks=67
Generated T13n0410: juans=8 blocks=450
Generated T13n0411: juans=10 blocks=463
Generated T13n0412: juans=2 blocks=150
Generated T13n0413: juans=1 blocks=1
Generated T13n0414: juans=5 blocks=336
Generated T13n0415: juans=10 blocks=483
Generated T13n0416: juans=5 blocks=302
Generated T13n0417: juans=1 blocks=83
Generated T13n0418: juans=3 blocks=201
Generated T13n0419: juans=1 blocks=32
Progress 1100/4602 blocks=905675 skipped=1 errors=0
Generated T13n0420: juans=2 blocks=92
Generated T13n0421: juans=2 blocks=228
Generated T13n0422: juans=2 blocks=79
Generated T13n0423: juans=4 blocks=307
Generated T13n0424: juans=5 blocks=304
Generated T14n0425: juans=8 blocks=687
Generated T14n0426: juans=1 blocks=137
Generated T14n0427: juans=1 blocks=20
Generated T14n0428: juans=1 blocks=22
Generated T14n0429: juans=1 blocks=21
Generated T14n0430: juans=1 blocks=16
Generated T14n0431: juans=1 blocks=25
Generated T14n0432: juans=1 blocks=11
Generated T14n0433: juans=1 blocks=80
Generated T14n0434: juans=3 blocks=218
Generated T14n0435: juans=1 blocks=53
Generated T14n0436: juans=1 blocks=13
Generated T14n0437: juans=1 blocks=34
Generated T14n0438: juans=2 blocks=40
Generated T14n0439: juans=1 blocks=8
Generated T14n0440: juans=12 blocks=635
Generated T14n0441: juans=30 blocks=1385
Generated T14n0442: juans=1 blocks=76
Generated T14n0443: juans=8 blocks=369
Generated T14n0444: juans=1 blocks=12
Generated T14n0445: juans=2 blocks=12
Generated T14n0446a: juans=1 blocks=39
Generated T14n0446b: juans=1 blocks=21
Generated T14n0447a: juans=1 blocks=48
Generated T14n0447b: juans=1 blocks=27
Generated T14n0448a: juans=1 blocks=4
Generated T14n0448b: juans=1 blocks=23
Generated T14n0449: juans=1 blocks=52
Generated T14n0450: juans=1 blocks=39
Generated T14n0451: juans=2 blocks=130
Generated T14n0452: juans=1 blocks=28
Generated T14n0453: juans=1 blocks=44
Generated T14n0454: juans=1 blocks=17
Generated T14n0455: juans=1 blocks=9
Generated T14n0456: juans=1 blocks=79
Generated T14n0457: juans=1 blocks=16
Generated T14n0458: juans=1 blocks=133
Generated T14n0459: juans=1 blocks=88
Generated T14n0460: juans=1 blocks=106
Generated T14n0461: juans=2 blocks=244
Generated T14n0462: juans=3 blocks=229
Generated T14n0463: juans=1 blocks=18
Generated T14n0464: juans=1 blocks=62
Generated T14n0465: juans=1 blocks=78
Generated T14n0466: juans=1 blocks=77
Progress 1150/4602 blocks=912170 skipped=1 errors=0
Generated T14n0467: juans=1 blocks=79
Generated T14n0468: juans=2 blocks=315
Generated T14n0469: juans=1 blocks=53
Generated T14n0470: juans=1 blocks=40
Generated T14n0471: juans=1 blocks=38
Generated T14n0472: juans=1 blocks=28
Generated T14n0473: juans=1 blocks=29
Generated T14n0474: juans=2 blocks=282
Generated T14n0475: juans=3 blocks=331
Generated T14n0476: juans=6 blocks=471
Generated T14n0477: juans=1 blocks=83
Generated T14n0478: juans=1 blocks=78
Generated T14n0479: juans=2 blocks=98
Generated T14n0480: juans=2 blocks=103
Generated T14n0481: juans=4 blocks=216
Generated T14n0482: juans=4 blocks=292
Generated T14n0483: juans=1 blocks=28
Generated T14n0484: juans=1 blocks=115
Generated T14n0485: juans=4 blocks=339
Generated T14n0486: juans=1 blocks=14
Generated T14n0487: juans=1 blocks=32
Generated T14n0488: juans=1 blocks=69
Generated T14n0489: juans=20 blocks=643
Generated T14n0490: juans=1 blocks=11
Generated T14n0491: juans=1 blocks=5
Generated T14n0492a: juans=1 blocks=21
Generated T14n0492b: juans=1 blocks=25
Generated T14n0493: juans=1 blocks=14
Generated T14n0494: juans=1 blocks=9
Generated T14n0495: juans=1 blocks=27
Generated T14n0496: juans=1 blocks=28
Generated T14n0497: juans=1 blocks=31
Generated T14n0498: juans=2 blocks=145
Generated T14n0499: juans=1 blocks=26
Generated T14n0500: juans=1 blocks=9
Generated T14n0501: juans=1 blocks=12
Generated T14n0502: juans=1 blocks=8
Generated T14n0503: juans=1 blocks=8
Generated T14n0504: juans=1 blocks=31
Generated T14n0505: juans=1 blocks=21
Generated T14n0506: juans=1 blocks=15
Generated T14n0507: juans=1 blocks=21
Generated T14n0508: juans=1 blocks=42
Generated T14n0509: juans=1 blocks=25
Generated T14n0510: juans=1 blocks=16
Generated T14n0511: juans=1 blocks=49
Generated T14n0512: juans=1 blocks=40
Generated T14n0513: juans=1 blocks=55
Generated T14n0514: juans=1 blocks=14
Generated T14n0515: juans=1 blocks=30
Progress 1200/4602 blocks=916684 skipped=1 errors=0
Generated T14n0516: juans=1 blocks=29
Generated T14n0517: juans=1 blocks=20
Generated T14n0518: juans=1 blocks=29
Generated T14n0519: juans=1 blocks=10
Generated T14n0520: juans=1 blocks=19
Generated T14n0521: juans=1 blocks=11
Generated T14n0522: juans=1 blocks=37
Generated T14n0523: juans=1 blocks=37
Generated T14n0524: juans=1 blocks=41
Generated T14n0525: juans=1 blocks=18
Generated T14n0526: juans=1 blocks=32
Generated T14n0527: juans=1 blocks=28
Generated T14n0528: juans=1 blocks=31
Generated T14n0529: juans=1 blocks=11
Generated T14n0530: juans=1 blocks=48
Generated T14n0531: juans=1 blocks=31
Generated T14n0532: juans=1 blocks=87
Generated T14n0533: juans=1 blocks=22
Generated T14n0534: juans=1 blocks=42
Generated T14n0535: juans=1 blocks=41
Generated T14n0536: juans=1 blocks=26
Generated T14n0537: juans=1 blocks=16
Generated T14n0538: juans=1 blocks=15
Generated T14n0539: juans=1 blocks=61
Generated T14n0540a: juans=1 blocks=15
Generated T14n0540b: juans=1 blocks=11
Generated T14n0541: juans=1 blocks=40
Generated T14n0542: juans=1 blocks=14
Generated T14n0543: juans=3 blocks=76
Generated T14n0544: juans=1 blocks=50
Generated T14n0545: juans=2 blocks=81
Generated T14n0546: juans=1 blocks=41
Generated T14n0547: juans=1 blocks=7
Generated T14n0548: juans=1 blocks=17
Generated T14n0549: juans=4 blocks=186
Generated T14n0550: juans=12 blocks=318
Generated T14n0551: juans=1 blocks=21
Generated T14n0552: juans=1 blocks=20
Generated T14n0553: juans=1 blocks=97
Generated T14n0554: juans=1 blocks=82
Generated T14n0555a: juans=1 blocks=13
Generated T14n0555b: juans=1 blocks=11
Generated T14n0556: juans=1 blocks=45
Generated T14n0557: juans=1 blocks=18
Generated T14n0558: juans=1 blocks=11
Generated T14n0559: juans=1 blocks=14
Generated T14n0560: juans=1 blocks=7
Generated T14n0561: juans=1 blocks=17
Generated T14n0562: juans=1 blocks=20
Generated T14n0563: juans=1 blocks=28
Progress 1250/4602 blocks=918686 skipped=1 errors=0
Generated T14n0564: juans=1 blocks=156
Generated T14n0565: juans=2 blocks=239
Generated T14n0566: juans=1 blocks=241
Generated T14n0567: juans=1 blocks=48
Generated T14n0568: juans=1 blocks=32
Generated T14n0569: juans=1 blocks=21
Generated T14n0570: juans=1 blocks=17
Generated T14n0571: juans=1 blocks=10
Generated T14n0572: juans=1 blocks=21
Generated T14n0573: juans=1 blocks=18
Generated T14n0574: juans=1 blocks=50
Generated T14n0575: juans=1 blocks=10
Generated T14n0576: juans=1 blocks=11
Generated T14n0577: juans=1 blocks=12
Generated T14n0578: juans=1 blocks=25
Generated T14n0579: juans=2 blocks=169
Generated T14n0580: juans=1 blocks=85
Generated T14n0581: juans=1 blocks=33
Generated T14n0582: juans=1 blocks=20
Generated T14n0583: juans=1 blocks=35
Generated T14n0584: juans=1 blocks=32
Generated T15n0585: juans=4 blocks=625
Generated T15n0586: juans=4 blocks=791
Generated T15n0587: juans=6 blocks=878
Generated T15n0588: juans=4 blocks=431
Generated T15n0589: juans=1 blocks=215
Generated T15n0590: juans=1 blocks=11
Generated T15n0591: juans=1 blocks=193
Generated T15n0592: juans=1 blocks=39
Generated T15n0593: juans=1 blocks=25
Generated T15n0594: juans=1 blocks=25
Generated T15n0595: juans=1 blocks=21
Generated T15n0596: juans=1 blocks=8
Generated T15n0597: juans=1 blocks=27
Generated T15n0598: juans=4 blocks=339
Generated T15n0599: juans=1 blocks=5
Generated T15n0600: juans=1 blocks=19
Generated T15n0601: juans=1 blocks=69
Generated T15n0602: juans=2 blocks=108
Generated T15n0603: juans=2 blocks=175
Generated T15n0604: juans=1 blocks=7
Generated T15n0605: juans=1 blocks=5
Generated T15n0606: juans=7 blocks=699
Generated T15n0607: juans=1 blocks=59
Generated T15n0608: juans=1 blocks=16
Generated T15n0609: juans=1 blocks=7
Generated T15n0610: juans=1 blocks=2
Generated T15n0611: juans=1 blocks=13
Generated T15n0612: juans=1 blocks=9
Generated T15n0613: juans=3 blocks=142
Progress 1300/4602 blocks=924934 skipped=1 errors=0
Generated T15n0614: juans=2 blocks=203
Generated T15n0615: juans=1 blocks=3
Generated T15n0616: juans=2 blocks=217
Generated T15n0617: juans=1 blocks=13
Generated T15n0618: juans=2 blocks=90
Generated T15n0619: juans=1 blocks=93
Generated T15n0620: juans=2 blocks=159
Generated T15n0621: juans=1 blocks=11
Generated T15n0622: juans=1 blocks=21
Generated T15n0623: juans=1 blocks=16
Generated T15n0624: juans=3 blocks=379
Generated T15n0625: juans=4 blocks=244
Generated T15n0626: juans=2 blocks=110
Generated T15n0627: juans=3 blocks=428
Generated T15n0628: juans=6 blocks=470
Generated T15n0629: juans=1 blocks=29
Generated T15n0630: juans=1 blocks=110
Generated T15n0631: juans=1 blocks=54
Generated T15n0632: juans=1 blocks=58
Generated T15n0633: juans=1 blocks=64
Generated T15n0634: juans=5 blocks=112
Generated T15n0635: juans=4 blocks=284
Generated T15n0636: juans=2 blocks=181
Generated T15n0637: juans=2 blocks=221
Generated T15n0638: juans=2 blocks=285
Generated T15n0639: juans=10 blocks=709
Generated T15n0640: juans=1 blocks=29
Generated T15n0641: juans=1 blocks=103
Generated T15n0642: juans=2 blocks=305
Generated T15n0643: juans=10 blocks=484
Generated T15n0644: juans=1 blocks=18
Generated T15n0645: juans=1 blocks=72
Generated T15n0646: juans=1 blocks=69
Generated T15n0647: juans=3 blocks=235
Generated T15n0648: juans=1 blocks=22
Generated T15n0649: juans=4 blocks=213
Generated T15n0650: juans=2 blocks=199
Generated T15n0651: juans=3 blocks=231
Generated T15n0652: juans=3 blocks=166
Generated T15n0653: juans=3 blocks=279
Generated T15n0654: juans=1 blocks=16
Generated T15n0655: juans=1 blocks=6
Generated T16n0656: juans=14 blocks=2164
Generated T16n0657: juans=10 blocks=1285
Generated T16n0658: juans=7 blocks=600
Generated T16n0659: juans=7 blocks=843
Generated T16n0660: juans=10 blocks=557
Generated T16n0661: juans=1 blocks=9
Generated T16n0662: juans=1 blocks=30
Generated T16n0663: juans=4 blocks=146
Progress 1350/4602 blocks=937579 skipped=1 errors=0
Generated T16n0664: juans=8 blocks=471
Generated T16n0665: juans=10 blocks=434
Generated T16n0666: juans=1 blocks=42
Generated T16n0667: juans=1 blocks=55
Generated T16n0668: juans=1 blocks=26
Generated T16n0669: juans=2 blocks=60
Generated T16n0670: juans=4 blocks=389
Generated T16n0671: juans=10 blocks=441
Generated T16n0672: juans=7 blocks=389
Generated T16n0673: juans=2 blocks=219
Generated T16n0674: juans=2 blocks=228
Generated T16n0675: juans=5 blocks=494
Generated T16n0676: juans=5 blocks=414
Generated T16n0677: juans=1 blocks=60
Generated T16n0678: juans=1 blocks=84
Generated T16n0679: juans=1 blocks=46
Generated T16n0680: juans=1 blocks=56
Generated T16n0681: juans=3 blocks=89
Generated T16n0682: juans=3 blocks=38
Generated T16n0683: juans=1 blocks=37
Generated T16n0684: juans=1 blocks=4
Generated T16n0685: juans=1 blocks=9
Generated T16n0686: juans=1 blocks=6
Generated T16n0687: juans=1 blocks=7
Generated T16n0688: juans=1 blocks=22
Generated T16n0689: juans=1 blocks=21
Generated T16n0690: juans=1 blocks=33
Generated T16n0691: juans=1 blocks=36
Generated T16n0692: juans=1 blocks=22
Generated T16n0693: juans=1 blocks=31
Generated T16n0694: juans=2 blocks=80
Generated T16n0695: juans=1 blocks=10
Generated T16n0696: juans=1 blocks=16
Generated T16n0697: juans=1 blocks=19
Generated T16n0698: juans=1 blocks=20
Generated T16n0699: juans=1 blocks=11
Generated T16n0700: juans=1 blocks=7
Generated T16n0701: juans=1 blocks=14
Generated T16n0702: juans=1 blocks=45
Generated T16n0703: juans=1 blocks=18
Generated T16n0704: juans=1 blocks=18
Generated T16n0705: juans=1 blocks=45
Generated T16n0706: juans=1 blocks=3
Generated T16n0707: juans=1 blocks=20
Generated T16n0708: juans=1 blocks=13
Generated T16n0709: juans=1 blocks=8
Generated T16n0710: juans=1 blocks=18
Generated T16n0711: juans=1 blocks=25
Generated T16n0712: juans=1 blocks=21
Generated T16n0713: juans=1 blocks=29
Progress 1400/4602 blocks=942282 skipped=1 errors=0
Generated T16n0714: juans=1 blocks=28
Generated T16n0715: juans=1 blocks=28
Generated T16n0716: juans=2 blocks=247
Generated T16n0717: juans=2 blocks=233
Generated T16n0718: juans=1 blocks=7
Generated T16n0719: juans=2 blocks=205
Generated T16n0720: juans=3 blocks=51
Generated T17n0721: juans=70 blocks=2762
Generated T17n0722: juans=8 blocks=270
Generated T17n0723: juans=1 blocks=1
Generated T17n0724: juans=1 blocks=53
Generated T17n0725: juans=1 blocks=11
Generated T17n0726: juans=1 blocks=11
Generated T17n0727: juans=1 blocks=13
Generated T17n0728: juans=1 blocks=43
Generated T17n0729: juans=1 blocks=29
Generated T17n0730: juans=1 blocks=71
Generated T17n0731: juans=1 blocks=25
Generated T17n0732: juans=1 blocks=75
Generated T17n0733: juans=1 blocks=6
Generated T17n0734: juans=1 blocks=38
Generated T17n0735: juans=1 blocks=22
Generated T17n0736: juans=1 blocks=13
Generated T17n0737: juans=1 blocks=36
Generated T17n0738: juans=1 blocks=43
Generated T17n0739: juans=1 blocks=6
Generated T17n0740: juans=1 blocks=7
Generated T17n0741: juans=1 blocks=35
Generated T17n0742: juans=1 blocks=28
Generated T17n0743: juans=1 blocks=27
Generated T17n0744: juans=1 blocks=71
Generated T17n0745: juans=1 blocks=57
Generated T17n0746: juans=1 blocks=76
Generated T17n0747a: juans=1 blocks=15
Generated T17n0747b: juans=1 blocks=20
Generated T17n0748: juans=1 blocks=10
Generated T17n0749: juans=1 blocks=169
Generated T17n0750: juans=1 blocks=11
Generated T17n0751a: juans=1 blocks=28
Generated T17n0751b: juans=1 blocks=25
Generated T17n0752: juans=1 blocks=25
Generated T17n0753: juans=1 blocks=5
Generated T17n0754: juans=2 blocks=169
Generated T17n0755: juans=1 blocks=24
Generated T17n0756: juans=1 blocks=16
Generated T17n0757: juans=3 blocks=70
Generated T17n0758: juans=1 blocks=8
Generated T17n0759: juans=1 blocks=53
Generated T17n0760: juans=1 blocks=125
Generated T17n0761: juans=6 blocks=614
Progress 1450/4602 blocks=948297 skipped=1 errors=0
Generated T17n0762: juans=1 blocks=88
Generated T17n0763: juans=3 blocks=136
Generated T17n0764: juans=1 blocks=60
Generated T17n0765: juans=7 blocks=380
Generated T17n0766: juans=1 blocks=10
Generated T17n0767: juans=1 blocks=16
Generated T17n0768: juans=1 blocks=79
Generated T17n0769: juans=1 blocks=9
Generated T17n0770: juans=1 blocks=17
Generated T17n0771: juans=1 blocks=11
Generated T17n0772: juans=1 blocks=7
Generated T17n0773: juans=1 blocks=6
Generated T17n0774: juans=1 blocks=83
Generated T17n0775: juans=1 blocks=13
Generated T17n0776: juans=1 blocks=41
Generated T17n0777: juans=1 blocks=8
Generated T17n0778: juans=1 blocks=25
Generated T17n0779: juans=1 blocks=11
Generated T17n0780: juans=1 blocks=31
Generated T17n0781: juans=1 blocks=13
Generated T17n0782: juans=1 blocks=23
Generated T17n0783: juans=1 blocks=28
Generated T17n0784: juans=1 blocks=51
Generated T17n0785: juans=1 blocks=31
Generated T17n0786: juans=1 blocks=7
Generated T17n0787: juans=1 blocks=7
Generated T17n0788: juans=1 blocks=4
Generated T17n0789: juans=1 blocks=5
Generated T17n0790: juans=1 blocks=87
Generated T17n0791: juans=1 blocks=8
Generated T17n0792: juans=1 blocks=6
Generated T17n0793: juans=1 blocks=12
Generated T17n0794a: juans=1 blocks=13
Generated T17n0794b: juans=1 blocks=61
Generated T17n0795: juans=1 blocks=15
Generated T17n0796: juans=1 blocks=48
Generated T17n0797a: juans=1 blocks=22
Generated T17n0797b: juans=1 blocks=20
Generated T17n0798: juans=1 blocks=6
Generated T17n0799: juans=1 blocks=6
Generated T17n0800: juans=1 blocks=9
Generated T17n0801: juans=1 blocks=15
Generated T17n0802: juans=1 blocks=27
Generated T17n0803: juans=1 blocks=6
Generated T17n0804: juans=1 blocks=11
Generated T17n0805: juans=1 blocks=11
Generated T17n0806: juans=1 blocks=5
Generated T17n0807: juans=1 blocks=92
Generated T17n0808: juans=1 blocks=16
Generated T17n0809: juans=1 blocks=41
Progress 1500/4602 blocks=950034 skipped=1 errors=0
Generated T17n0810: juans=2 blocks=291
Generated T17n0811: juans=1 blocks=34
Generated T17n0812: juans=1 blocks=57
Generated T17n0813: juans=1 blocks=108
Generated T17n0814: juans=1 blocks=90
Generated T17n0815: juans=3 blocks=185
Generated T17n0816: juans=4 blocks=204
Generated T17n0817: juans=1 blocks=174
Generated T17n0818: juans=2 blocks=184
Generated T17n0819: juans=1 blocks=8
Generated T17n0820: juans=1 blocks=75
Generated T17n0821: juans=2 blocks=151
Generated T17n0822: juans=1 blocks=90
Generated T17n0823: juans=1 blocks=126
Generated T17n0824: juans=1 blocks=109
Generated T17n0825: juans=1 blocks=20
Generated T17n0826: juans=1 blocks=25
Generated T17n0827: juans=1 blocks=13
Generated T17n0828: juans=1 blocks=26
Generated T17n0829: juans=1 blocks=17
Generated T17n0830: juans=1 blocks=22
Generated T17n0831: juans=1 blocks=34
Generated T17n0832: juans=1 blocks=14
Generated T17n0833: juans=1 blocks=83
Generated T17n0834: juans=1 blocks=82
Generated T17n0835: juans=1 blocks=35
Generated T17n0836: juans=1 blocks=28
Generated T17n0837: juans=1 blocks=62
Generated T17n0838: juans=2 blocks=45
Generated T17n0839: juans=2 blocks=78
Generated T17n0840: juans=1 blocks=14
Generated T17n0841: juans=1 blocks=14
Generated T17n0842: juans=1 blocks=123
Generated T17n0843: juans=3 blocks=153
Generated T17n0844: juans=1 blocks=54
Generated T17n0845: juans=1 blocks=28
Generated T17n0846: juans=1 blocks=20
Generated T17n0847: juans=3 blocks=553
Generated T18n0848: juans=7 blocks=939
Generated T18n0849: juans=1 blocks=226
Generated T18n0850: juans=3 blocks=478
Generated T18n0851: juans=3 blocks=601
Generated T18n0852a: juans=2 blocks=527
Generated T18n0852b: juans=2 blocks=525
Generated T18n0853: juans=3 blocks=570
Generated T18n0854: juans=2 blocks=542
Generated T18n0855: juans=1 blocks=314
Generated T18n0856: juans=1 blocks=22
Generated T18n0857: juans=1 blocks=16
Generated T18n0858: juans=1 blocks=23
Progress 1550/4602 blocks=958246 skipped=1 errors=0
Generated T18n0859: juans=1 blocks=66
Generated T18n0860: juans=1 blocks=168
Generated T18n0861: juans=1 blocks=43
Generated T18n0862: juans=1 blocks=100
Generated T18n0863: juans=1 blocks=29
Generated T18n0864A: juans=1 blocks=173
Generated T18n0864B: juans=1 blocks=239
Generated T18n0865: juans=3 blocks=343
Generated T18n0866: juans=4 blocks=900
Generated T18n0867: juans=2 blocks=277
Generated T18n0868: juans=3 blocks=246
Generated T18n0869: juans=1 blocks=51
Generated T18n0870: juans=1 blocks=36
Generated T18n0871: juans=1 blocks=123
Generated T18n0872: juans=1 blocks=18
Generated T18n0873: juans=1 blocks=299
Generated T18n0874: juans=2 blocks=383
Generated T18n0875: juans=1 blocks=277
Generated T18n0876: juans=1 blocks=133
Generated T18n0877: juans=1 blocks=119
Generated T18n0878: juans=1 blocks=51
Generated T18n0879: juans=1 blocks=40
Generated T18n0880: juans=1 blocks=50
Generated T18n0881: juans=1 blocks=46
Generated T18n0882: juans=30 blocks=3649
Generated T18n0883: juans=4 blocks=423
Generated T18n0884: juans=3 blocks=148
Generated T18n0885: juans=7 blocks=647
Generated T18n0886: juans=1 blocks=50
Generated T18n0887: juans=6 blocks=322
Generated T18n0888: juans=2 blocks=14
Generated T18n0889: juans=5 blocks=307
Generated T18n0890: juans=5 blocks=442
Generated T18n0891: juans=1 blocks=46
Generated T18n0892: juans=5 blocks=308
Generated T18n0893a: juans=3 blocks=590
Generated T18n0893b: juans=3 blocks=584
Generated T18n0893c: juans=3 blocks=647
Generated T18n0894a: juans=3 blocks=420
Generated T18n0894b: juans=2 blocks=428
Generated T18n0895a: juans=3 blocks=198
Generated T18n0895b: juans=2 blocks=65
Generated T18n0896: juans=4 blocks=114
Generated T18n0897: juans=3 blocks=209
Generated T18n0898: juans=1 blocks=45
Generated T18n0899: juans=1 blocks=71
Generated T18n0900: juans=1 blocks=54
Generated T18n0901: juans=12 blocks=2382
Generated T18n0902: juans=1 blocks=5
Generated T18n0903: juans=1 blocks=25
Progress 1600/4602 blocks=974649 skipped=1 errors=0
Generated T18n0904: juans=1 blocks=242
Generated T18n0905: juans=1 blocks=26
Generated T18n0906: juans=1 blocks=37
Generated T18n0907: juans=1 blocks=13
Generated T18n0908: juans=1 blocks=65
Generated T18n0909: juans=1 blocks=66
Generated T18n0910: juans=1 blocks=45
Generated T18n0911: juans=1 blocks=53
Generated T18n0912: juans=1 blocks=49
Generated T18n0913: juans=1 blocks=25
Generated T18n0914: juans=1 blocks=95
Generated T18n0915: juans=1 blocks=29
Generated T18n0916: juans=1 blocks=12
Generated T18n0917: juans=1 blocks=67
Generated T19n0918: juans=1 blocks=7
Generated T19n0919: juans=1 blocks=10
Generated T19n0920: juans=2 blocks=122
Generated T19n0921: juans=1 blocks=122
Generated T19n0922: juans=1 blocks=48
Generated T19n0923: juans=1 blocks=139
Generated T19n0924A: juans=1 blocks=35
Generated T19n0924B: juans=1 blocks=7
Generated T19n0924C: juans=1 blocks=116
Generated T19n0925: juans=2 blocks=103
Generated T19n0926: juans=1 blocks=33
Generated T19n0927: juans=1 blocks=215
Generated T19n0928: juans=1 blocks=16
Generated T19n0929: juans=1 blocks=23
Generated T19n0930: juans=1 blocks=74
Generated T19n0931: juans=1 blocks=76
Generated T19n0932: juans=1 blocks=140
Generated T19n0933: juans=1 blocks=6
Generated T19n0934: juans=1 blocks=3
Generated T19n0935: juans=1 blocks=35
Generated T19n0936: juans=1 blocks=62
Generated T19n0937: juans=1 blocks=11
Generated T19n0938: juans=1 blocks=28
Generated T19n0939: juans=2 blocks=279
Generated T19n0940: juans=1 blocks=7
Generated T19n0941: juans=1 blocks=4
Generated T19n0942: juans=1 blocks=9
Generated T19n0943: juans=1 blocks=6
Generated T19n0944A: juans=1 blocks=5
Generated T19n0944B: juans=1 blocks=1
Generated T19n0945: juans=10 blocks=527
Generated T19n0946: juans=4 blocks=463
Generated T19n0947: juans=1 blocks=297
Generated T19n0948: juans=1 blocks=31
Generated T19n0949: juans=1 blocks=77
Generated T19n0950: juans=5 blocks=489
Progress 1650/4602 blocks=979099 skipped=1 errors=0
Generated T19n0951: juans=5 blocks=849
Generated T19n0952: juans=4 blocks=515
Generated T19n0953: juans=3 blocks=280
Generated T19n0954A: juans=1 blocks=94
Generated T19n0954B: juans=1 blocks=91
Generated T19n0955: juans=1 blocks=9
Generated T19n0956: juans=1 blocks=63
Generated T19n0957: juans=1 blocks=38
Generated T19n0958: juans=1 blocks=15
Generated T19n0959: juans=1 blocks=35
Generated T19n0960: juans=1 blocks=2
Generated T19n0961: juans=1 blocks=51
Generated T19n0962: juans=1 blocks=22
Generated T19n0963: juans=1 blocks=4
Generated T19n0964: juans=1 blocks=23
Generated T19n0965: juans=1 blocks=47
Generated T19n0966: juans=1 blocks=49
Generated T19n0967: juans=1 blocks=34
Generated T19n0968: juans=1 blocks=15
Generated T19n0969: juans=1 blocks=24
Generated T19n0970: juans=1 blocks=35
Generated T19n0971: juans=1 blocks=24
Generated T19n0972: juans=1 blocks=61
Generated T19n0973: juans=2 blocks=173
Generated T19n0974A: juans=1 blocks=1
Generated T19n0974B: juans=1 blocks=3
Generated T19n0974C: juans=1 blocks=7
Generated T19n0974D: juans=1 blocks=5
Generated T19n0974E: juans=1 blocks=212
Generated T19n0974F: juans=1 blocks=41
Generated T19n0975: juans=1 blocks=65
Generated T19n0976: juans=1 blocks=22
Generated T19n0977: juans=1 blocks=40
Generated T19n0978: juans=1 blocks=25
Generated T19n0979: juans=1 blocks=1
Generated T19n0980: juans=1 blocks=9
Generated T19n0981: juans=1 blocks=66
Generated T19n0982: juans=3 blocks=200
Generated T19n0983A: juans=1 blocks=48
Generated T19n0983B: juans=1 blocks=18
Generated T19n0984: juans=2 blocks=196
Generated T19n0985: juans=3 blocks=251
Generated T19n0986: juans=1 blocks=23
Generated T19n0987: juans=1 blocks=49
Generated T19n0988: juans=1 blocks=58
Generated T19n0989: juans=2 blocks=86
Generated T19n0990: juans=1 blocks=1
Generated T19n0991: juans=2 blocks=181
Generated T19n0992: juans=1 blocks=154
Generated T19n0993: juans=1 blocks=120
Progress 1700/4602 blocks=983534 skipped=1 errors=0
Generated T19n0994: juans=1 blocks=46
Generated T19n0995: juans=1 blocks=32
Generated T19n0996: juans=1 blocks=36
Generated T19n0997: juans=10 blocks=742
Generated T19n0998: juans=1 blocks=7
Generated T19n0999: juans=3 blocks=131
Generated T19n1000: juans=1 blocks=115
Generated T19n1001: juans=1 blocks=96
Generated T19n1002: juans=1 blocks=4
Generated T19n1003: juans=2 blocks=70
Generated T19n1004: juans=1 blocks=18
Generated T19n1005A: juans=3 blocks=211
Generated T19n1005B: juans=1 blocks=114
Generated T19n1006: juans=3 blocks=419
Generated T19n1007: juans=1 blocks=204
Generated T19n1008: juans=1 blocks=122
Generated T19n1009: juans=1 blocks=38
Generated T19n1010: juans=1 blocks=5
Generated T19n1011: juans=1 blocks=12
Generated T19n1012: juans=1 blocks=16
Generated T19n1013: juans=1 blocks=25
Generated T19n1014: juans=1 blocks=27
Generated T19n1015: juans=1 blocks=25
Generated T19n1016: juans=1 blocks=20
Generated T19n1017: juans=1 blocks=28
Generated T19n1018: juans=1 blocks=27
Generated T19n1019: juans=1 blocks=45
Generated T19n1020: juans=1 blocks=3
Generated T19n1021: juans=1 blocks=4
Generated T19n1022A: juans=1 blocks=11
Generated T19n1022B: juans=1 blocks=10
Generated T19n1023: juans=1 blocks=6
Generated T19n1024: juans=1 blocks=27
Generated T19n1025: juans=2 blocks=32
Generated T19n1026: juans=1 blocks=34
Generated T19n1027a: juans=1 blocks=45
Generated T19n1027b: juans=1 blocks=47
Generated T19n1028A: juans=1 blocks=42
Generated T19n1028B: juans=1 blocks=30
Generated T19n1029: juans=1 blocks=6
Generated T20n1030: juans=1 blocks=82
Generated T20n1031: juans=1 blocks=33
Generated T20n1032: juans=1 blocks=74
Generated T20n1033: juans=1 blocks=263
Generated T20n1034: juans=1 blocks=6
Generated T20n1035: juans=1 blocks=5
Generated T20n1036: juans=1 blocks=17
Generated T20n1037: juans=1 blocks=15
Generated T20n1038: juans=1 blocks=12
Generated T20n1039: juans=1 blocks=197
Progress 1750/4602 blocks=987170 skipped=1 errors=0
Generated T20n1040: juans=1 blocks=21
Generated T20n1041: juans=1 blocks=27
Generated T20n1042: juans=1 blocks=11
Generated T20n1043: juans=1 blocks=18
Generated T20n1044: juans=1 blocks=17
Generated T20n1045a: juans=1 blocks=24
Generated T20n1045b: juans=1 blocks=22
Generated T20n1046: juans=1 blocks=6
Generated T20n1047: juans=1 blocks=9
Generated T20n1048: juans=1 blocks=19
Generated T20n1049: juans=1 blocks=7
Generated T20n1050: juans=4 blocks=57
Generated T20n1051: juans=1 blocks=68
Generated T20n1052: juans=1 blocks=2
Generated T20n1053: juans=1 blocks=1
Generated T20n1054: juans=1 blocks=5
Generated T20n1055: juans=1 blocks=10
Generated T20n1056: juans=2 blocks=218
Generated T20n1057a: juans=2 blocks=65
Generated T20n1057b: juans=2 blocks=57
Generated T20n1058: juans=1 blocks=59
Generated T20n1059: juans=1 blocks=49
Generated T20n1060: juans=1 blocks=140
Generated T20n1061: juans=1 blocks=2
Generated T20n1062A: juans=1 blocks=1
Generated T20n1062B: juans=1 blocks=1
Generated T20n1063: juans=1 blocks=1
Generated T20n1064: juans=1 blocks=94
Generated T20n1065: juans=1 blocks=108
Generated T20n1066: juans=1 blocks=70
Generated T20n1067: juans=1 blocks=253
Generated T20n1068: juans=1 blocks=90
Generated T20n1069: juans=3 blocks=192
Generated T20n1070: juans=1 blocks=28
Generated T20n1071: juans=1 blocks=40
Generated T20n1072A: juans=2 blocks=316
Generated T20n1072B: juans=1 blocks=2
Generated T20n1073: juans=1 blocks=11
Generated T20n1074: juans=1 blocks=22
Generated T20n1075: juans=1 blocks=160
Generated T20n1076: juans=1 blocks=181
Generated T20n1077: juans=1 blocks=14
Generated T20n1078: juans=1 blocks=16
Generated T20n1079: juans=1 blocks=18
Generated T20n1080: juans=1 blocks=102
Generated T20n1081: juans=1 blocks=8
Generated T20n1082: juans=1 blocks=25
Generated T20n1083: juans=1 blocks=18
Generated T20n1084: juans=1 blocks=31
Generated T20n1085: juans=1 blocks=72
Progress 1800/4602 blocks=989958 skipped=1 errors=0
Generated T20n1086: juans=1 blocks=99
Generated T20n1087: juans=1 blocks=96
Generated T20n1088: juans=1 blocks=42
Generated T20n1089: juans=1 blocks=38
Generated T20n1090: juans=1 blocks=74
Generated T20n1091: juans=1 blocks=16
Generated T20n1092: juans=30 blocks=1618
Generated T20n1093: juans=1 blocks=15
Generated T20n1094: juans=1 blocks=47
Generated T20n1095: juans=1 blocks=4
Generated T20n1096: juans=1 blocks=182
Generated T20n1097: juans=3 blocks=101
Generated T20n1098: juans=2 blocks=193
Generated T20n1099: juans=1 blocks=29
Generated T20n1100: juans=1 blocks=80
Generated T20n1101: juans=1 blocks=21
Generated T20n1102: juans=1 blocks=142
Generated T20n1103a: juans=1 blocks=156
Generated T20n1103b: juans=1 blocks=190
Generated T20n1104: juans=1 blocks=11
Generated T20n1105: juans=1 blocks=11
Generated T20n1106: juans=1 blocks=3
Generated T20n1107: juans=1 blocks=1
Generated T20n1108A: juans=1 blocks=6
Generated T20n1108B: juans=1 blocks=52
Generated T20n1109: juans=1 blocks=5
Generated T20n1110: juans=1 blocks=48
Generated T20n1111: juans=1 blocks=9
Generated T20n1112: juans=1 blocks=156
Generated T20n1113A: juans=1 blocks=3
Generated T20n1113B: juans=1 blocks=112
Generated T20n1114: juans=1 blocks=3
Generated T20n1115: juans=1 blocks=4
Generated T20n1116: juans=1 blocks=13
Generated T20n1117: juans=1 blocks=7
Generated T20n1118: juans=1 blocks=3
Generated T20n1119: juans=1 blocks=128
Generated T20n1120A: juans=1 blocks=82
Generated T20n1120B: juans=1 blocks=4
Generated T20n1121: juans=1 blocks=7
Generated T20n1122: juans=1 blocks=165
Generated T20n1123: juans=1 blocks=88
Generated T20n1124: juans=1 blocks=119
Generated T20n1125: juans=1 blocks=83
Generated T20n1126: juans=1 blocks=77
Generated T20n1127: juans=1 blocks=5
Generated T20n1128: juans=2 blocks=25
Generated T20n1129: juans=3 blocks=393
Generated T20n1130: juans=1 blocks=7
Generated T20n1131: juans=1 blocks=20
Progress 1850/4602 blocks=994751 skipped=1 errors=0
Generated T20n1132: juans=1 blocks=147
Generated T20n1133: juans=1 blocks=6
Generated T20n1134A: juans=1 blocks=18
Generated T20n1134B: juans=1 blocks=10
Generated T20n1135: juans=1 blocks=15
Generated T20n1136: juans=1 blocks=24
Generated T20n1137: juans=1 blocks=22
Generated T20n1138a: juans=1 blocks=16
Generated T20n1138b: juans=1 blocks=18
Generated T20n1139: juans=1 blocks=53
Generated T20n1140: juans=1 blocks=23
Generated T20n1141: juans=2 blocks=152
Generated T20n1142: juans=1 blocks=1
Generated T20n1143: juans=1 blocks=3
Generated T20n1144: juans=1 blocks=10
Generated T20n1145: juans=1 blocks=4
Generated T20n1146: juans=1 blocks=46
Generated T20n1147: juans=1 blocks=42
Generated T20n1148: juans=1 blocks=1
Generated T20n1149: juans=1 blocks=84
Generated T20n1150: juans=1 blocks=28
Generated T20n1151: juans=1 blocks=107
Generated T20n1152: juans=1 blocks=45
Generated T20n1153: juans=2 blocks=68
Generated T20n1154: juans=1 blocks=38
Generated T20n1155: juans=1 blocks=27
Generated T20n1156A: juans=1 blocks=15
Generated T20n1156B: juans=1 blocks=22
Generated T20n1157: juans=1 blocks=4
Generated T20n1158: juans=1 blocks=17
Generated T20n1159A: juans=1 blocks=7
Generated T20n1159B: juans=1 blocks=17
Generated T20n1160: juans=1 blocks=8
Generated T20n1161: juans=1 blocks=20
Generated T20n1162: juans=1 blocks=22
Generated T20n1163: juans=1 blocks=32
Generated T20n1164: juans=1 blocks=24
Generated T20n1165: juans=1 blocks=55
Generated T20n1166: juans=1 blocks=4
Generated T20n1167: juans=1 blocks=33
Generated T20n1168A: juans=1 blocks=22
Generated T20n1168B: juans=1 blocks=1
Generated T20n1169: juans=4 blocks=332
Generated T20n1170: juans=3 blocks=176
Generated T20n1171: juans=1 blocks=149
Generated T20n1172: juans=1 blocks=9
Generated T20n1173: juans=1 blocks=121
Generated T20n1174: juans=1 blocks=71
Generated T20n1175: juans=1 blocks=212
Generated T20n1176: juans=1 blocks=22
Progress 1900/4602 blocks=997154 skipped=1 errors=0
Generated T20n1177A: juans=10 blocks=173
Generated T20n1177B: juans=1 blocks=1
Generated T20n1178: juans=1 blocks=5
Generated T20n1179: juans=1 blocks=22
Generated T20n1180: juans=1 blocks=3
Generated T20n1181: juans=1 blocks=4
Generated T20n1182: juans=1 blocks=4
Generated T20n1183: juans=1 blocks=30
Generated T20n1184: juans=1 blocks=101
Generated T20n1185A: juans=1 blocks=75
Generated T20n1185B: juans=1 blocks=58
Generated T20n1186: juans=1 blocks=3
Generated T20n1187: juans=2 blocks=23
Generated T20n1188: juans=2 blocks=13
Generated T20n1189: juans=1 blocks=42
Generated T20n1190: juans=1 blocks=54
Generated T20n1191: juans=20 blocks=654
Generated T20n1192: juans=5 blocks=596
Generated T20n1193: juans=1 blocks=126
Generated T20n1194: juans=1 blocks=78
Generated T20n1195: juans=1 blocks=10
Generated T20n1196: juans=1 blocks=1
Generated T20n1197: juans=1 blocks=20
Generated T20n1198: juans=1 blocks=3
Generated T21n1199: juans=1 blocks=108
Generated T21n1200: juans=1 blocks=121
Generated T21n1201: juans=3 blocks=180
Generated T21n1202: juans=1 blocks=74
Generated T21n1203: juans=1 blocks=38
Generated T21n1204: juans=1 blocks=38
Generated T21n1205: juans=1 blocks=95
Generated T21n1206: juans=1 blocks=6
Generated T21n1207: juans=1 blocks=10
Generated T21n1208: juans=1 blocks=36
Generated T21n1209: juans=1 blocks=36
Generated T21n1210: juans=1 blocks=16
Generated T21n1211: juans=1 blocks=104
Generated T21n1212: juans=1 blocks=325
Generated T21n1213: juans=1 blocks=4
Generated T21n1214: juans=1 blocks=83
Generated T21n1215: juans=1 blocks=3
Generated T21n1216: juans=1 blocks=16
Generated T21n1217: juans=3 blocks=155
Generated T21n1218: juans=1 blocks=42
Generated T21n1219: juans=1 blocks=11
Generated T21n1220: juans=1 blocks=29
Generated T21n1221: juans=1 blocks=24
Generated T21n1222a: juans=3 blocks=324
Generated T21n1222b: juans=3 blocks=217
Generated T21n1223: juans=1 blocks=87
Progress 1950/4602 blocks=1001435 skipped=1 errors=0
Generated T21n1224: juans=1 blocks=64
Generated T21n1225: juans=1 blocks=90
Generated T21n1226: juans=1 blocks=43
Generated T21n1227: juans=3 blocks=430
Generated T21n1228: juans=1 blocks=9
Generated T21n1229: juans=1 blocks=24
Generated T21n1230: juans=1 blocks=42
Generated T21n1231: juans=1 blocks=87
Generated T21n1232: juans=1 blocks=52
Generated T21n1233: juans=1 blocks=35
Generated T21n1234: juans=1 blocks=12
Generated T21n1235: juans=1 blocks=3
Generated T21n1236: juans=1 blocks=11
Generated T21n1237: juans=1 blocks=10
Generated T21n1238: juans=1 blocks=148
Generated T21n1239: juans=3 blocks=246
Generated T21n1240: juans=1 blocks=2
Generated T21n1241: juans=1 blocks=1
Generated T21n1242: juans=1 blocks=37
Generated T21n1243: juans=2 blocks=18
Generated T21n1244: juans=1 blocks=17
Generated T21n1245: juans=1 blocks=35
Generated T21n1246: juans=1 blocks=148
Generated T21n1247: juans=1 blocks=14
Generated T21n1248: juans=1 blocks=57
Generated T21n1249: juans=1 blocks=64
Generated T21n1250: juans=1 blocks=45
Generated T21n1251: juans=3 blocks=362
Generated T21n1252a: juans=1 blocks=8
Generated T21n1252b: juans=1 blocks=5
Generated T21n1253: juans=1 blocks=46
Generated T21n1254: juans=1 blocks=76
Generated T21n1255a: juans=1 blocks=13
Generated T21n1255b: juans=1 blocks=18
Generated T21n1256: juans=1 blocks=7
Generated T21n1257: juans=7 blocks=554
Generated T21n1258: juans=1 blocks=9
Generated T21n1259: juans=1 blocks=4
Generated T21n1260: juans=1 blocks=49
Generated T21n1261: juans=1 blocks=21
Generated T21n1262: juans=1 blocks=29
Generated T21n1263: juans=1 blocks=24
Generated T21n1264a: juans=1 blocks=10
Generated T21n1264b: juans=1 blocks=10
Generated T21n1265: juans=1 blocks=37
Generated T21n1266: juans=1 blocks=32
Generated T21n1267: juans=1 blocks=11
Generated T21n1268: juans=1 blocks=74
Generated T21n1269: juans=1 blocks=4
Generated T21n1270: juans=1 blocks=68
Progress 2000/4602 blocks=1004650 skipped=1 errors=0
Generated T21n1271: juans=1 blocks=13
Generated T21n1272: juans=4 blocks=210
Generated T21n1273: juans=1 blocks=24
Generated T21n1274: juans=1 blocks=3
Generated T21n1275: juans=1 blocks=60
Generated T21n1276: juans=1 blocks=123
Generated T21n1277: juans=1 blocks=33
Generated T21n1278: juans=1 blocks=244
Generated T21n1279: juans=1 blocks=9
Generated T21n1280: juans=1 blocks=39
Generated T21n1281: juans=1 blocks=7
Generated T21n1282: juans=1 blocks=20
Generated T21n1283: juans=2 blocks=173
Generated T21n1284: juans=2 blocks=63
Generated T21n1285: juans=1 blocks=6
Generated T21n1286: juans=1 blocks=23
Generated T21n1287: juans=1 blocks=29
Generated T21n1288: juans=3 blocks=156
Generated T21n1289: juans=1 blocks=130
Generated T21n1290: juans=1 blocks=80
Generated T21n1291: juans=1 blocks=22
Generated T21n1292: juans=1 blocks=39
Generated T21n1293: juans=1 blocks=21
Generated T21n1294: juans=1 blocks=35
Generated T21n1295: juans=1 blocks=73
Generated T21n1296: juans=1 blocks=45
Generated T21n1297: juans=1 blocks=1
Generated T21n1298: juans=1 blocks=38
Generated T21n1299: juans=2 blocks=257
Generated T21n1300: juans=2 blocks=45
Generated T21n1301: juans=1 blocks=65
Generated T21n1302: juans=1 blocks=11
Generated T21n1303: juans=1 blocks=7
Generated T21n1304: juans=1 blocks=49
Generated T21n1305: juans=1 blocks=4
Generated T21n1306: juans=1 blocks=9
Generated T21n1307: juans=1 blocks=24
Generated T21n1308: juans=2 blocks=608
Generated T21n1309: juans=1 blocks=39
Generated T21n1310: juans=1 blocks=67
Generated T21n1311: juans=1 blocks=89
Generated T21n1312: juans=1 blocks=16
Generated T21n1313: juans=1 blocks=24
Generated T21n1314: juans=1 blocks=13
Generated T21n1315: juans=1 blocks=40
Generated T21n1316: juans=1 blocks=2
Generated T21n1317: juans=1 blocks=1
Generated T21n1318: juans=1 blocks=64
Generated T21n1319: juans=1 blocks=2
Generated T21n1320: juans=1 blocks=216
Progress 2050/4602 blocks=1008021 skipped=1 errors=0
Generated T21n1321: juans=1 blocks=42
Generated T21n1322: juans=1 blocks=19
Generated T21n1323: juans=1 blocks=5
Generated T21n1324: juans=1 blocks=7
Generated T21n1325: juans=1 blocks=12
Generated T21n1326: juans=1 blocks=3
Generated T21n1327: juans=1 blocks=1
Generated T21n1328: juans=1 blocks=2
Generated T21n1329: juans=1 blocks=3
Generated T21n1330: juans=1 blocks=38
Generated T21n1331: juans=12 blocks=1030
Generated T21n1332: juans=4 blocks=370
Generated T21n1333: juans=1 blocks=35
Generated T21n1334: juans=1 blocks=27
Generated T21n1335: juans=4 blocks=154
Generated T21n1336: juans=10 blocks=969
Generated T21n1337: juans=1 blocks=43
Generated T21n1338: juans=1 blocks=6
Generated T21n1339: juans=4 blocks=113
Generated T21n1340: juans=20 blocks=291
Generated T21n1341: juans=20 blocks=229
Generated T21n1342: juans=1 blocks=15
Generated T21n1343: juans=1 blocks=40
Generated T21n1344: juans=1 blocks=33
Generated T21n1345: juans=1 blocks=22
Generated T21n1346: juans=1 blocks=17
Generated T21n1347: juans=1 blocks=17
Generated T21n1348: juans=1 blocks=20
Generated T21n1349: juans=1 blocks=18
Generated T21n1350: juans=1 blocks=7
Generated T21n1351: juans=1 blocks=12
Generated T21n1352: juans=1 blocks=10
Generated T21n1353: juans=1 blocks=34
Generated T21n1354: juans=1 blocks=41
Generated T21n1355: juans=1 blocks=26
Generated T21n1356: juans=1 blocks=4
Generated T21n1357: juans=1 blocks=4
Generated T21n1358: juans=1 blocks=6
Generated T21n1359: juans=1 blocks=9
Generated T21n1360: juans=1 blocks=5
Generated T21n1361: juans=1 blocks=35
Generated T21n1362: juans=1 blocks=12
Generated T21n1363: juans=1 blocks=7
Generated T21n1364: juans=1 blocks=4
Generated T21n1365: juans=1 blocks=7
Generated T21n1366: juans=1 blocks=8
Generated T21n1367: juans=1 blocks=21
Generated T21n1368: juans=1 blocks=4
Generated T21n1369a: juans=1 blocks=9
Generated T21n1369b: juans=1 blocks=8
Progress 2100/4602 blocks=1011875 skipped=1 errors=0
Generated T21n1370: juans=1 blocks=33
Generated T21n1371: juans=1 blocks=20
Generated T21n1372: juans=1 blocks=5
Generated T21n1373: juans=1 blocks=9
Generated T21n1374: juans=1 blocks=39
Generated T21n1375: juans=1 blocks=17
Generated T21n1376: juans=2 blocks=53
Generated T21n1377: juans=1 blocks=50
Generated T21n1378a: juans=1 blocks=7
Generated T21n1378b: juans=1 blocks=4
Generated T21n1379: juans=1 blocks=6
Generated T21n1380: juans=1 blocks=12
Generated T21n1381: juans=1 blocks=6
Generated T21n1382: juans=1 blocks=1
Generated T21n1383: juans=1 blocks=4
Generated T21n1384: juans=1 blocks=3
Generated T21n1385: juans=1 blocks=4
Generated T21n1386: juans=1 blocks=3
Generated T21n1387: juans=1 blocks=3
Generated T21n1388: juans=1 blocks=4
Generated T21n1389: juans=1 blocks=1
Generated T21n1390: juans=1 blocks=3
Generated T21n1391: juans=1 blocks=3
Generated T21n1392: juans=1 blocks=11
Generated T21n1393: juans=1 blocks=9
Generated T21n1394: juans=1 blocks=17
Generated T21n1395: juans=1 blocks=9
Generated T21n1396: juans=1 blocks=5
Generated T21n1397: juans=1 blocks=6
Generated T21n1398: juans=1 blocks=10
Generated T21n1399: juans=1 blocks=3
Generated T21n1400: juans=1 blocks=4
Generated T21n1401: juans=1 blocks=3
Generated T21n1402: juans=1 blocks=27
Generated T21n1403: juans=1 blocks=21
Generated T21n1404: juans=1 blocks=5
Generated T21n1405: juans=1 blocks=7
Generated T21n1406: juans=1 blocks=6
Generated T21n1407: juans=1 blocks=3
Generated T21n1408: juans=1 blocks=7
Generated T21n1409: juans=1 blocks=7
Generated T21n1410: juans=1 blocks=10
Generated T21n1411: juans=1 blocks=2
Generated T21n1412: juans=1 blocks=2
Generated T21n1413: juans=1 blocks=15
Generated T21n1414: juans=1 blocks=10
Generated T21n1415: juans=1 blocks=4
Generated T21n1416: juans=1 blocks=1
Generated T21n1417: juans=1 blocks=4
Generated T21n1418: juans=1 blocks=67
Progress 2150/4602 blocks=1012440 skipped=1 errors=0
Generated T21n1419: juans=1 blocks=116
Generated T21n1420: juans=2 blocks=164
Generated T22n1421: juans=30 blocks=4296
Generated T22n1422a: juans=1 blocks=295
Generated T22n1422b: juans=1 blocks=293
Generated T22n1423: juans=1 blocks=412
Generated T22n1424: juans=1 blocks=353
Generated T22n1425: juans=40 blocks=3498
Generated T22n1426: juans=1 blocks=283
Generated T22n1427: juans=1 blocks=421
Generated T22n1428: juans=60 blocks=5080
Generated T22n1429: juans=1 blocks=298
Generated T22n1430: juans=1 blocks=288
Generated T22n1431: juans=1 blocks=406
Generated T22n1432: juans=1 blocks=296
Generated T22n1433: juans=1 blocks=338
Generated T22n1434: juans=1 blocks=149
Generated T23n1435: juans=61 blocks=5378
Generated T23n1436: juans=1 blocks=300
Generated T23n1437: juans=1 blocks=387
Generated T23n1438: juans=1 blocks=140
Generated T23n1439: juans=1 blocks=131
Generated T23n1440: juans=9 blocks=679
Generated T23n1441: juans=10 blocks=1420
Generated T23n1442: juans=50 blocks=2682
Generated T23n1443: juans=20 blocks=1882
Generated T23n1444: juans=4 blocks=151
Generated T23n1445: juans=1 blocks=53
Generated T23n1446: juans=1 blocks=37
Generated T23n1447: juans=2 blocks=51
Generated T24n1448: juans=18 blocks=660
Generated T24n1449: juans=1 blocks=18
Generated T24n1450: juans=20 blocks=758
Generated T24n1451: juans=40 blocks=1613
Generated T24n1452: juans=10 blocks=457
Generated T24n1453: juans=10 blocks=484
Generated T24n1454: juans=1 blocks=263
Generated T24n1455: juans=1 blocks=378
Generated T24n1456: juans=1 blocks=216
Generated T24n1457: juans=1 blocks=59
Generated T24n1458: juans=14 blocks=797
Generated T24n1459: juans=3 blocks=289
Generated T24n1460: juans=1 blocks=283
Generated T24n1461: juans=1 blocks=135
Generated T24n1462: juans=18 blocks=1755
Generated T24n1463: juans=8 blocks=445
Generated T24n1464: juans=10 blocks=219
Generated T24n1465: juans=1 blocks=44
Generated T24n1466: juans=1 blocks=226
Generated T24n1467a: juans=1 blocks=13
Progress 2200/4602 blocks=1051829 skipped=1 errors=0
Generated T24n1467b: juans=1 blocks=13
Generated T24n1468: juans=1 blocks=15
Generated T24n1469: juans=1 blocks=9
Generated T24n1470: juans=2 blocks=210
Generated T24n1471: juans=1 blocks=115
Generated T24n1472: juans=1 blocks=52
Generated T24n1473: juans=1 blocks=1
Generated T24n1474: juans=1 blocks=15
Generated T24n1475: juans=1 blocks=41
Generated T24n1476: juans=1 blocks=76
Generated T24n1477: juans=1 blocks=16
Generated T24n1478: juans=2 blocks=121
Generated T24n1479: juans=1 blocks=14
Generated T24n1480: juans=1 blocks=14
Generated T24n1481: juans=1 blocks=8
Generated T24n1482: juans=2 blocks=119
Generated T24n1483a: juans=1 blocks=372
Generated T24n1483b: juans=2 blocks=369
Generated T24n1484: juans=2 blocks=130
Generated T24n1485: juans=2 blocks=156
Generated T24n1486: juans=1 blocks=82
Generated T24n1487: juans=1 blocks=106
Generated T24n1488: juans=7 blocks=584
Generated T24n1489: juans=1 blocks=177
Generated T24n1490: juans=1 blocks=170
Generated T24n1491: juans=1 blocks=29
Generated T24n1492: juans=1 blocks=12
Generated T24n1493: juans=1 blocks=37
Generated T24n1494: juans=1 blocks=74
Generated T24n1495: juans=1 blocks=26
Generated T24n1496: juans=1 blocks=13
Generated T24n1497: juans=1 blocks=6
Generated T24n1498: juans=1 blocks=4
Generated T24n1499: juans=1 blocks=16
Generated T24n1500: juans=1 blocks=56
Generated T24n1501: juans=1 blocks=72
Generated T24n1502: juans=1 blocks=7
Generated T24n1503: juans=1 blocks=61
Generated T24n1504: juans=1 blocks=5
Generated T25n1505: juans=2 blocks=431
Generated T25n1506: juans=3 blocks=465
Generated T25n1507: juans=5 blocks=128
Generated T25n1508: juans=1 blocks=24
Generated T25n1509: juans=100 blocks=23076
Generated T25n1510a: juans=2 blocks=117
Generated T25n1510b: juans=3 blocks=293
Generated T25n1511: juans=3 blocks=243
Generated T25n1512: juans=10 blocks=342
Generated T25n1513: juans=3 blocks=191
Generated T25n1514: juans=1 blocks=1
Progress 2250/4602 blocks=1080543 skipped=1 errors=0
Generated T25n1515: juans=2 blocks=41
Generated T25n1516: juans=2 blocks=56
Generated T25n1517: juans=4 blocks=136
Generated T25n1518: juans=1 blocks=2
Generated T26n1519: juans=2 blocks=83
Generated T26n1520: juans=1 blocks=24
Generated T26n1521: juans=17 blocks=4242
Generated T26n1522: juans=12 blocks=521
Generated T26n1523: juans=4 blocks=159
Generated T26n1524: juans=1 blocks=19
Generated T26n1525: juans=9 blocks=646
Generated T26n1526: juans=1 blocks=33
Generated T26n1527: juans=1 blocks=20
Generated T26n1528: juans=1 blocks=9
Generated T26n1529: juans=1 blocks=61
Generated T26n1530: juans=7 blocks=341
Generated T26n1531: juans=2 blocks=58
Generated T26n1532: juans=4 blocks=83
Generated T26n1533: juans=1 blocks=41
Generated T26n1534: juans=1 blocks=47
Generated T26n1535: juans=1 blocks=5
Generated T26n1536: juans=20 blocks=354
Generated T26n1537: juans=12 blocks=314
Generated T26n1538: juans=7 blocks=270
Generated T26n1539: juans=16 blocks=165
Generated T26n1540: juans=3 blocks=63
Generated T26n1541: juans=12 blocks=953
Generated T26n1542: juans=18 blocks=228
Generated T26n1543: juans=30 blocks=466
Generated T26n1544: juans=20 blocks=10451
Generated T27n1545: juans=200 blocks=2374
Generated T28n1546: juans=60 blocks=5921
Generated T28n1547: juans=14 blocks=1823
Generated T28n1548: juans=30 blocks=1643
Generated T28n1549: juans=10 blocks=551
Generated T28n1550: juans=4 blocks=515
Generated T28n1551: juans=6 blocks=518
Generated T28n1552: juans=11 blocks=1206
Generated T28n1553: juans=2 blocks=68
Generated T28n1554: juans=2 blocks=36
Generated T28n1555: juans=2 blocks=67
Generated T28n1556: juans=1 blocks=17
Generated T28n1557: juans=1 blocks=49
Generated T29n1558: juans=30 blocks=1207
Generated T29n1559: juans=22 blocks=4876
Generated T29n1560: juans=1 blocks=8
Generated T29n1561: juans=5 blocks=89
Generated T29n1562: juans=80 blocks=1324
Generated T29n1563: juans=40 blocks=1130
Generated T30n1564: juans=4 blocks=1040
Progress 2300/4602 blocks=1124896 skipped=1 errors=0
Generated T30n1565: juans=2 blocks=274
Generated T30n1566: juans=15 blocks=1239
Generated T30n1567: juans=9 blocks=690
Generated T30n1568: juans=1 blocks=213
Generated T30n1569: juans=2 blocks=345
Generated T30n1570: juans=1 blocks=10
Generated T30n1571: juans=10 blocks=658
Generated T30n1572: juans=1 blocks=31
Generated T30n1573: juans=1 blocks=6
Generated T30n1574: juans=1 blocks=1
Generated T30n1575: juans=1 blocks=3
Generated T30n1576: juans=1 blocks=3
Generated T30n1577: juans=2 blocks=43
Generated T30n1578: juans=2 blocks=56
Generated T30n1579: juans=100 blocks=11125
Generated T30n1580: juans=1 blocks=30
Generated T30n1581: juans=10 blocks=336
Generated T30n1582: juans=9 blocks=105
Generated T30n1583: juans=1 blocks=57
Generated T30n1584: juans=3 blocks=57
Generated T31n1585: juans=10 blocks=2192
Generated T31n1586: juans=1 blocks=46
Generated T31n1587: juans=1 blocks=6
Generated T31n1588: juans=1 blocks=67
Generated T31n1589: juans=1 blocks=61
Generated T31n1590: juans=1 blocks=47
Generated T31n1591: juans=5 blocks=72
Generated T31n1592: juans=2 blocks=190
Generated T31n1593: juans=3 blocks=247
Generated T31n1594: juans=3 blocks=300
Generated T31n1595: juans=15 blocks=3425
Generated T31n1596: juans=10 blocks=446
Generated T31n1597: juans=10 blocks=588
Generated T31n1598: juans=10 blocks=714
Generated T31n1599: juans=2 blocks=262
Generated T31n1600: juans=3 blocks=219
Generated T31n1601: juans=1 blocks=7
Generated T31n1602: juans=20 blocks=1337
Generated T31n1603: juans=1 blocks=11
Generated T31n1604: juans=13 blocks=1317
Generated T31n1605: juans=7 blocks=416
Generated T31n1606: juans=16 blocks=697
Generated T31n1607: juans=1 blocks=34
Generated T31n1608: juans=1 blocks=47
Generated T31n1609: juans=1 blocks=23
Generated T31n1610: juans=4 blocks=72
Generated T31n1611: juans=4 blocks=394
Generated T31n1612: juans=1 blocks=107
Generated T31n1613: juans=1 blocks=116
Generated T31n1614: juans=1 blocks=6
Progress 2350/4602 blocks=1153644 skipped=1 errors=0
Generated T31n1615: juans=1 blocks=74
Generated T31n1616: juans=1 blocks=49
Generated T31n1617: juans=2 blocks=99
Generated T31n1618: juans=1 blocks=41
Generated T31n1619: juans=1 blocks=6
Generated T31n1620: juans=1 blocks=13
Generated T31n1621: juans=1 blocks=13
Generated T31n1622: juans=1 blocks=30
Generated T31n1623: juans=1 blocks=1
Generated T31n1624: juans=1 blocks=18
Generated T31n1625: juans=1 blocks=5
Generated T31n1626: juans=1 blocks=42
Generated T31n1627: juans=1 blocks=13
Generated T32n1628: juans=1 blocks=58
Generated T32n1629: juans=1 blocks=47
Generated T32n1630: juans=1 blocks=17
Generated T32n1631: juans=1 blocks=179
Generated T32n1632: juans=1 blocks=56
Generated T32n1633: juans=1 blocks=65
Generated T32n1634: juans=2 blocks=143
Generated T32n1635: juans=10 blocks=43
Generated T32n1636: juans=25 blocks=271
Generated T32n1637: juans=2 blocks=41
Generated T32n1638: juans=2 blocks=24
Generated T32n1639: juans=1 blocks=19
Generated T32n1640: juans=1 blocks=21
Generated T32n1641: juans=1 blocks=52
Generated T32n1642: juans=1 blocks=64
Generated T32n1643: juans=1 blocks=2
Generated T32n1644: juans=10 blocks=224
Generated T32n1645: juans=2 blocks=74
Generated T32n1646: juans=16 blocks=1094
Generated T32n1647: juans=4 blocks=215
Generated T32n1648: juans=12 blocks=468
Generated T32n1649: juans=3 blocks=364
Generated T32n1650: juans=2 blocks=86
Generated T32n1651: juans=1 blocks=15
Generated T32n1652: juans=1 blocks=80
Generated T32n1653: juans=1 blocks=77
Generated T32n1654: juans=1 blocks=11
Generated T32n1655: juans=1 blocks=1
Generated T32n1656: juans=1 blocks=5
Generated T32n1657: juans=1 blocks=15
Generated T32n1658: juans=1 blocks=24
Generated T32n1659: juans=2 blocks=16
Generated T32n1660: juans=6 blocks=455
Generated T32n1661: juans=1 blocks=6
Generated T32n1662: juans=1 blocks=8
Generated T32n1663: juans=1 blocks=2
Generated T32n1664: juans=4 blocks=87
Progress 2400/4602 blocks=1158477 skipped=1 errors=0
Generated T32n1665: juans=1 blocks=14
Generated T32n1666: juans=1 blocks=63
Generated T32n1667: juans=2 blocks=55
Generated T32n1668: juans=10 blocks=504
Generated T32n1669: juans=20 blocks=222
Generated T32n1670A: juans=2 blocks=63
Generated T32n1670B: juans=3 blocks=76
Generated T32n1671: juans=12 blocks=180
Generated T32n1672: juans=1 blocks=1
Generated T32n1673: juans=1 blocks=5
Generated T32n1674: juans=1 blocks=5
Generated T32n1675: juans=1 blocks=1
Generated T32n1676: juans=1 blocks=1
Generated T32n1677: juans=1 blocks=1
Generated T32n1678: juans=1 blocks=8
Generated T32n1679: juans=1 blocks=6
Generated T32n1680: juans=1 blocks=1
Generated T32n1681: juans=1 blocks=3
Generated T32n1682: juans=1 blocks=20
Generated T32n1683: juans=1 blocks=28
Generated T32n1684: juans=1 blocks=1
Generated T32n1685: juans=1 blocks=6
Generated T32n1686: juans=1 blocks=2
Generated T32n1687: juans=1 blocks=1
Generated T32n1688: juans=1 blocks=183
Generated T32n1689: juans=1 blocks=4
Generated T32n1690: juans=1 blocks=26
Generated T32n1691: juans=1 blocks=14
Generated T32n1692: juans=1 blocks=1
Generated T33n1693: juans=1 blocks=322
Generated T33n1694: juans=2 blocks=876
Generated T33n1695: juans=3 blocks=355
Generated T33n1696: juans=1 blocks=18
Generated T33n1697: juans=1 blocks=16
Generated T33n1698: juans=1 blocks=79
Generated T33n1699: juans=4 blocks=48
Generated T33n1700: juans=2 blocks=622
Generated T33n1701: juans=2 blocks=509
Generated T33n1702: juans=7 blocks=1679
Generated T33n1703: juans=1 blocks=264
Generated T33n1704: juans=2 blocks=156
Generated T33n1705: juans=5 blocks=240
Generated T33n1706: juans=4 blocks=95
Generated T33n1707: juans=3 blocks=455
Generated T33n1708: juans=3 blocks=1407
Generated T33n1709: juans=3 blocks=1604
Generated T33n1710: juans=2 blocks=200
Generated T33n1711: juans=1 blocks=106
Generated T33n1712: juans=1 blocks=68
Generated T33n1713: juans=2 blocks=89
Progress 2450/4602 blocks=1169180 skipped=1 errors=0
Generated T33n1714: juans=1 blocks=36
Generated T33n1715: juans=8 blocks=620
Generated T33n1716: juans=10 blocks=1959
Generated T33n1717: juans=20 blocks=1032
Generated T34n1718: juans=10 blocks=1071
Generated T34n1719: juans=10 blocks=1746
Generated T34n1720: juans=10 blocks=1787
Generated T34n1721: juans=12 blocks=3560
Generated T34n1722: juans=1 blocks=417
Generated T34n1723: juans=10 blocks=3898
Generated T34n1724: juans=1 blocks=310
Generated T34n1725: juans=1 blocks=27
Generated T34n1726: juans=2 blocks=119
Generated T34n1727: juans=4 blocks=146
Generated T34n1728: juans=2 blocks=182
Generated T34n1729: juans=4 blocks=51
Generated T34n1730: juans=3 blocks=526
Generated T35n1731: juans=1 blocks=35
Generated T35n1732: juans=5 blocks=314
Generated T35n1733: juans=20 blocks=1493
Generated T35n1734: juans=1 blocks=111
Generated T35n1735: juans=60 blocks=1818
Generated T36n1736: juans=90 blocks=5086
Generated T36n1737: juans=1 blocks=48
Generated T36n1738: juans=1 blocks=57
Generated T36n1739: juans=40 blocks=1727
Generated T36n1740: juans=1 blocks=81
Generated T36n1741: juans=4 blocks=86
Generated T36n1742: juans=2 blocks=87
Generated T36n1743: juans=1 blocks=15
Generated T37n1744: juans=3 blocks=185
Generated T37n1745: juans=2 blocks=14
Generated T37n1746: juans=1 blocks=26
Generated T37n1747: juans=1 blocks=7
Generated T37n1748: juans=3 blocks=487
Generated T37n1749: juans=1 blocks=11
Generated T37n1750: juans=1 blocks=28
Generated T37n1751: juans=6 blocks=28
Generated T37n1752: juans=1 blocks=13
Generated T37n1753: juans=4 blocks=518
Generated T37n1754: juans=3 blocks=381
Generated T37n1755: juans=1 blocks=7
Generated T37n1756: juans=1 blocks=66
Generated T37n1757: juans=1 blocks=254
Generated T37n1758: juans=3 blocks=344
Generated T37n1759: juans=1 blocks=29
Generated T37n1760: juans=1 blocks=73
Generated T37n1761: juans=1 blocks=43
Generated T37n1762: juans=1 blocks=160
Generated T37n1763: juans=71 blocks=5812
Progress 2500/4602 blocks=1206111 skipped=1 errors=0
Generated T37n1764: juans=10 blocks=3286
Generated T38n1765: juans=2 blocks=41
Generated T38n1766: juans=4 blocks=34
Generated T38n1767: juans=33 blocks=613
Generated T38n1768: juans=1 blocks=256
Generated T38n1769: juans=1 blocks=71
Generated T38n1770: juans=2 blocks=46
Generated T38n1771: juans=1 blocks=69
Generated T38n1772: juans=2 blocks=294
Generated T38n1773: juans=1 blocks=21
Generated T38n1774: juans=1 blocks=245
Generated T38n1775: juans=10 blocks=3319
Generated T38n1776: juans=4 blocks=336
Generated T38n1777: juans=6 blocks=1005
Generated T38n1778: juans=10 blocks=1215
Generated T38n1779: juans=10 blocks=1800
Generated T38n1780: juans=8 blocks=222
Generated T38n1781: juans=6 blocks=60
Generated T38n1782: juans=6 blocks=2857
Generated T39n1783: juans=2 blocks=63
Generated T39n1784: juans=6 blocks=483
Generated T39n1785: juans=6 blocks=106
Generated T39n1786: juans=6 blocks=1792
Generated T39n1787: juans=1 blocks=34
Generated T39n1788: juans=6 blocks=2935
Generated T39n1789: juans=4 blocks=1499
Generated T39n1790: juans=1 blocks=74
Generated T39n1791: juans=10 blocks=2209
Generated T39n1792: juans=2 blocks=109
Generated T39n1793: juans=1 blocks=28
Generated T39n1794: juans=1 blocks=288
Generated T39n1795: juans=2 blocks=2519
Generated T39n1796: juans=20 blocks=1232
Generated T39n1797: juans=2 blocks=110
Generated T39n1798: juans=1 blocks=79
Generated T39n1799: juans=10 blocks=4992
Generated T39n1800: juans=1 blocks=32
Generated T39n1801: juans=4 blocks=287
Generated T39n1802: juans=1 blocks=24
Generated T39n1803: juans=2 blocks=415
Generated T40n1804: juans=3 blocks=1526
Generated T40n1805: juans=3 blocks=4587
Generated T40n1806: juans=3 blocks=1915
Generated T40n1807: juans=2 blocks=200
Generated T40n1808: juans=2 blocks=1222
Generated T40n1809: juans=3 blocks=595
Generated T40n1810: juans=3 blocks=577
Generated T40n1811: juans=2 blocks=94
Generated T40n1812: juans=3 blocks=110
Generated T40n1813: juans=6 blocks=562
Progress 2550/4602 blocks=1252599 skipped=1 errors=0
Generated T40n1814: juans=2 blocks=184
Generated T40n1815: juans=2 blocks=329
Generated T40n1816: juans=3 blocks=273
Generated T40n1817: juans=1 blocks=41
Generated T40n1818: juans=3 blocks=1433
Generated T40n1819: juans=2 blocks=295
Generated T40n1820: juans=1 blocks=500
Generated T41n1821: juans=30 blocks=5605
Generated T41n1822: juans=30 blocks=6753
Generated T41n1823: juans=30 blocks=2918
Generated T42n1824: juans=10 blocks=316
Generated T42n1825: juans=3 blocks=184
Generated T42n1826: juans=2 blocks=52
Generated T42n1827: juans=3 blocks=99
Generated T42n1828: juans=24 blocks=11553
Generated T43n1829: juans=16 blocks=2225
Generated T43n1830: juans=10 blocks=8175
Generated T43n1831: juans=2 blocks=463
Generated T43n1832: juans=7 blocks=1236
Generated T43n1833: juans=7 blocks=5815
Generated T43n1834: juans=2 blocks=669
Generated T44n1835: juans=3 blocks=1627
Generated T44n1836: juans=2 blocks=96
Generated T44n1837: juans=2 blocks=155
Generated T44n1838: juans=1 blocks=12
Generated T44n1839: juans=1 blocks=126
Generated T44n1840: juans=3 blocks=382
Generated T44n1841: juans=1 blocks=78
Generated T44n1842: juans=1 blocks=55
Generated T44n1843: juans=2 blocks=4
Generated T44n1844: juans=2 blocks=4
Generated T44n1845: juans=1 blocks=143
Generated T44n1846: juans=3 blocks=381
Generated T44n1847: juans=1 blocks=2
Generated T44n1848: juans=20 blocks=812
Generated T44n1849: juans=1 blocks=35
Generated T44n1850: juans=6 blocks=379
Generated T44n1851: juans=20 blocks=1233
Generated T45n1852: juans=1 blocks=24
Generated T45n1853: juans=5 blocks=68
Generated T45n1854: juans=3 blocks=15
Generated T45n1855: juans=1 blocks=27
Generated T45n1856: juans=3 blocks=63
Generated T45n1857: juans=1 blocks=3
Generated T45n1858: juans=1 blocks=65
Generated T45n1859: juans=3 blocks=134
Generated T45n1860: juans=3 blocks=589
Generated T45n1861: juans=7 blocks=309
Generated T45n1862: juans=3 blocks=128
Generated T45n1863: juans=4 blocks=44
Progress 2600/4602 blocks=1308710 skipped=1 errors=0
Generated T45n1864: juans=1 blocks=62
Generated T45n1865: juans=2 blocks=46
Generated T45n1866: juans=4 blocks=15
Generated T45n1867: juans=1 blocks=12
Generated T45n1868: juans=1 blocks=25
Generated T45n1869: juans=2 blocks=57
Generated T45n1870: juans=4 blocks=176
Generated T45n1871: juans=1 blocks=12
Generated T45n1872: juans=1 blocks=14
Generated T45n1873: juans=2 blocks=175
Generated T45n1874: juans=2 blocks=46
Generated T45n1875: juans=1 blocks=136
Generated T45n1876: juans=1 blocks=62
Generated T45n1877: juans=1 blocks=24
Generated T45n1878: juans=1 blocks=146
Generated T45n1879a: juans=1 blocks=8
Generated T45n1879b: juans=1 blocks=7
Generated T45n1880: juans=1 blocks=107
Generated T45n1881: juans=1 blocks=94
Generated T45n1882: juans=1 blocks=17
Generated T45n1883: juans=2 blocks=105
Generated T45n1884: juans=1 blocks=221
Generated T45n1885: juans=2 blocks=299
Generated T45n1886: juans=1 blocks=34
Generated T45n1887A: juans=1 blocks=63
Generated T45n1887B: juans=2 blocks=219
Generated T45n1888: juans=1 blocks=15
Generated T45n1889: juans=1 blocks=35
Generated T45n1890: juans=1 blocks=31
Generated T45n1891: juans=1 blocks=203
Generated T45n1892: juans=1 blocks=125
Generated T45n1893: juans=2 blocks=76
Generated T45n1894: juans=1 blocks=16
Generated T45n1895: juans=2 blocks=209
Generated T45n1896: juans=2 blocks=27
Generated T45n1897: juans=1 blocks=28
Generated T45n1898: juans=1 blocks=11
Generated T45n1899: juans=2 blocks=53
Generated T45n1900: juans=1 blocks=18
Generated T45n1901: juans=1 blocks=1
Generated T45n1902: juans=1 blocks=5
Generated T45n1903: juans=1 blocks=17
Generated T45n1904: juans=1 blocks=71
Generated T45n1905: juans=1 blocks=52
Generated T45n1906: juans=1 blocks=10
Generated T45n1907: juans=1 blocks=11
Generated T45n1908: juans=1 blocks=1
Generated T45n1909: juans=10 blocks=372
Generated T45n1910: juans=3 blocks=27
Generated T46n1911: juans=10 blocks=1846
Progress 2650/4602 blocks=1314152 skipped=1 errors=0
Generated T46n1912: juans=10 blocks=135
Generated T46n1913: juans=2 blocks=8
Generated T46n1914: juans=1 blocks=4
Generated T46n1915: juans=1 blocks=166
Generated T46n1916: juans=10 blocks=1265
Generated T46n1917: juans=1 blocks=82
Generated T46n1918: juans=4 blocks=4
Generated T46n1919: juans=1 blocks=8
Generated T46n1920: juans=1 blocks=6
Generated T46n1921: juans=5 blocks=8
Generated T46n1922: juans=1 blocks=6
Generated T46n1923: juans=2 blocks=21
Generated T46n1924: juans=4 blocks=9
Generated T46n1925: juans=3 blocks=685
Generated T46n1926: juans=1 blocks=3
Generated T46n1927: juans=1 blocks=13
Generated T46n1928: juans=2 blocks=258
Generated T46n1929: juans=12 blocks=15
Generated T46n1930: juans=1 blocks=1
Generated T46n1931: juans=1 blocks=7
Generated T46n1932: juans=1 blocks=41
Generated T46n1933: juans=1 blocks=31
Generated T46n1934: juans=4 blocks=289
Generated T46n1935: juans=1 blocks=201
Generated T46n1936: juans=2 blocks=437
Generated T46n1937: juans=7 blocks=813
Generated T46n1938: juans=1 blocks=1
Generated T46n1939: juans=1 blocks=46
Generated T46n1940: juans=1 blocks=48
Generated T46n1941: juans=1 blocks=94
Generated T46n1942: juans=1 blocks=3
Generated T46n1943: juans=1 blocks=1
Generated T46n1944: juans=1 blocks=12
Generated T46n1945: juans=1 blocks=57
Generated T46n1946: juans=1 blocks=50
Generated T46n1947: juans=1 blocks=74
Generated T46n1948: juans=1 blocks=66
Generated T46n1949: juans=1 blocks=56
Generated T46n1950: juans=1 blocks=56
Generated T46n1951: juans=1 blocks=67
Generated T46n1952: juans=1 blocks=19
Generated T46n1953: juans=1 blocks=1
Generated T46n1954: juans=1 blocks=4
Generated T46n1955: juans=2 blocks=69
Generated T46n1956: juans=1 blocks=78
Generated T47n1957: juans=1 blocks=47
Generated T47n1958: juans=2 blocks=190
Generated T47n1959: juans=1 blocks=65
Generated T47n1960: juans=7 blocks=286
Generated T47n1961: juans=1 blocks=38
Progress 2700/4602 blocks=1320096 skipped=1 errors=0
Generated T47n1962: juans=1 blocks=19
Generated T47n1963: juans=3 blocks=154
Generated T47n1964: juans=1 blocks=16
Generated T47n1965: juans=1 blocks=96
Generated T47n1966: juans=2 blocks=172
Generated T47n1967: juans=3 blocks=109
Generated T47n1968: juans=1 blocks=40
Generated T47n1969A: juans=5 blocks=968
Generated T47n1969B: juans=2 blocks=145
Generated T47n1970: juans=12 blocks=436
Generated T47n1971: juans=1 blocks=2
Generated T47n1972: juans=1 blocks=28
Generated T47n1973: juans=10 blocks=380
Generated T47n1974: juans=2 blocks=67
Generated T47n1975: juans=1 blocks=38
Generated T47n1976: juans=10 blocks=218
Generated T47n1977: juans=1 blocks=13
Generated T47n1978: juans=1 blocks=172
Generated T47n1979: juans=2 blocks=251
Generated T47n1980: juans=1 blocks=343
Generated T47n1981: juans=1 blocks=39
Generated T47n1982: juans=2 blocks=612
Generated T47n1983: juans=2 blocks=91
Generated T47n1984: juans=1 blocks=67
Generated T47n1985: juans=1 blocks=99
Generated T47n1986A: juans=1 blocks=185
Generated T47n1986B: juans=1 blocks=99
Generated T47n1987A: juans=1 blocks=127
Generated T47n1987B: juans=2 blocks=128
Generated T47n1988: juans=3 blocks=302
Generated T47n1989: juans=1 blocks=64
Generated T47n1990: juans=1 blocks=81
Generated T47n1991: juans=1 blocks=120
Generated T47n1992: juans=3 blocks=615
Generated T47n1993: juans=1 blocks=174
Generated T47n1994A: juans=1 blocks=86
Generated T47n1994B: juans=1 blocks=44
Generated T47n1995: juans=3 blocks=337
Generated T47n1996: juans=6 blocks=814
Generated T47n1997: juans=20 blocks=808
Generated T47n1998A: juans=30 blocks=962
Generated T47n1998B: juans=1 blocks=120
Generated T47n1999: juans=1 blocks=260
Generated T47n2000: juans=10 blocks=1515
Generated T48n2001: juans=9 blocks=1880
Generated T48n2002A: juans=2 blocks=252
Generated T48n2002B: juans=1 blocks=52
Generated T48n2003: juans=10 blocks=515
Generated T48n2004: juans=6 blocks=566
Generated T48n2005: juans=1 blocks=235
Progress 2750/4602 blocks=1335012 skipped=1 errors=0
Generated T48n2006: juans=6 blocks=703
Generated T48n2007: juans=1 blocks=86
Generated T48n2008: juans=1 blocks=162
Generated T48n2009: juans=1 blocks=116
Generated T48n2010: juans=1 blocks=1
Generated T48n2011: juans=1 blocks=22
Generated T48n2012A: juans=1 blocks=16
Generated T48n2012B: juans=1 blocks=19
Generated T48n2013: juans=1 blocks=14
Generated T48n2014: juans=1 blocks=2
Generated T48n2015: juans=2 blocks=13
Generated T48n2016: juans=100 blocks=2715
Generated T48n2017: juans=3 blocks=300
Generated T48n2018: juans=1 blocks=9
Generated T48n2019A: juans=1 blocks=18
Generated T48n2019B: juans=1 blocks=6
Generated T48n2020: juans=1 blocks=43
Generated T48n2021: juans=1 blocks=25
Generated T48n2022: juans=4 blocks=292
Generated T48n2023: juans=10 blocks=403
Generated T48n2024: juans=1 blocks=157
Generated T48n2025: juans=8 blocks=548
Generated T49n2026: juans=1 blocks=3
Generated T49n2027: juans=1 blocks=41
Generated T49n2028: juans=1 blocks=1
Generated T49n2029: juans=1 blocks=1
Generated T49n2030: juans=1 blocks=4
Generated T49n2031: juans=1 blocks=7
Generated T49n2032: juans=1 blocks=16
Generated T49n2033: juans=1 blocks=10
Generated T49n2034: juans=15 blocks=3927
Generated T49n2035: juans=54 blocks=3097
Generated T49n2036: juans=22 blocks=2359
Generated T49n2037: juans=4 blocks=1560
Generated T49n2038: juans=3 blocks=781
Generated T49n2039: juans=5 blocks=372
Generated T50n2040: juans=5 blocks=604
Generated T50n2041: juans=1 blocks=193
Generated T50n2042: juans=7 blocks=143
Generated T50n2043: juans=10 blocks=429
Generated T50n2044: juans=1 blocks=12
Generated T50n2045: juans=1 blocks=2
Generated T50n2046: juans=1 blocks=1
Generated T50n2047a: juans=1 blocks=1
Generated T50n2047b: juans=1 blocks=1
Generated T50n2048: juans=1 blocks=1
Generated T50n2049: juans=1 blocks=2
Generated T50n2050: juans=1 blocks=13
Generated T50n2051: juans=3 blocks=58
Generated T50n2052: juans=1 blocks=9
Progress 2800/4602 blocks=1354330 skipped=1 errors=0
Generated T50n2053: juans=10 blocks=348
Generated T50n2054: juans=1 blocks=59
Generated T50n2055: juans=1 blocks=19
Generated T50n2056: juans=1 blocks=4
Generated T50n2057: juans=1 blocks=9
Generated T50n2058: juans=6 blocks=60
Generated T50n2059: juans=14 blocks=1152
Generated T50n2060: juans=30 blocks=1007
Generated T50n2061: juans=30 blocks=796
Generated T50n2062: juans=8 blocks=125
Generated T50n2063: juans=4 blocks=131
Generated T50n2064: juans=9 blocks=210
Generated T50n2065: juans=2 blocks=31
Generated T51n2066: juans=2 blocks=72
Generated T51n2067: juans=10 blocks=217
Generated T51n2068: juans=10 blocks=234
Generated T51n2069: juans=1 blocks=15
Generated T51n2070: juans=1 blocks=60
Generated T51n2071: juans=3 blocks=59
Generated T51n2072: juans=3 blocks=377
Generated T51n2073: juans=5 blocks=111
Generated T51n2074: juans=1 blocks=27
Generated T51n2075: juans=1 blocks=16
Generated T51n2076: juans=30 blocks=1731
Generated T51n2077: juans=36 blocks=1272
Generated T51n2078: juans=9 blocks=537
Generated T51n2079: juans=1 blocks=79
Generated T51n2080: juans=2 blocks=4
Generated T51n2081: juans=2 blocks=17
Generated T51n2082: juans=3 blocks=55
Generated T51n2083: juans=2 blocks=118
Generated T51n2084: juans=3 blocks=185
Generated T51n2085: juans=1 blocks=4
Generated T51n2086: juans=1 blocks=4
Generated T51n2087: juans=12 blocks=715
Generated T51n2088: juans=2 blocks=252
Generated T51n2089: juans=1 blocks=114
Generated T51n2090: juans=1 blocks=7
Generated T51n2091: juans=1 blocks=5
Generated T51n2092: juans=5 blocks=54
Generated T51n2093: juans=1 blocks=32
Generated T51n2094: juans=1 blocks=9
Generated T51n2095: juans=5 blocks=192
Generated T51n2096: juans=1 blocks=3
Generated T51n2097: juans=3 blocks=277
Generated T51n2098: juans=2 blocks=43
Generated T51n2099: juans=3 blocks=127
Generated T51n2100: juans=2 blocks=26
Generated T51n2101: juans=1 blocks=72
Generated T52n2102: juans=14 blocks=651
Progress 2850/4602 blocks=1366054 skipped=1 errors=0
Generated T52n2103: juans=30 blocks=2021
Generated T52n2104: juans=4 blocks=105
Generated T52n2105: juans=1 blocks=69
Generated T52n2106: juans=3 blocks=223
Generated T52n2107: juans=1 blocks=38
Generated T52n2108: juans=6 blocks=186
Generated T52n2109: juans=2 blocks=59
Generated T52n2110: juans=8 blocks=500
Generated T52n2111: juans=3 blocks=27
Generated T52n2112: juans=3 blocks=54
Generated T52n2113: juans=10 blocks=24
Generated T52n2114: juans=1 blocks=8
Generated T52n2115: juans=19 blocks=420
Generated T52n2116: juans=5 blocks=87
Generated T52n2117: juans=2 blocks=61
Generated T52n2118: juans=5 blocks=1061
Generated T52n2119: juans=1 blocks=46
Generated T52n2120: juans=6 blocks=907
Generated T53n2121: juans=50 blocks=1317
Generated T53n2122: juans=100 blocks=6300
Generated T54n2123: juans=20 blocks=1687
Generated T54n2124: juans=1 blocks=124
Generated T54n2125: juans=4 blocks=128
Generated T54n2126: juans=3 blocks=101
Generated T54n2127: juans=3 blocks=1366
Generated T54n2128: juans=100 blocks=32797
Generated T54n2129: juans=10 blocks=1803
Generated T54n2130: juans=10 blocks=127
Generated T54n2131: juans=7 blocks=1213
Generated T54n2132: juans=1 blocks=154
Generated T54n2133A: juans=1 blocks=21
Generated T54n2133B: juans=1 blocks=1357
Generated T54n2134: juans=1 blocks=563
Generated T54n2135: juans=1 blocks=1251
Generated T54n2136: juans=1 blocks=11
Generated T54n2137: juans=3 blocks=165
Generated T54n2138: juans=1 blocks=16
Generated T54n2139: juans=2 blocks=39
Generated T54n2140: juans=1 blocks=58
Generated T54n2141A: juans=1 blocks=33
Generated T54n2141B: juans=1 blocks=32
Generated T54n2142: juans=1 blocks=2
Generated T54n2143: juans=1 blocks=5
Generated T54n2144: juans=1 blocks=27
Generated T55n2145: juans=15 blocks=454
Generated T55n2146: juans=7 blocks=291
Generated T55n2147: juans=5 blocks=209
Generated T55n2148: juans=5 blocks=202
Generated T55n2149: juans=10 blocks=1460
Generated T55n2150: juans=1 blocks=52
Progress 2900/4602 blocks=1425315 skipped=1 errors=0
Generated T55n2151: juans=4 blocks=146
Generated T55n2152: juans=1 blocks=24
Generated T55n2153: juans=15 blocks=2377
Generated T55n2154: juans=20 blocks=4129
Generated T55n2155: juans=4 blocks=252
Generated T55n2156: juans=3 blocks=206
Generated T55n2157: juans=30 blocks=3153
Generated T55n2158: juans=1 blocks=73
Generated T55n2159: juans=1 blocks=40
Generated T55n2160: juans=1 blocks=24
Generated T55n2161: juans=1 blocks=43
Generated T55n2162: juans=1 blocks=45
Generated T55n2163: juans=1 blocks=29
Generated T55n2164: juans=1 blocks=21
Generated T55n2165: juans=1 blocks=18
Generated T55n2166: juans=1 blocks=22
Generated T55n2167: juans=1 blocks=14
Generated T55n2168A: juans=1 blocks=3
Generated T55n2168B: juans=1 blocks=20
Generated T55n2169: juans=1 blocks=8
Generated T55n2170: juans=1 blocks=15
Generated T55n2171: juans=1 blocks=14
Generated T55n2172: juans=1 blocks=20
Generated T55n2173: juans=1 blocks=28
Generated T55n2174A: juans=1 blocks=7
Generated T55n2175: juans=1 blocks=4
Generated T55n2176: juans=2 blocks=7
Generated T55n2177: juans=1 blocks=8
Generated T55n2178: juans=1 blocks=1
Generated T55n2179: juans=1 blocks=1
Generated T55n2180: juans=1 blocks=3
Generated T55n2181: juans=1 blocks=2
Generated T55n2183: juans=1 blocks=14
Generated T55n2184: juans=2 blocks=9
Generated T85n2732: juans=1 blocks=171
Generated T85n2733: juans=2 blocks=269
Generated T85n2734: juans=1 blocks=13
Generated T85n2735: juans=2 blocks=384
Generated T85n2736: juans=1 blocks=147
Generated T85n2737: juans=1 blocks=3
Generated T85n2738: juans=1 blocks=29
Generated T85n2739: juans=1 blocks=3
Generated T85n2740: juans=1 blocks=1
Generated T85n2741: juans=1 blocks=27
Generated T85n2742: juans=1 blocks=11
Generated T85n2743: juans=1 blocks=39
Generated T85n2744: juans=1 blocks=5
Generated T85n2745: juans=1 blocks=3
Progress 2950/4602 blocks=1437200 skipped=1 errors=0
Generated T85n2746: juans=1 blocks=12
Generated T85n2747: juans=1 blocks=3
Generated T85n2748: juans=1 blocks=12
Generated T85n2749: juans=1 blocks=136
Generated T85n2750: juans=1 blocks=11
Generated T85n2751: juans=1 blocks=8
Generated T85n2752: juans=1 blocks=11
Generated T85n2753: juans=1 blocks=35
Generated T85n2754: juans=1 blocks=37
Generated T85n2755: juans=1 blocks=25
Generated T85n2756: juans=1 blocks=1
Generated T85n2757: juans=1 blocks=2
Generated T85n2758: juans=1 blocks=8
Generated T85n2759: juans=1 blocks=42
Generated T85n2760: juans=1 blocks=10
Generated T85n2761: juans=1 blocks=18
Generated T85n2762: juans=1 blocks=30
Generated T85n2763: juans=1 blocks=5
Generated T85n2764A: juans=1 blocks=3
Generated T85n2764B: juans=1 blocks=3
Generated T85n2765: juans=1 blocks=3
Generated T85n2766: juans=1 blocks=2
Generated T85n2767: juans=1 blocks=122
Generated T85n2768: juans=1 blocks=20
Generated T85n2769: juans=1 blocks=76
Generated T85n2770: juans=1 blocks=34
Generated T85n2771: juans=1 blocks=27
Generated T85n2772: juans=2 blocks=149
Generated T85n2773: juans=1 blocks=20
Generated T85n2774: juans=1 blocks=1
Generated T85n2775: juans=1 blocks=11
Generated T85n2776: juans=1 blocks=3
Generated T85n2777: juans=2 blocks=1214
Generated T85n2778: juans=2 blocks=46
Generated T85n2779: juans=1 blocks=9
Generated T85n2780: juans=1 blocks=44
Generated T85n2781: juans=1 blocks=40
Generated T85n2782: juans=1 blocks=195
Generated T85n2783: juans=1 blocks=2
Generated T85n2784: juans=1 blocks=51
Generated T85n2785: juans=1 blocks=1
Generated T85n2786: juans=1 blocks=15
Generated T85n2787: juans=3 blocks=224
Generated T85n2788: juans=1 blocks=230
Generated T85n2789: juans=1 blocks=12
Generated T85n2790: juans=1 blocks=25
Generated T85n2791: juans=1 blocks=43
Generated T85n2792: juans=1 blocks=25
Generated T85n2793: juans=1 blocks=16
Generated T85n2794: juans=1 blocks=6
Progress 3000/4602 blocks=1440278 skipped=1 errors=0
Generated T85n2795: juans=2 blocks=79
Generated T85n2796: juans=1 blocks=35
Generated T85n2797: juans=1 blocks=49
Generated T85n2798: juans=1 blocks=22
Generated T85n2799: juans=2 blocks=9
Generated T85n2800: juans=1 blocks=284
Generated T85n2801: juans=6 blocks=1234
Generated T85n2802: juans=4 blocks=5
Generated T85n2803: juans=1 blocks=10
Generated T85n2804: juans=1 blocks=49
Generated T85n2805: juans=2 blocks=190
Generated T85n2806: juans=1 blocks=116
Generated T85n2807: juans=1 blocks=37
Generated T85n2808: juans=1 blocks=49
Generated T85n2809: juans=1 blocks=11
Generated T85n2810: juans=1 blocks=35
Generated T85n2811: juans=1 blocks=25
Generated T85n2812: juans=1 blocks=255
Generated T85n2813: juans=2 blocks=421
Generated T85n2814: juans=3 blocks=348
Generated T85n2815: juans=1 blocks=43
Generated T85n2816: juans=1 blocks=18
Generated T85n2817: juans=1 blocks=2
Generated T85n2818: juans=1 blocks=25
Generated T85n2819: juans=1 blocks=80
Generated T85n2820: juans=1 blocks=30
Generated T85n2821: juans=1 blocks=12
Generated T85n2822: juans=1 blocks=10
Generated T85n2823: juans=1 blocks=237
Generated T85n2824: juans=1 blocks=3
Generated T85n2825: juans=2 blocks=29
Generated T85n2826: juans=1 blocks=22
Generated T85n2827: juans=2 blocks=289
Generated T85n2828: juans=1 blocks=1
Generated T85n2829: juans=1 blocks=30
Generated T85n2830A: juans=1 blocks=1
Generated T85n2830B: juans=1 blocks=3
Generated T85n2831: juans=1 blocks=10
Generated T85n2832: juans=1 blocks=1
Generated T85n2833: juans=1 blocks=2
Generated T85n2834: juans=1 blocks=2
Generated T85n2835: juans=1 blocks=2
Generated T85n2836: juans=1 blocks=5
Generated T85n2837: juans=1 blocks=9
Generated T85n2838: juans=1 blocks=10
Generated T85n2839: juans=1 blocks=3
Generated T85n2840: juans=1 blocks=5
Generated T85n2841: juans=1 blocks=2
Generated T85n2842: juans=1 blocks=2
Generated T85n2843: juans=1 blocks=6
Progress 3050/4602 blocks=1444435 skipped=1 errors=0
Generated T85n2844: juans=1 blocks=1
Generated T85n2845: juans=1 blocks=51
Generated T85n2846: juans=1 blocks=6
Generated T85n2847: juans=1 blocks=3
Generated T85n2848: juans=1 blocks=18
Generated T85n2849: juans=1 blocks=1
Generated T85n2850: juans=1 blocks=10
Generated T85n2851: juans=1 blocks=2
Generated T85n2852: juans=1 blocks=9
Generated T85n2853: juans=1 blocks=12
Generated T85n2854: juans=1 blocks=10
Generated T85n2855: juans=1 blocks=3
Generated T85n2856: juans=1 blocks=8
Generated T85n2857: juans=1 blocks=4
Generated T85n2858: juans=1 blocks=55
Generated T85n2859: juans=1 blocks=4
Generated T85n2860: juans=1 blocks=2
Generated T85n2861: juans=1 blocks=40
Generated T85n2862: juans=1 blocks=4
Generated T85n2863: juans=1 blocks=12
Generated T85n2864: juans=1 blocks=2
Generated T85n2865: juans=1 blocks=9
Generated T85n2866: juans=1 blocks=7
Generated T85n2867: juans=1 blocks=1
Generated T85n2868: juans=2 blocks=8
Generated T85n2869: juans=1 blocks=12
Generated T85n2870: juans=1 blocks=8
Generated T85n2871: juans=3 blocks=144
Generated T85n2872: juans=1 blocks=2
Generated T85n2873: juans=1 blocks=3
Generated T85n2874: juans=1 blocks=5
Generated T85n2875: juans=1 blocks=1
Generated T85n2876: juans=1 blocks=1
Generated T85n2877: juans=1 blocks=1
Generated T85n2878: juans=1 blocks=10
Generated T85n2879: juans=1 blocks=10
Generated T85n2880: juans=3 blocks=136
Generated T85n2881: juans=1 blocks=38
Generated T85n2882: juans=1 blocks=34
Generated T85n2883: juans=1 blocks=82
Generated T85n2884: juans=1 blocks=1
Generated T85n2885: juans=2 blocks=52
Generated T85n2886: juans=1 blocks=1
Generated T85n2887: juans=1 blocks=3
Generated T85n2888: juans=1 blocks=6
Generated T85n2889: juans=1 blocks=1
Generated T85n2890: juans=1 blocks=1
Generated T85n2891: juans=1 blocks=14
Generated T85n2892: juans=1 blocks=2
Generated T85n2893: juans=1 blocks=14
Progress 3100/4602 blocks=1445299 skipped=1 errors=0
Generated T85n2894: juans=1 blocks=35
Generated T85n2895: juans=1 blocks=3
Generated T85n2896: juans=1 blocks=61
Generated T85n2897: juans=1 blocks=34
Generated T85n2898: juans=1 blocks=8
Generated T85n2899: juans=1 blocks=14
Generated T85n2900: juans=1 blocks=1
Generated T85n2901: juans=1 blocks=19
Generated T85n2902: juans=1 blocks=9
Generated T85n2903: juans=1 blocks=5
Generated T85n2904: juans=1 blocks=4
Generated T85n2905: juans=1 blocks=31
Generated T85n2906: juans=1 blocks=13
Generated T85n2907: juans=1 blocks=1
Generated T85n2908: juans=1 blocks=1
Generated T85n2909: juans=1 blocks=1
Generated T85n2910: juans=1 blocks=6
Generated T85n2911: juans=1 blocks=1
Generated T85n2912: juans=1 blocks=7
Generated T85n2913: juans=1 blocks=16
Generated T85n2914: juans=1 blocks=5
Generated T85n2915: juans=1 blocks=2
Generated T85n2916: juans=1 blocks=1
Generated T85n2917A: juans=1 blocks=1
Generated T85n2917B: juans=1 blocks=2
Generated T85n2918: juans=1 blocks=3
Generated T85n2919: juans=1 blocks=10
Generated T85n2920: juans=1 blocks=2
Generated TX01n0001: juans=26 blocks=838
Generated TX02n0001: juans=8 blocks=649
Generated TX03n0002: juans=22 blocks=486
Generated TX03n0003: juans=11 blocks=490
Generated TX04n0004: juans=5 blocks=612
Generated TX05n0004: juans=17 blocks=848
Generated TX06n0005: juans=8 blocks=1031
Generated TX07n0005: juans=8 blocks=738
Generated TX07n0006: juans=6 blocks=564
Generated TX08n0006: juans=9 blocks=1197
Generated TX09n0006: juans=31 blocks=1115
Generated TX10n0007: juans=1 blocks=1494
Generated TX11n0007: juans=3 blocks=764
Generated TX12n0007: juans=4 blocks=678
Generated TX13n0007: juans=6 blocks=702
Generated TX14n0007: juans=3 blocks=1108
Generated TX15n0007: juans=33 blocks=962
Generated TX16n0008: juans=3 blocks=697
Generated TX17n0009: juans=67 blocks=1386
Generated TX18n0010: juans=54 blocks=539
Generated TX18n0011: juans=1 blocks=417
Generated TX19n0011: juans=4 blocks=827
Progress 3150/4602 blocks=1463737 skipped=1 errors=0
Generated TX20n0012: juans=1 blocks=491
Generated TX20n0013: juans=22 blocks=265
Generated TX21n0013: juans=54 blocks=579
Generated TX22n0013: juans=45 blocks=719
Generated TX23n0013: juans=18 blocks=221
Generated TX23n0014: juans=3 blocks=382
Generated TX24n0014: juans=5 blocks=345
Generated TX24n0015: juans=71 blocks=519
Generated TX25n0016: juans=76 blocks=562
Generated TX26n0017: juans=248 blocks=1171
Generated TX27n0017: juans=72 blocks=783
Generated TX27n0018: juans=59 blocks=349
Generated TX28n0018: juans=121 blocks=622
Generated TX29n0019: juans=20 blocks=767
Generated TX30n0019: juans=116 blocks=1365
Generated TX31n0019: juans=184 blocks=802
Generated TX32n0020: juans=5 blocks=2456
Generated U205n1368: juans=2 blocks=101
Generated X01n0001: juans=1 blocks=4
Generated X01n0005: juans=1 blocks=62
Generated X01n0006: juans=1 blocks=3
Generated X01n0008: juans=4 blocks=1687
Generated X01n0010: juans=2 blocks=70
Generated X01n0011: juans=1 blocks=8
Generated X01n0012: juans=1 blocks=20
Generated X01n0013: juans=1 blocks=7
Generated X01n0014: juans=1 blocks=15
Generated X01n0015: juans=1 blocks=25
Generated X01n0017: juans=1 blocks=57
Generated X01n0019: juans=1 blocks=3
Generated X01n0020: juans=1 blocks=53
Generated X01n0021: juans=1 blocks=99
Generated X01n0023: juans=1 blocks=1
Generated X01n0024: juans=1 blocks=2
Generated X01n0025: juans=1 blocks=21
Generated X01n0026: juans=2 blocks=60
Generated X01n0027: juans=1 blocks=49
Generated X01n0028: juans=1 blocks=4
Generated X01n0034: juans=1 blocks=2
Generated X02n0057: juans=1 blocks=26
Generated X02n0181: juans=1 blocks=72
Generated X02n0182: juans=1 blocks=18
Generated X02n0183: juans=1 blocks=15
Generated X02n0184: juans=1 blocks=19
Generated X02n0185: juans=1 blocks=5
Generated X02n0188: juans=1 blocks=8
Generated X02n0190: juans=1 blocks=23
Generated X02n0191: juans=1 blocks=121
Progress 3200/4602 blocks=1478795 skipped=1 errors=0
Generated X02n0192: juans=1 blocks=15
Generated X02n0193: juans=1 blocks=10
Generated X02n0201: juans=1 blocks=74
Generated X02n0202: juans=1 blocks=14
Generated X02n0203: juans=1 blocks=40
Generated X02n0204: juans=1 blocks=64
Generated X02n0205: juans=1 blocks=27
Generated X02n0206: juans=1 blocks=11
Generated X02n0207: juans=1 blocks=21
Generated X03n0208: juans=1 blocks=125
Generated X03n0211: juans=1 blocks=62
Generated X03n0218: juans=1 blocks=38
Generated X03n0220: juans=1 blocks=16
Generated X03n0221: juans=13 blocks=2300
Generated X04n0223: juans=120 blocks=4698
Generated X04n0225: juans=4 blocks=244
Generated X05n0226: juans=3 blocks=310
Generated X05n0227: juans=10 blocks=2810
Generated X05n0229: juans=6 blocks=1286
Generated X05n0230: juans=1 blocks=2
Generated X05n0231: juans=2 blocks=2
Generated X05n0232: juans=9 blocks=2299
Generated X07n0234: juans=58 blocks=16399
Generated X08n0235: juans=5 blocks=1063
Generated X08n0236: juans=40 blocks=2904
Generated X08n0237: juans=4 blocks=885
Generated X08n0238: juans=1 blocks=189
Generated X08n0239: juans=3 blocks=249
Generated X08n0240: juans=44 blocks=4624
Generated X09n0240: juans=36 blocks=1740
Generated X09n0241: juans=1 blocks=159
Generated X09n0242: juans=1 blocks=57
Generated X09n0243: juans=3 blocks=4166
Generated X09n0244: juans=1 blocks=1
Generated X09n0245: juans=13 blocks=1491
Generated X09n0246: juans=1 blocks=1
Generated X09n0248: juans=12 blocks=839
Generated X10n0249: juans=2 blocks=92
Generated X10n0250: juans=12 blocks=1930
Generated X10n0251: juans=2 blocks=1195
Generated X10n0252: juans=4 blocks=697
Generated X10n0253: juans=12 blocks=1843
Generated X10n0254: juans=6 blocks=657
Generated X10n0255: juans=1 blocks=74
Generated X10n0256: juans=1 blocks=99
Generated X10n0257: juans=2 blocks=1214
Generated X10n0258: juans=2 blocks=641
Generated X10n0259: juans=6 blocks=251
Generated X10n0260: juans=2 blocks=1017
Progress 3250/4602 blocks=1537740 skipped=1 errors=0
Generated X10n0261: juans=1 blocks=536
Generated X10n0262: juans=2 blocks=1633
Generated X10n0263: juans=4 blocks=1098
Generated X10n0264: juans=1 blocks=1
Generated X10n0265: juans=1 blocks=2
Generated X11n0267: juans=6 blocks=3462
Generated X11n0268: juans=10 blocks=3989
Generated X11n0269: juans=5 blocks=2111
Generated X11n0270: juans=20 blocks=3288
Generated X11n0271: juans=10 blocks=11859
Generated X12n0272: juans=10 blocks=812
Generated X12n0273: juans=1 blocks=2
Generated X12n0274: juans=1 blocks=133
Generated X12n0275: juans=10 blocks=10142
Generated X12n0276: juans=1 blocks=381
Generated X12n0277: juans=1 blocks=36
Generated X12n0278: juans=1 blocks=16
Generated X12n0279: juans=10 blocks=2429
Generated X12n0280: juans=1 blocks=246
Generated X12n0281: juans=10 blocks=3019
Generated X13n0282: juans=4 blocks=222
Generated X13n0283: juans=10 blocks=1658
Generated X13n0284: juans=2 blocks=77
Generated X13n0285: juans=10 blocks=2163
Generated X13n0286: juans=10 blocks=941
Generated X13n0287: juans=10 blocks=9107
Generated X14n0288: juans=10 blocks=1266
Generated X14n0289: juans=10 blocks=1185
Generated X14n0291: juans=10 blocks=3145
Generated X14n0292: juans=1 blocks=65
Generated X14n0293: juans=1 blocks=7
Generated X14n0294: juans=1 blocks=65
Generated X14n0295: juans=10 blocks=926
Generated X14n0296: juans=2 blocks=20
Generated X14n0297: juans=2 blocks=160
Generated X14n0298: juans=10 blocks=1386
Generated X15n0299: juans=10 blocks=1024
Generated X15n0300: juans=10 blocks=1568
Generated X15n0301: juans=3 blocks=2756
Generated X15n0302: juans=10 blocks=202
Generated X15n0303: juans=10 blocks=2132
Generated X15n0304: juans=1 blocks=3
Generated X15n0305: juans=1 blocks=38
Generated X15n0306: juans=10 blocks=3970
Generated X16n0307: juans=1 blocks=81
Generated X16n0308: juans=10 blocks=7409
Generated X16n0309: juans=1 blocks=240
Generated X16n0310: juans=1 blocks=34
Generated X16n0311: juans=2 blocks=195
Progress 3300/4602 blocks=1624980 skipped=1 errors=0
Generated X16n0312: juans=1 blocks=12
Generated X16n0313: juans=1 blocks=155
Generated X16n0314: juans=1 blocks=15
Generated X16n0315: juans=1 blocks=62
Generated X16n0316: juans=10 blocks=1610
Generated X16n0317: juans=10 blocks=2281
Generated X16n0318: juans=10 blocks=890
Generated X17n0321: juans=3 blocks=1331
Generated X17n0322: juans=2 blocks=769
Generated X17n0323: juans=6 blocks=496
Generated X17n0324: juans=4 blocks=279
Generated X17n0325: juans=4 blocks=1574
Generated X17n0326: juans=8 blocks=2047
Generated X17n0327: juans=1 blocks=56
Generated X17n0328: juans=1 blocks=41
Generated X17n0329: juans=4 blocks=1825
Generated X17n0330: juans=8 blocks=868
Generated X17n0331: juans=8 blocks=725
Generated X18n0332: juans=8 blocks=2734
Generated X18n0333: juans=1 blocks=633
Generated X18n0334: juans=8 blocks=1343
Generated X18n0338: juans=28 blocks=3551
Generated X18n0340: juans=3 blocks=34
Generated X19n0343: juans=5 blocks=627
Generated X19n0345: juans=2 blocks=666
Generated X19n0347: juans=14 blocks=70
Generated X19n0348: juans=12 blocks=4181
Generated X19n0349: juans=1 blocks=1
Generated X19n0351: juans=2 blocks=61
Generated X19n0352: juans=2 blocks=150
Generated X19n0353: juans=6 blocks=1152
Generated X20n0355: juans=1 blocks=3
Generated X20n0356: juans=2 blocks=1151
Generated X20n0357: juans=1 blocks=42
Generated X20n0358: juans=8 blocks=5061
Generated X20n0359: juans=3 blocks=1068
Generated X20n0360: juans=7 blocks=495
Generated X20n0361: juans=2 blocks=689
Generated X20n0362: juans=4 blocks=875
Generated X20n0364: juans=4 blocks=2171
Generated X20n0365: juans=1 blocks=53
Generated X20n0366: juans=1 blocks=1
Generated X20n0367: juans=3 blocks=1539
Generated X21n0367: juans=5 blocks=1936
Generated X21n0368: juans=3 blocks=182
Generated X21n0369: juans=9 blocks=2557
Generated X21n0370: juans=1 blocks=40
Generated X21n0371: juans=2 blocks=551
Generated X21n0372: juans=2 blocks=479
Generated X21n0373: juans=2 blocks=218
Progress 3350/4602 blocks=1674330 skipped=1 errors=0
Generated X21n0374: juans=1 blocks=4
Generated X21n0375: juans=2 blocks=970
Generated X21n0376: juans=1 blocks=834
Generated X21n0377: juans=1 blocks=90
Generated X21n0378: juans=1 blocks=95
Generated X21n0379: juans=1 blocks=91
Generated X21n0381: juans=1 blocks=223
Generated X21n0382: juans=1 blocks=2
Generated X21n0383: juans=1 blocks=70
Generated X21n0384: juans=6 blocks=1768
Generated X21n0388: juans=1 blocks=219
Generated X21n0389: juans=1 blocks=41
Generated X21n0393: juans=1 blocks=3
Generated X21n0394: juans=2 blocks=730
Generated X22n0397: juans=1 blocks=216
Generated X22n0400: juans=3 blocks=98
Generated X22n0401: juans=1 blocks=128
Generated X22n0405: juans=1 blocks=57
Generated X22n0406: juans=1 blocks=28
Generated X22n0407: juans=5 blocks=1310
Generated X22n0408: juans=1 blocks=20
Generated X22n0410: juans=1 blocks=75
Generated X22n0411: juans=3 blocks=68
Generated X22n0412: juans=1 blocks=101
Generated X22n0413: juans=2 blocks=512
Generated X22n0414: juans=1 blocks=13
Generated X22n0420: juans=3 blocks=1042
Generated X22n0421: juans=1 blocks=387
Generated X22n0422: juans=1 blocks=351
Generated X22n0423: juans=2 blocks=1004
Generated X22n0424: juans=4 blocks=1208
Generated X22n0425: juans=1 blocks=194
Generated X22n0426: juans=1 blocks=96
Generated X22n0427: juans=4 blocks=2612
Generated X22n0428: juans=1 blocks=419
Generated X22n0429: juans=1 blocks=41
Generated X22n0430: juans=3 blocks=1039
Generated X22n0431: juans=1 blocks=353
Generated X22n0432: juans=1 blocks=319
Generated X22n0433: juans=1 blocks=18
Generated X22n0434: juans=1 blocks=312
Generated X22n0435: juans=1 blocks=162
Generated X23n0438: juans=14 blocks=1438
Generated X23n0439: juans=10 blocks=1324
Generated X23n0445: juans=1 blocks=182
Generated X23n0446: juans=3 blocks=667
Generated X23n0447: juans=2 blocks=184
Generated X24n0448: juans=6 blocks=904
Generated X24n0449: juans=10 blocks=1171
Generated X24n0451: juans=9 blocks=648
Progress 3400/4602 blocks=1698171 skipped=1 errors=0
Generated X24n0454: juans=1 blocks=468
Generated X24n0456: juans=3 blocks=497
Generated X24n0459: juans=2 blocks=264
Generated X24n0460: juans=1 blocks=3
Generated X24n0461: juans=3 blocks=662
Generated X24n0462: juans=2 blocks=339
Generated X24n0464: juans=2 blocks=567
Generated X24n0465: juans=1 blocks=76
Generated X24n0466: juans=1 blocks=279
Generated X24n0467: juans=9 blocks=1259
Generated X24n0468: juans=4 blocks=971
Generated X24n0469: juans=2 blocks=267
Generated X24n0470: juans=2 blocks=199
Generated X25n0471: juans=7 blocks=524
Generated X25n0472: juans=2 blocks=224
Generated X25n0473: juans=1 blocks=16
Generated X25n0474: juans=1 blocks=152
Generated X25n0475: juans=2 blocks=434
Generated X25n0476: juans=1 blocks=194
Generated X25n0477: juans=1 blocks=7
Generated X25n0478: juans=1 blocks=182
Generated X25n0479: juans=1 blocks=161
Generated X25n0480: juans=1 blocks=12
Generated X25n0481: juans=1 blocks=33
Generated X25n0482: juans=1 blocks=204
Generated X25n0483: juans=1 blocks=264
Generated X25n0484: juans=1 blocks=11
Generated X25n0485: juans=1 blocks=305
Generated X25n0486: juans=1 blocks=427
Generated X25n0487: juans=2 blocks=915
Generated X25n0488: juans=1 blocks=209
Generated X25n0489: juans=1 blocks=329
Generated X25n0490: juans=1 blocks=108
Generated X25n0491: juans=10 blocks=4643
Generated X25n0492: juans=1 blocks=8
Generated X25n0493: juans=2 blocks=270
Generated X25n0494: juans=1 blocks=202
Generated X25n0495: juans=1 blocks=266
Generated X25n0496: juans=1 blocks=111
Generated X25n0497: juans=1 blocks=394
Generated X25n0498: juans=2 blocks=193
Generated X25n0499: juans=8 blocks=874
Generated X25n0500: juans=2 blocks=442
Generated X25n0501: juans=2 blocks=271
Generated X25n0502: juans=2 blocks=1879
Generated X25n0503: juans=1 blocks=120
Generated X25n0504: juans=2 blocks=1128
Generated X25n0505: juans=2 blocks=493
Generated X25n0506: juans=2 blocks=62
Progress 3450/4602 blocks=1720089 skipped=1 errors=0
Generated X25n0507: juans=1 blocks=5
Generated X25n0508: juans=2 blocks=107
Generated X25n0509: juans=2 blocks=213
Generated X25n0510: juans=2 blocks=666
Generated X26n0513: juans=3 blocks=831
Generated X26n0514: juans=1 blocks=3
Generated X26n0515: juans=1 blocks=3
Generated X26n0516: juans=1 blocks=143
Generated X26n0517: juans=5 blocks=1164
Generated X26n0519: juans=6 blocks=968
Generated X26n0520: juans=4 blocks=2589
Generated X26n0521: juans=1 blocks=51
Generated X26n0522: juans=1 blocks=50
Generated X26n0525: juans=3 blocks=1824
Generated X26n0526: juans=1 blocks=79
Generated X26n0528: juans=1 blocks=50
Generated X26n0529: juans=1 blocks=30
Generated X26n0530: juans=1 blocks=34
Generated X26n0531: juans=3 blocks=299
Generated X26n0532: juans=2 blocks=481
Generated X26n0533: juans=1 blocks=119
Generated X26n0534: juans=1 blocks=75
Generated X26n0535: juans=1 blocks=91
Generated X26n0536: juans=1 blocks=17
Generated X26n0537: juans=1 blocks=11
Generated X26n0538: juans=1 blocks=10
Generated X26n0539: juans=1 blocks=2
Generated X26n0540: juans=1 blocks=11
Generated X26n0541: juans=1 blocks=60
Generated X26n0542: juans=1 blocks=21
Generated X26n0543: juans=1 blocks=1
Generated X26n0544: juans=1 blocks=54
Generated X26n0545: juans=1 blocks=45
Generated X26n0546: juans=1 blocks=1
Generated X26n0547: juans=1 blocks=41
Generated X26n0548: juans=1 blocks=31
Generated X26n0549: juans=1 blocks=24
Generated X26n0550: juans=1 blocks=45
Generated X26n0551: juans=1 blocks=91
Generated X26n0552: juans=1 blocks=50
Generated X26n0553: juans=1 blocks=55
Generated X26n0554: juans=1 blocks=11
Generated X26n0555: juans=1 blocks=10
Generated X26n0556: juans=1 blocks=4
Generated X26n0557: juans=1 blocks=89
Generated X26n0558: juans=1 blocks=27
Generated X26n0559: juans=1 blocks=152
Generated X26n0560: juans=1 blocks=59
Generated X26n0561: juans=1 blocks=10
Progress 3500/4602 blocks=1730896 skipped=1 errors=0
Generated X26n0562: juans=1 blocks=70
Generated X26n0563: juans=1 blocks=21
Generated X26n0564: juans=1 blocks=39
Generated X26n0565: juans=1 blocks=1
Generated X26n0566: juans=1 blocks=205
Generated X26n0567: juans=1 blocks=18
Generated X26n0568: juans=1 blocks=100
Generated X26n0569: juans=1 blocks=128
Generated X26n0570: juans=1 blocks=35
Generated X26n0571: juans=1 blocks=35
Generated X26n0572: juans=1 blocks=54
Generated X26n0573: juans=1 blocks=15
Generated X26n0574: juans=1 blocks=209
Generated X26n0575: juans=2 blocks=158
Generated X26n0576: juans=1 blocks=46
Generated X27n0577: juans=2 blocks=226
Generated X27n0582: juans=3 blocks=457
Generated X27n0583: juans=1 blocks=115
Generated X27n0584: juans=5 blocks=6
Generated X28n0585: juans=20 blocks=1110
Generated X28n0586: juans=14 blocks=2965
Generated X28n0587: juans=2 blocks=111
Generated X28n0588: juans=4 blocks=934
Generated X28n0589: juans=2 blocks=123
Generated X28n0590: juans=1 blocks=29
Generated X28n0591: juans=1 blocks=49
Generated X28n0592: juans=10 blocks=1971
Generated X28n0593: juans=10 blocks=5029
Generated X29n0594: juans=6 blocks=1228
Generated X29n0595: juans=2 blocks=78
Generated X29n0596: juans=14 blocks=896
Generated X29n0597: juans=4 blocks=2647
Generated X29n0598: juans=3 blocks=248
Generated X29n0599: juans=7 blocks=4957
Generated X30n0600: juans=12 blocks=4446
Generated X30n0601: juans=1 blocks=1
Generated X30n0602: juans=7 blocks=3731
Generated X30n0603: juans=7 blocks=522
Generated X30n0604: juans=8 blocks=18663
Generated X30n0605: juans=10 blocks=5038
Generated X31n0606: juans=8 blocks=5254
Generated X31n0607: juans=7 blocks=5257
Generated X31n0608: juans=7 blocks=973
Generated X31n0609: juans=3 blocks=215
Generated X31n0610: juans=1 blocks=9
Generated X31n0611: juans=7 blocks=1172
Generated X31n0612: juans=2 blocks=1273
Generated X31n0613: juans=1 blocks=34
Generated X31n0614: juans=7 blocks=915
Generated X32n0615: juans=1 blocks=33
Progress 3550/4602 blocks=1802745 skipped=1 errors=0
Generated X32n0616: juans=7 blocks=3964
Generated X32n0617: juans=7 blocks=1535
Generated X32n0618: juans=1 blocks=32
Generated X32n0619: juans=9 blocks=4103
Generated X32n0620: juans=1 blocks=301
Generated X32n0621: juans=1 blocks=65
Generated X32n0622: juans=1 blocks=27
Generated X32n0623: juans=10 blocks=4911
Generated X33n0624: juans=1 blocks=9
Generated X33n0625: juans=7 blocks=4690
Generated X33n0626: juans=1 blocks=53
Generated X33n0627: juans=1 blocks=13
Generated X33n0628: juans=7 blocks=3012
Generated X33n0629: juans=1 blocks=6
Generated X33n0630: juans=1 blocks=219
Generated X33n0631: juans=7 blocks=3902
Generated X33n0632: juans=1 blocks=292
Generated X33n0633: juans=1 blocks=63
Generated X34n0636: juans=4 blocks=1186
Generated X34n0637: juans=2 blocks=384
Generated X34n0638: juans=31 blocks=9713
Generated X34n0639: juans=1 blocks=426
Generated X35n0641: juans=1 blocks=4
Generated X35n0642: juans=4 blocks=1762
Generated X35n0643: juans=1 blocks=2
Generated X35n0645: juans=4 blocks=1665
Generated X35n0646: juans=1 blocks=76
Generated X35n0647: juans=1 blocks=63
Generated X35n0648: juans=1 blocks=144
Generated X35n0650: juans=2 blocks=300
Generated X35n0651: juans=4 blocks=341
Generated X35n0652: juans=12 blocks=1055
Generated X36n0656: juans=2 blocks=951
Generated X36n0658: juans=2 blocks=3
Generated X36n0659: juans=36 blocks=11150
Generated X37n0660: juans=12 blocks=5378
Generated X37n0661: juans=9 blocks=6071
Generated X37n0662: juans=19 blocks=8819
Generated X37n0663: juans=1 blocks=5
Generated X37n0664: juans=1 blocks=13
Generated X37n0665: juans=1 blocks=311
Generated X37n0666: juans=1 blocks=92
Generated X37n0669: juans=1 blocks=223
Generated X37n0670: juans=1 blocks=93
Generated X37n0671: juans=5 blocks=332
Generated X37n0672: juans=1 blocks=30
Progress 3600/4602 blocks=1880534 skipped=1 errors=0
Generated X37n0673: juans=1 blocks=57
Generated X37n0674: juans=14 blocks=514
Generated X37n0675: juans=3 blocks=291
Generated X38n0676: juans=2 blocks=334
Generated X38n0678: juans=3 blocks=1940
Generated X38n0679: juans=5 blocks=2032
Generated X38n0680: juans=1 blocks=203
Generated X38n0681: juans=1 blocks=129
Generated X38n0682: juans=2 blocks=672
Generated X38n0683: juans=1 blocks=44
Generated X38n0686: juans=2 blocks=418
Generated X38n0687: juans=2 blocks=429
Generated X38n0690: juans=1 blocks=65
Generated X38n0691: juans=3 blocks=2658
Generated X38n0692: juans=1 blocks=96
Generated X38n0693: juans=1 blocks=33
Generated X38n0694: juans=7 blocks=1025
Generated X38n0695: juans=8 blocks=714
Generated X38n0696: juans=1 blocks=61
Generated X38n0697: juans=2 blocks=630
Generated X38n0698: juans=1 blocks=461
Generated X39n0699: juans=2 blocks=533
Generated X39n0700: juans=8 blocks=1111
Generated X39n0702: juans=1 blocks=168
Generated X39n0703: juans=1 blocks=121
Generated X39n0704: juans=3 blocks=284
Generated X39n0705: juans=1 blocks=91
Generated X39n0706: juans=1 blocks=34
Generated X39n0707: juans=1 blocks=373
Generated X39n0708: juans=2 blocks=899
Generated X39n0709: juans=16 blocks=3014
Generated X39n0712: juans=1 blocks=393
Generated X39n0714: juans=3 blocks=4802
Generated X40n0714: juans=2 blocks=4807
Generated X40n0715: juans=1 blocks=39
Generated X40n0716: juans=1 blocks=160
Generated X40n0717: juans=12 blocks=931
Generated X40n0718: juans=4 blocks=579
Generated X40n0719: juans=17 blocks=3193
Generated X40n0720: juans=16 blocks=5194
Generated X40n0721: juans=1 blocks=661
Generated X40n0722: juans=1 blocks=487
Generated X40n0723: juans=1 blocks=6
Generated X40n0724: juans=3 blocks=764
Generated X40n0725: juans=1 blocks=317
Generated X40n0726: juans=8 blocks=1456
Generated X41n0728: juans=4 blocks=5333
Generated X41n0729: juans=1 blocks=30
Progress 3650/4602 blocks=1929120 skipped=1 errors=0
Generated X41n0730: juans=15 blocks=3842
Generated X41n0731: juans=10 blocks=2167
Generated X41n0732: juans=3 blocks=881
Generated X42n0733: juans=8 blocks=4068
Generated X42n0734: juans=1 blocks=75
Generated X42n0735: juans=10 blocks=1377
Generated X42n0736: juans=14 blocks=2652
Generated X43n0737: juans=17 blocks=2546
Generated X44n0740: juans=1 blocks=41
Generated X44n0741: juans=1 blocks=62
Generated X44n0742: juans=1 blocks=5
Generated X44n0743: juans=3 blocks=490
Generated X44n0744: juans=40 blocks=3096
Generated X44n0745: juans=1 blocks=57
Generated X44n0747: juans=2 blocks=202
Generated X44n0748: juans=6 blocks=1201
Generated X44n0749: juans=1 blocks=165
Generated X44n0750: juans=2 blocks=805
Generated X44n0751: juans=2 blocks=845
Generated X45n0753: juans=4 blocks=468
Generated X45n0754: juans=1 blocks=11
Generated X45n0755: juans=1 blocks=121
Generated X45n0757: juans=6 blocks=286
Generated X45n0759: juans=2 blocks=23
Generated X45n0762: juans=2 blocks=212
Generated X45n0763: juans=2 blocks=250
Generated X45n0764: juans=2 blocks=375
Generated X45n0765: juans=2 blocks=841
Generated X45n0766: juans=2 blocks=530
Generated X45n0767: juans=1 blocks=84
Generated X45n0768: juans=10 blocks=5340
Generated X45n0770: juans=1 blocks=12
Generated X45n0771: juans=2 blocks=618
Generated X45n0772: juans=5 blocks=3190
Generated X46n0773: juans=1 blocks=3
Generated X46n0774: juans=6 blocks=621
Generated X46n0775: juans=4 blocks=726
Generated X46n0776: juans=4 blocks=322
Generated X46n0777: juans=1 blocks=103
Generated X46n0784: juans=7 blocks=180
Generated X46n0787: juans=2 blocks=149
Generated X46n0788: juans=1 blocks=104
Generated X46n0790: juans=1 blocks=55
Generated X46n0791: juans=7 blocks=2316
Generated X47n0794: juans=1 blocks=1
Generated X48n0796: juans=10 blocks=1129
Generated X48n0797: juans=1 blocks=110
Progress 3700/4602 blocks=1971877 skipped=1 errors=0
Generated X48n0799: juans=3 blocks=252
Generated X48n0802: juans=1 blocks=16
Generated X48n0803: juans=1 blocks=218
Generated X48n0804: juans=1 blocks=113
Generated X48n0805: juans=1 blocks=33
Generated X48n0806: juans=2 blocks=236
Generated X48n0808: juans=4 blocks=89
Generated X49n0810: juans=1 blocks=60
Generated X49n0812: juans=1 blocks=348
Generated X49n0814: juans=5 blocks=1547
Generated X49n0815: juans=12 blocks=6146
Generated X50n0816: juans=1 blocks=342
Generated X50n0817: juans=1 blocks=122
Generated X50n0818: juans=7 blocks=1252
Generated X50n0819: juans=16 blocks=2581
Generated X50n0820: juans=10 blocks=2061
Generated X50n0821: juans=10 blocks=1067
Generated X50n0822: juans=3 blocks=336
Generated X51n0822: juans=7 blocks=499
Generated X51n0823: juans=10 blocks=3477
Generated X51n0824: juans=10 blocks=3033
Generated X51n0825: juans=1 blocks=2
Generated X51n0826: juans=10 blocks=6368
Generated X51n0827: juans=1 blocks=62
Generated X51n0828: juans=1 blocks=61
Generated X51n0830: juans=1 blocks=49
Generated X51n0831: juans=1 blocks=76
Generated X51n0832: juans=1 blocks=228
Generated X51n0833: juans=1 blocks=147
Generated X53n0836: juans=7 blocks=239
Generated X53n0837: juans=1 blocks=124
Generated X53n0838: juans=1 blocks=63
Generated X53n0839: juans=3 blocks=1143
Generated X53n0841: juans=29 blocks=950
Generated X53n0842: juans=2 blocks=42
Generated X53n0843: juans=2 blocks=1200
Generated X53n0844: juans=1 blocks=409
Generated X53n0845: juans=1 blocks=659
Generated X53n0846: juans=3 blocks=228
Generated X53n0847: juans=1 blocks=250
Generated X53n0848: juans=1 blocks=172
Generated X53n0852: juans=1 blocks=136
Generated X53n0853: juans=3 blocks=857
Generated X53n0854: juans=3 blocks=502
Generated X53n0855: juans=1 blocks=872
Generated X53n0856: juans=1 blocks=210
Generated X53n0857: juans=1 blocks=184
Generated X53n0858: juans=1 blocks=146
Generated X53n0859: juans=1 blocks=153
Generated X53n0860: juans=1 blocks=15
Progress 3750/4602 blocks=2011252 skipped=1 errors=0
Generated X53n0861: juans=1 blocks=58
Generated X53n0862: juans=1 blocks=56
Generated X54n0866: juans=2 blocks=160
Generated X54n0868: juans=1 blocks=2
Generated X54n0869: juans=1 blocks=64
Generated X54n0870: juans=6 blocks=3569
Generated X54n0872: juans=3 blocks=516
Generated X54n0873: juans=6 blocks=607
Generated X54n0876: juans=1 blocks=18
Generated X54n0878: juans=1 blocks=3
Generated X54n0879: juans=2 blocks=38
Generated X54n0880: juans=1 blocks=62
Generated X55n0882: juans=3 blocks=276
Generated X55n0883: juans=2 blocks=2302
Generated X55n0884: juans=1 blocks=752
Generated X55n0888: juans=2 blocks=3862
Generated X55n0890: juans=1 blocks=67
Generated X55n0891: juans=1 blocks=19
Generated X55n0892: juans=1 blocks=85
Generated X55n0893: juans=1 blocks=39
Generated X55n0894: juans=1 blocks=68
Generated X55n0895: juans=1 blocks=42
Generated X55n0896: juans=1 blocks=10
Generated X55n0897: juans=1 blocks=85
Generated X55n0898: juans=1 blocks=255
Generated X55n0899: juans=1 blocks=2
Generated X55n0900: juans=1 blocks=44
Generated X55n0901: juans=1 blocks=36
Generated X55n0902: juans=1 blocks=9
Generated X55n0903: juans=1 blocks=16
Generated X55n0904: juans=5 blocks=292
Generated X55n0905: juans=4 blocks=756
Generated X55n0907: juans=1 blocks=50
Generated X55n0908: juans=1 blocks=9
Generated X55n0909: juans=2 blocks=68
Generated X55n0911: juans=1 blocks=1
Generated X55n0912: juans=1 blocks=11
Generated X55n0913: juans=1 blocks=3
Generated X55n0914: juans=1 blocks=1
Generated X55n0915: juans=3 blocks=39
Generated X55n0916: juans=1 blocks=4
Generated X55n0917: juans=1 blocks=6
Generated X55n0918: juans=1 blocks=28
Generated X55n0919: juans=10 blocks=1925
Generated X55n0920: juans=4 blocks=1319
Generated X56n0921: juans=6 blocks=292
Generated X56n0922: juans=1 blocks=468
Generated X56n0923: juans=6 blocks=696
Generated X56n0924: juans=2 blocks=3
Generated X56n0925: juans=1 blocks=60
Progress 3800/4602 blocks=2030405 skipped=1 errors=0
Generated X56n0926: juans=2 blocks=77
Generated X56n0927: juans=1 blocks=875
Generated X56n0928: juans=1 blocks=456
Generated X56n0929: juans=1 blocks=258
Generated X56n0930: juans=2 blocks=676
Generated X56n0931: juans=2 blocks=609
Generated X56n0932: juans=2 blocks=529
Generated X56n0933: juans=1 blocks=2
Generated X56n0934: juans=1 blocks=1
Generated X56n0935: juans=4 blocks=197
Generated X56n0936: juans=1 blocks=43
Generated X56n0937: juans=3 blocks=161
Generated X56n0938: juans=1 blocks=33
Generated X56n0939: juans=3 blocks=892
Generated X56n0940: juans=1 blocks=3
Generated X56n0941: juans=1 blocks=7
Generated X56n0942: juans=6 blocks=199
Generated X56n0943: juans=1 blocks=7
Generated X56n0944: juans=1 blocks=67
Generated X56n0946: juans=1 blocks=33
Generated X56n0948: juans=7 blocks=202
Generated X56n0949: juans=41 blocks=612
Generated X57n0950: juans=3 blocks=156
Generated X57n0951: juans=3 blocks=154
Generated X57n0952: juans=1 blocks=90
Generated X57n0953: juans=1 blocks=5
Generated X57n0954: juans=1 blocks=74
Generated X57n0955: juans=1 blocks=10
Generated X57n0956: juans=2 blocks=57
Generated X57n0957: juans=1 blocks=51
Generated X57n0958: juans=1 blocks=12
Generated X57n0959: juans=1 blocks=1
Generated X57n0960: juans=1 blocks=13
Generated X57n0961: juans=1 blocks=163
Generated X57n0962: juans=1 blocks=10
Generated X57n0963: juans=1 blocks=28
Generated X57n0964: juans=4 blocks=97
Generated X57n0965: juans=3 blocks=88
Generated X57n0966: juans=4 blocks=445
Generated X57n0967: juans=2 blocks=134
Generated X57n0968: juans=2 blocks=350
Generated X57n0969: juans=2 blocks=359
Generated X57n0970: juans=6 blocks=183
Generated X57n0971: juans=1 blocks=20
Generated X57n0972: juans=3 blocks=222
Generated X57n0974: juans=1 blocks=44
Generated X57n0975: juans=4 blocks=127
Generated X57n0976: juans=3 blocks=824
Generated X57n0977: juans=2 blocks=350
Generated X57n0978: juans=1 blocks=2
Progress 3850/4602 blocks=2040413 skipped=1 errors=0
Generated X57n0979: juans=1 blocks=220
Generated X57n0980: juans=10 blocks=4107
Generated X58n0985: juans=1 blocks=181
Generated X58n0991: juans=1 blocks=5
Generated X58n0994: juans=1 blocks=295
Generated X58n0995: juans=10 blocks=1739
Generated X58n0996: juans=2 blocks=124
Generated X58n0998: juans=3 blocks=1900
Generated X58n0999: juans=1 blocks=163
Generated X58n1000: juans=1 blocks=101
Generated X58n1004: juans=1 blocks=1
Generated X58n1005: juans=1 blocks=34
Generated X58n1010: juans=1 blocks=25
Generated X58n1013: juans=1 blocks=108
Generated X58n1014: juans=1 blocks=3
Generated X58n1015: juans=2 blocks=288
Generated X58n1016: juans=1 blocks=60
Generated X58n1017: juans=1 blocks=65
Generated X58n1018: juans=1 blocks=23
Generated X58n1019: juans=1 blocks=65
Generated X58n1020: juans=1 blocks=16
Generated X58n1022: juans=1 blocks=177
Generated X58n1023: juans=1 blocks=1
Generated X58n1024: juans=6 blocks=1020
Generated X58n1025: juans=1 blocks=163
Generated X58n1026: juans=1 blocks=23
Generated X58n1027: juans=1 blocks=9
Generated X58n1028: juans=1 blocks=17
Generated X58n1029: juans=1 blocks=38
Generated X58n1030: juans=1 blocks=20
Generated X58n1031: juans=3 blocks=335
Generated X58n1032: juans=3 blocks=755
Generated X58n1033: juans=2 blocks=342
Generated X59n1043: juans=1 blocks=173
Generated X59n1048: juans=1 blocks=7
Generated X59n1052: juans=1 blocks=29
Generated X59n1054: juans=1 blocks=197
Generated X59n1069: juans=1 blocks=12
Generated X59n1073: juans=1 blocks=2
Generated X59n1074: juans=1 blocks=1
Generated X59n1077: juans=3 blocks=142
Generated X59n1078: juans=1 blocks=66
Generated X59n1079: juans=1 blocks=48
Generated X59n1080: juans=1 blocks=410
Generated X59n1081: juans=1 blocks=495
Generated X59n1082: juans=1 blocks=3
Progress 3900/4602 blocks=2054421 skipped=1 errors=0
Generated X59n1083: juans=2 blocks=416
Generated X59n1084: juans=2 blocks=441
Generated X59n1085: juans=1 blocks=97
Generated X59n1086: juans=1 blocks=16
Generated X59n1087: juans=1 blocks=24
Generated X59n1088: juans=1 blocks=20
Generated X59n1094: juans=1 blocks=159
Generated X59n1095: juans=3 blocks=870
Generated X59n1096: juans=3 blocks=708
Generated X59n1097: juans=1 blocks=282
Generated X59n1098: juans=1 blocks=12
Generated X59n1099: juans=1 blocks=15
Generated X59n1100: juans=1 blocks=5
Generated X59n1102: juans=1 blocks=14
Generated X59n1103: juans=1 blocks=32
Generated X59n1104: juans=3 blocks=178
Generated X59n1105: juans=2 blocks=55
Generated X59n1106: juans=1 blocks=6
Generated X59n1107: juans=3 blocks=923
Generated X59n1108: juans=2 blocks=165
Generated X59n1109: juans=3 blocks=630
Generated X60n1110: juans=3 blocks=428
Generated X60n1111: juans=1 blocks=32
Generated X60n1112: juans=1 blocks=28
Generated X60n1113: juans=10 blocks=619
Generated X60n1114: juans=1 blocks=195
Generated X60n1115: juans=1 blocks=135
Generated X60n1116: juans=2 blocks=793
Generated X60n1117: juans=2 blocks=226
Generated X60n1118: juans=2 blocks=963
Generated X60n1119: juans=2 blocks=851
Generated X60n1120: juans=3 blocks=2063
Generated X60n1121: juans=1 blocks=49
Generated X60n1122: juans=1 blocks=90
Generated X60n1123: juans=3 blocks=1000
Generated X60n1124: juans=1 blocks=124
Generated X60n1125: juans=3 blocks=298
Generated X60n1126: juans=2 blocks=487
Generated X60n1127: juans=1 blocks=213
Generated X60n1128: juans=4 blocks=796
Generated X60n1129: juans=3 blocks=130
Generated X60n1130: juans=1 blocks=33
Generated X60n1131: juans=1 blocks=73
Generated X60n1132: juans=1 blocks=48
Generated X60n1133: juans=1 blocks=212
Generated X60n1134: juans=2 blocks=316
Generated X60n1135: juans=2 blocks=963
Generated X60n1136: juans=1 blocks=508
Generated X60n1137: juans=1 blocks=86
Generated X60n1138: juans=1 blocks=87
Progress 3950/4602 blocks=2071335 skipped=1 errors=0
Generated X60n1139: juans=1 blocks=15
Generated X61n1145: juans=2 blocks=414
Generated X61n1149: juans=1 blocks=161
Generated X61n1154: juans=2 blocks=419
Generated X61n1155: juans=1 blocks=78
Generated X61n1156: juans=2 blocks=1047
Generated X61n1157: juans=1 blocks=106
Generated X61n1158: juans=1 blocks=98
Generated X61n1160: juans=1 blocks=49
Generated X61n1161: juans=1 blocks=37
Generated X61n1162: juans=6 blocks=1419
Generated X61n1163: juans=3 blocks=121
Generated X61n1164: juans=10 blocks=798
Generated X61n1165: juans=10 blocks=96
Generated X61n1166: juans=2 blocks=136
Generated X61n1167: juans=1 blocks=436
Generated X61n1168: juans=2 blocks=454
Generated X61n1169: juans=1 blocks=271
Generated X62n1170: juans=1 blocks=216
Generated X62n1171: juans=1 blocks=65
Generated X62n1172: juans=10 blocks=397
Generated X62n1173: juans=4 blocks=268
Generated X62n1174: juans=1 blocks=17
Generated X62n1175: juans=1 blocks=14
Generated X62n1176: juans=2 blocks=418
Generated X62n1177: juans=2 blocks=264
Generated X62n1178: juans=1 blocks=29
Generated X62n1179: juans=2 blocks=215
Generated X62n1180: juans=2 blocks=70
Generated X62n1181: juans=2 blocks=130
Generated X62n1182: juans=2 blocks=75
Generated X62n1183: juans=1 blocks=38
Generated X62n1184: juans=1 blocks=208
Generated X62n1185: juans=4 blocks=363
Generated X62n1186: juans=1 blocks=20
Generated X62n1187: juans=2 blocks=483
Generated X62n1188: juans=1 blocks=60
Generated X62n1189: juans=1 blocks=189
Generated X62n1190: juans=1 blocks=8
Generated X62n1191: juans=1 blocks=125
Generated X62n1192: juans=1 blocks=238
Generated X62n1193: juans=1 blocks=230
Generated X62n1194: juans=1 blocks=135
Generated X62n1195: juans=1 blocks=33
Generated X62n1196: juans=3 blocks=305
Generated X62n1197: juans=1 blocks=124
Generated X62n1198: juans=1 blocks=132
Generated X62n1199: juans=1 blocks=124
Generated X62n1200: juans=1 blocks=96
Generated X62n1201: juans=1 blocks=29
Progress 4000/4602 blocks=2082608 skipped=1 errors=0
Generated X62n1202: juans=1 blocks=195
Generated X62n1203: juans=1 blocks=128
Generated X62n1204: juans=6 blocks=326
Generated X62n1205: juans=2 blocks=317
Generated X62n1206: juans=1 blocks=75
Generated X62n1207: juans=1 blocks=541
Generated X62n1208: juans=1 blocks=81
Generated X62n1209: juans=1 blocks=76
Generated X62n1210: juans=1 blocks=25
Generated X62n1211: juans=1 blocks=208
Generated X62n1212: juans=1 blocks=45
Generated X62n1213: juans=1 blocks=79
Generated X62n1214: juans=1 blocks=671
Generated X62n1215: juans=1 blocks=110
Generated X62n1216: juans=1 blocks=56
Generated X63n1217: juans=1 blocks=7
Generated X63n1218: juans=1 blocks=18
Generated X63n1219: juans=1 blocks=3
Generated X63n1220: juans=1 blocks=29
Generated X63n1222: juans=1 blocks=97
Generated X63n1223: juans=1 blocks=244
Generated X63n1224: juans=1 blocks=45
Generated X63n1225: juans=1 blocks=54
Generated X63n1226: juans=1 blocks=17
Generated X63n1229: juans=1 blocks=1
Generated X63n1230: juans=1 blocks=1
Generated X63n1231: juans=4 blocks=1035
Generated X63n1232: juans=1 blocks=178
Generated X63n1233: juans=1 blocks=4
Generated X63n1234: juans=1 blocks=1
Generated X63n1235: juans=1 blocks=273
Generated X63n1236: juans=3 blocks=258
Generated X63n1237: juans=1 blocks=15
Generated X63n1238: juans=1 blocks=13
Generated X63n1239: juans=1 blocks=365
Generated X63n1240: juans=2 blocks=389
Generated X63n1241: juans=1 blocks=294
Generated X63n1242: juans=2 blocks=784
Generated X63n1244: juans=9 blocks=1244
Generated X63n1245: juans=10 blocks=312
Generated X63n1246: juans=1 blocks=23
Generated X63n1247: juans=1 blocks=183
Generated X63n1248: juans=1 blocks=303
Generated X63n1249: juans=2 blocks=480
Generated X63n1250: juans=10 blocks=558
Generated X63n1251: juans=1 blocks=43
Generated X63n1252: juans=4 blocks=1368
Generated X63n1253: juans=1 blocks=162
Generated X63n1254: juans=1 blocks=14
Generated X63n1255: juans=1 blocks=212
Progress 4050/4602 blocks=2094568 skipped=1 errors=0
Generated X63n1256: juans=1 blocks=142
Generated X63n1257: juans=2 blocks=202
Generated X63n1258: juans=1 blocks=82
Generated X63n1259: juans=1 blocks=17
Generated X64n1260: juans=42 blocks=3306
Generated X64n1261: juans=8 blocks=2980
Generated X64n1262: juans=1 blocks=1177
Generated X64n1263: juans=4 blocks=1398
Generated X64n1264: juans=1 blocks=150
Generated X64n1265: juans=4 blocks=623
Generated X64n1266: juans=3 blocks=1369
Generated X64n1268: juans=1 blocks=76
Generated X64n1269: juans=1 blocks=82
Generated X64n1270: juans=1 blocks=34
Generated X64n1271: juans=1 blocks=188
Generated X64n1276: juans=3 blocks=89
Generated X65n1277: juans=15 blocks=946
Generated X65n1278: juans=8 blocks=1295
Generated X65n1279: juans=1 blocks=67
Generated X65n1280: juans=10 blocks=207
Generated X65n1281: juans=8 blocks=180
Generated X65n1282: juans=3 blocks=914
Generated X65n1283: juans=2 blocks=20
Generated X65n1285: juans=1 blocks=35
Generated X65n1286: juans=2 blocks=117
Generated X65n1287: juans=1 blocks=73
Generated X65n1288: juans=3 blocks=230
Generated X65n1289: juans=1 blocks=15
Generated X65n1290: juans=1 blocks=372
Generated X65n1291: juans=1 blocks=642
Generated X65n1292: juans=1 blocks=264
Generated X65n1293: juans=1 blocks=142
Generated X65n1294: juans=1 blocks=153
Generated X65n1295: juans=40 blocks=7134
Generated X66n1296: juans=45 blocks=6078
Generated X66n1297: juans=72 blocks=10273
Generated X66n1298: juans=2 blocks=470
Generated X67n1299: juans=20 blocks=1910
Generated X67n1301: juans=2 blocks=206
Generated X67n1302: juans=2 blocks=207
Generated X67n1303: juans=6 blocks=503
Generated X67n1304: juans=6 blocks=504
Generated X67n1306: juans=2 blocks=200
Generated X67n1307: juans=2 blocks=204
Generated X67n1308: juans=5 blocks=671
Generated X67n1309: juans=3 blocks=810
Generated X67n1310: juans=3 blocks=1345
Generated X67n1312: juans=1 blocks=303
Generated X67n1313: juans=1 blocks=304
Generated X68n1314: juans=1 blocks=3
Progress 4100/4602 blocks=2143280 skipped=1 errors=0
Generated X68n1315: juans=48 blocks=3407
Generated X68n1316: juans=1 blocks=26
Generated X68n1317: juans=1 blocks=43
Generated X68n1318: juans=6 blocks=2967
Generated X68n1319: juans=19 blocks=2983
Generated X69n1320: juans=1 blocks=6
Generated X69n1321: juans=1 blocks=33
Generated X69n1322: juans=1 blocks=25
Generated X69n1323: juans=1 blocks=6
Generated X69n1326: juans=1 blocks=7
Generated X69n1333: juans=2 blocks=368
Generated X69n1335: juans=4 blocks=225
Generated X69n1336: juans=2 blocks=178
Generated X69n1338: juans=1 blocks=279
Generated X69n1339: juans=1 blocks=2
Generated X69n1340: juans=1 blocks=1
Generated X69n1342: juans=1 blocks=18
Generated X69n1343: juans=1 blocks=254
Generated X69n1344: juans=1 blocks=74
Generated X69n1345: juans=1 blocks=92
Generated X69n1346: juans=1 blocks=247
Generated X69n1347: juans=1 blocks=416
Generated X69n1348: juans=1 blocks=38
Generated X69n1350: juans=1 blocks=375
Generated X69n1351: juans=2 blocks=230
Generated X69n1352: juans=4 blocks=530
Generated X69n1353: juans=2 blocks=155
Generated X69n1354: juans=1 blocks=165
Generated X69n1355: juans=2 blocks=214
Generated X69n1356: juans=3 blocks=1421
Generated X69n1357: juans=4 blocks=270
Generated X69n1358: juans=1 blocks=186
Generated X69n1359: juans=10 blocks=396
Generated X69n1360: juans=4 blocks=478
Generated X69n1361: juans=1 blocks=236
Generated X69n1362: juans=2 blocks=328
Generated X69n1363: juans=1 blocks=51
Generated X69n1364: juans=1 blocks=169
Generated X69n1365: juans=1 blocks=441
Generated X69n1366: juans=1 blocks=304
Generated X69n1367: juans=4 blocks=262
Generated X69n1368: juans=2 blocks=543
Generated X69n1369: juans=1 blocks=373
Generated X69n1370: juans=1 blocks=193
Generated X69n1371: juans=1 blocks=462
Generated X69n1372: juans=1 blocks=160
Generated X70n1374: juans=1 blocks=123
Generated X70n1375: juans=1 blocks=74
Generated X70n1376: juans=2 blocks=385
Generated X70n1377: juans=2 blocks=925
Progress 4150/4602 blocks=2164424 skipped=1 errors=0
Generated X70n1378: juans=1 blocks=138
Generated X70n1379: juans=1 blocks=71
Generated X70n1381: juans=1 blocks=288
Generated X70n1382: juans=5 blocks=1210
Generated X70n1383: juans=1 blocks=125
Generated X70n1384: juans=1 blocks=297
Generated X70n1385: juans=2 blocks=343
Generated X70n1386: juans=4 blocks=718
Generated X70n1387: juans=1 blocks=151
Generated X70n1388: juans=2 blocks=522
Generated X70n1389: juans=1 blocks=182
Generated X70n1390: juans=7 blocks=1324
Generated X70n1391: juans=2 blocks=370
Generated X70n1392: juans=2 blocks=501
Generated X70n1393: juans=1 blocks=220
Generated X70n1394: juans=2 blocks=472
Generated X70n1395: juans=1 blocks=53
Generated X70n1396: juans=2 blocks=226
Generated X70n1397: juans=4 blocks=525
Generated X70n1398: juans=1 blocks=164
Generated X70n1399: juans=2 blocks=386
Generated X70n1400: juans=2 blocks=319
Generated X70n1401: juans=1 blocks=82
Generated X70n1402: juans=3 blocks=480
Generated X70n1403: juans=9 blocks=580
Generated X71n1404: juans=3 blocks=193
Generated X71n1405: juans=3 blocks=845
Generated X71n1406: juans=1 blocks=114
Generated X71n1407: juans=1 blocks=316
Generated X71n1408: juans=1 blocks=182
Generated X71n1409: juans=3 blocks=862
Generated X71n1410: juans=2 blocks=290
Generated X71n1411: juans=2 blocks=687
Generated X71n1412: juans=5 blocks=718
Generated X71n1413: juans=2 blocks=371
Generated X71n1414: juans=9 blocks=1418
Generated X71n1415: juans=1 blocks=96
Generated X71n1416: juans=6 blocks=576
Generated X71n1417: juans=4 blocks=750
Generated X71n1418: juans=8 blocks=451
Generated X71n1419: juans=8 blocks=557
Generated X71n1420: juans=20 blocks=1540
Generated X71n1421: juans=10 blocks=518
Generated X71n1422: juans=4 blocks=515
Generated X71n1423: juans=2 blocks=407
Generated X71n1424: juans=1 blocks=29
Generated X71n1425: juans=2 blocks=331
Generated X71n1426: juans=2 blocks=221
Generated X72n1428: juans=6 blocks=313
Generated X72n1431: juans=1 blocks=219
Progress 4200/4602 blocks=2186690 skipped=1 errors=0
Generated X72n1432: juans=4 blocks=762
Generated X72n1433: juans=1 blocks=115
Generated X72n1434: juans=1 blocks=129
Generated X72n1435: juans=33 blocks=1557
Generated X72n1436: juans=1 blocks=3
Generated X72n1437: juans=30 blocks=2210
Generated X72n1438: juans=2 blocks=109
Generated X72n1439: juans=2 blocks=450
Generated X72n1440: juans=4 blocks=231
Generated X72n1441: juans=1 blocks=42
Generated X72n1442: juans=4 blocks=436
Generated X72n1443: juans=6 blocks=315
Generated X72n1444: juans=8 blocks=868
Generated X73n1445: juans=3 blocks=1877
Generated X73n1446: juans=3 blocks=345
Generated X73n1447: juans=1 blocks=70
Generated X73n1448: juans=1 blocks=190
Generated X73n1449: juans=2 blocks=264
Generated X73n1450: juans=1 blocks=123
Generated X73n1451: juans=4 blocks=644
Generated X73n1452: juans=29 blocks=2398
Generated X73n1453: juans=4 blocks=294
Generated X73n1454: juans=2 blocks=168
Generated X73n1455: juans=1 blocks=67
Generated X73n1456: juans=52 blocks=2955
Generated X73n1457: juans=1 blocks=62
Generated X73n1458: juans=1 blocks=11
Generated X74n1464: juans=1 blocks=92
Generated X74n1465: juans=1 blocks=119
Generated X74n1466: juans=1 blocks=22
Generated X74n1467: juans=10 blocks=704
Generated X74n1468: juans=1 blocks=61
Generated X74n1469: juans=1 blocks=105
Generated X74n1470: juans=42 blocks=2283
Generated X74n1471: juans=1 blocks=37
Generated X74n1472: juans=1 blocks=82
Generated X74n1473: juans=1 blocks=41
Generated X74n1474: juans=1 blocks=13
Generated X74n1475: juans=18 blocks=1214
Generated X74n1476: juans=1 blocks=51
Generated X74n1477: juans=1 blocks=27
Generated X74n1478: juans=2 blocks=154
Generated X74n1479: juans=1 blocks=84
Generated X74n1480: juans=1 blocks=57
Generated X74n1481: juans=1 blocks=85
Generated X74n1482: juans=1 blocks=141
Generated X74n1483: juans=1 blocks=43
Generated X74n1484: juans=3 blocks=59
Generated X74n1485: juans=1 blocks=78
Generated X74n1486: juans=1 blocks=19
Progress 4250/4602 blocks=2208956 skipped=1 errors=0
Generated X74n1487: juans=3 blocks=61
Generated X74n1488: juans=4 blocks=115
Generated X74n1489: juans=1 blocks=11
Generated X74n1490: juans=1 blocks=46
Generated X74n1491: juans=1 blocks=119
Generated X74n1492: juans=1 blocks=54
Generated X74n1493: juans=1 blocks=57
Generated X74n1494: juans=1 blocks=318
Generated X74n1495: juans=3 blocks=1149
Generated X74n1496: juans=3 blocks=1053
Generated X74n1497: juans=6 blocks=817
Generated X74n1498: juans=9 blocks=753
Generated X74n1499: juans=10 blocks=3707
Generated X74n1500: juans=1 blocks=21
Generated X74n1501: juans=1 blocks=28
Generated X74n1504: juans=1 blocks=18
Generated X74n1505: juans=1 blocks=21
Generated X74n1506: juans=1 blocks=21
Generated X74n1507: juans=1 blocks=24
Generated X75n1508: juans=1 blocks=1
Generated X75n1509: juans=2 blocks=446
Generated X75n1510: juans=2 blocks=206
Generated X75n1511: juans=2 blocks=209
Generated X75n1512: juans=29 blocks=635
Generated X75n1513: juans=8 blocks=256
Generated X75n1515: juans=2 blocks=30
Generated X76n1516: juans=12 blocks=1207
Generated X76n1517: juans=12 blocks=995
Generated X77n1521: juans=7 blocks=496
Generated X77n1522: juans=30 blocks=1877
Generated X77n1523: juans=1 blocks=44
Generated X77n1524: juans=26 blocks=689
Generated X77n1526: juans=1 blocks=92
Generated X77n1527: juans=1 blocks=7
Generated X77n1530: juans=1 blocks=7
Generated X77n1532: juans=1 blocks=28
Generated X77n1533: juans=1 blocks=80
Generated X77n1534: juans=1 blocks=66
Generated X77n1535: juans=2 blocks=363
Generated X78n1539: juans=2 blocks=130
Generated X78n1540: juans=2 blocks=251
Generated X78n1541: juans=2 blocks=231
Generated X78n1542: juans=2 blocks=153
Generated X78n1543: juans=1 blocks=33
Generated X78n1546: juans=3 blocks=76
Generated X78n1547: juans=1 blocks=249
Generated X78n1549: juans=9 blocks=495
Generated X78n1550: juans=4 blocks=209
Generated X78n1551: juans=2 blocks=415
Generated X78n1552: juans=7 blocks=219
Progress 4300/4602 blocks=2227544 skipped=1 errors=0
Generated X78n1553: juans=30 blocks=4181
Generated X78n1554: juans=4 blocks=2141
Generated X78n1555: juans=3 blocks=303
Generated X78n1556: juans=30 blocks=11937
Generated X79n1557: juans=30 blocks=5465
Generated X79n1558: juans=3 blocks=7
Generated X79n1559: juans=30 blocks=1384
Generated X79n1560: juans=30 blocks=154
Generated X79n1561: juans=7 blocks=55
Generated X79n1562: juans=15 blocks=191
Generated X79n1563: juans=3 blocks=371
Generated X80n1564: juans=2 blocks=7
Generated X80n1565: juans=20 blocks=2091
Generated X80n1566: juans=4 blocks=390
Generated X80n1567: juans=2 blocks=30
Generated X80n1568: juans=9 blocks=755
Generated X81n1568: juans=16 blocks=1725
Generated X81n1569: juans=1 blocks=39
Generated X81n1570: juans=16 blocks=30
Generated X81n1571: juans=33 blocks=1513
Generated X82n1571: juans=87 blocks=3731
Generated X83n1572: juans=3 blocks=4
Generated X83n1574: juans=6 blocks=434
Generated X83n1576: juans=1 blocks=38
Generated X83n1577: juans=2 blocks=100
Generated X83n1578: juans=32 blocks=2049
Generated X84n1579: juans=20 blocks=790
Generated X84n1580: juans=16 blocks=766
Generated X84n1581: juans=1 blocks=127
Generated X84n1582: juans=1 blocks=17
Generated X84n1583: juans=42 blocks=3232
Generated X84n1584: juans=1 blocks=7
Generated X84n1585: juans=12 blocks=517
Generated X85n1586: juans=1 blocks=1
Generated X85n1587: juans=15 blocks=543
Generated X85n1588: juans=1 blocks=28
Generated X85n1589: juans=1 blocks=23
Generated X85n1590: juans=20 blocks=592
Generated X85n1591: juans=8 blocks=618
Generated X85n1592: juans=8 blocks=164
Generated X85n1593: juans=10 blocks=2850
Generated X85n1594: juans=41 blocks=765
Generated X86n1595: juans=1 blocks=98
Generated X86n1596: juans=1 blocks=143
Generated X86n1597: juans=2 blocks=13
Generated X86n1598: juans=1 blocks=16
Generated X86n1599: juans=1 blocks=79
Generated X86n1600: juans=32 blocks=6273
Generated X86n1601: juans=9 blocks=180
Generated X86n1602: juans=1 blocks=29
Progress 4350/4602 blocks=2284540 skipped=1 errors=0
Generated X86n1603: juans=1 blocks=40
Generated X86n1604: juans=1 blocks=43
Generated X86n1605: juans=6 blocks=237
Generated X86n1606: juans=2 blocks=118
Generated X86n1607: juans=2 blocks=228
Generated X86n1608: juans=4 blocks=226
Generated X86n1609: juans=1 blocks=31
Generated X86n1610: juans=2 blocks=100
Generated X86n1611: juans=2 blocks=148
Generated X87n1612: juans=1 blocks=130
Generated X87n1613: juans=3 blocks=157
Generated X87n1614: juans=3 blocks=530
Generated X87n1615: juans=1 blocks=158
Generated X87n1616: juans=2 blocks=153
Generated X87n1617: juans=1 blocks=72
Generated X87n1618: juans=2 blocks=213
Generated X87n1619: juans=1 blocks=9
Generated X87n1620: juans=5 blocks=234
Generated X87n1621: juans=1 blocks=48
Generated X87n1622: juans=1 blocks=140
Generated X87n1623: juans=2 blocks=219
Generated X87n1624: juans=2 blocks=196
Generated X87n1625: juans=1 blocks=58
Generated X87n1626: juans=4 blocks=191
Generated X87n1627: juans=1 blocks=207
Generated X87n1628: juans=16 blocks=449
Generated X87n1629: juans=3 blocks=112
Generated X87n1630: juans=1 blocks=22
Generated X87n1631: juans=2 blocks=83
Generated X87n1632: juans=1 blocks=45
Generated X87n1633: juans=1 blocks=43
Generated X87n1634: juans=3 blocks=112
Generated X87n1635: juans=2 blocks=162
Generated X87n1636: juans=1 blocks=54
Generated X87n1638: juans=1 blocks=37
Generated X88n1640: juans=3 blocks=35
Generated X88n1641: juans=1 blocks=60
Generated X88n1642: juans=4 blocks=195
Generated X88n1643: juans=3 blocks=140
Generated X88n1644: juans=3 blocks=248
Generated X88n1645: juans=5 blocks=397
Generated X88n1646: juans=56 blocks=348
Generated X88n1648: juans=7 blocks=69
Generated X88n1649: juans=4 blocks=215
Generated X88n1651: juans=2 blocks=75
Generated X88n1654: juans=1 blocks=6
Generated X88n1655: juans=1 blocks=8
Generated X88n1656: juans=1 blocks=67
Generated X88n1657: juans=2 blocks=148
Generated X88n1658: juans=2 blocks=70
Progress 4400/4602 blocks=2291626 skipped=1 errors=0
Generated X88n1660: juans=2 blocks=197
Generated X88n1661: juans=2 blocks=224
Generated X88n1666: juans=1 blocks=41
Generated X88n1667: juans=1 blocks=257
Generated X88n1668: juans=1 blocks=14
Generated X88n1671: juans=1 blocks=107
Generated Y01n0001: juans=3 blocks=335
Generated Y02n0002: juans=2 blocks=501
Generated Y03n0003: juans=2 blocks=480
Generated Y04n0004: juans=2 blocks=314
Generated Y05n0005: juans=2 blocks=778
Generated Y06n0006: juans=2 blocks=1031
Generated Y07n0007: juans=2 blocks=522
Generated Y08n0008: juans=20 blocks=241
Generated Y09n0009: juans=12 blocks=222
Generated Y10n0010: juans=2 blocks=518
Generated Y11n0011: juans=3 blocks=725
Generated Y12n0012: juans=5 blocks=729
Generated Y13n0013: juans=1 blocks=2490
Generated Y14n0014: juans=14 blocks=361
Generated Y15n0015: juans=11 blocks=262
Generated Y16n0016: juans=12 blocks=348
Generated Y17n0017: juans=6 blocks=333
Generated Y18n0018: juans=4 blocks=277
Generated Y19n0019: juans=8 blocks=399
Generated Y20n0020: juans=11 blocks=397
Generated Y21n0021: juans=14 blocks=260
Generated Y22n0022: juans=20 blocks=561
Generated Y23n0023: juans=39 blocks=522
Generated Y24n0024: juans=43 blocks=482
Generated Y25n0025: juans=5 blocks=987
Generated Y26n0026: juans=2 blocks=423
Generated Y27n0027: juans=7 blocks=624
Generated Y28n0028: juans=11 blocks=265
Generated Y29n0029: juans=43 blocks=439
Generated Y30n0030: juans=2 blocks=891
Generated Y31n0030: juans=2 blocks=863
Generated Y32n0030: juans=3 blocks=2521
Generated Y33n0031: juans=18 blocks=274
Generated Y34n0032: juans=10 blocks=632
Generated Y35n0033: juans=12 blocks=1854
Generated Y36n0034: juans=14 blocks=2443
Generated Y37n0035: juans=15 blocks=2762
Generated Y38n0036: juans=4 blocks=589
Generated Y39n0037: juans=8 blocks=757
Generated Y40n0038: juans=9 blocks=1755
Generated Y41n0039: juans=35 blocks=393
Generated Y42n0040: juans=5 blocks=915
Generated Y43n0041: juans=11 blocks=604
Generated Y44n0042: juans=3 blocks=686
Progress 4450/4602 blocks=2326231 skipped=1 errors=0
Generated YP01n0001: juans=4 blocks=540
Generated YP01n0002: juans=1 blocks=152
Generated YP01n0003: juans=4 blocks=185
Generated YP02n0004: juans=3 blocks=231
Generated YP02n0005: juans=10 blocks=169
Generated YP02n0006: juans=12 blocks=315
Generated YP03n0007: juans=4 blocks=400
Generated YP03n0008: juans=1 blocks=83
Generated YP03n0009: juans=4 blocks=301
Generated YP04n0010: juans=5 blocks=925
Generated YP05n0011: juans=6 blocks=1326
Generated YP06n0011: juans=9 blocks=1076
Generated YP07n0012: juans=9 blocks=1111
Generated YP08n0013: juans=4 blocks=601
Generated YP09n0014: juans=5 blocks=889
Generated YP10n0015: juans=4 blocks=514
Generated YP10n0016: juans=4 blocks=450
Generated YP11n0017: juans=11 blocks=904
Generated YP12n0018: juans=7 blocks=1421
Generated YP13n0019: juans=2 blocks=411
Generated YP13n0020: juans=12 blocks=198
Generated YP14n0021: juans=3 blocks=283
Generated ZS01n0001: juans=10 blocks=7266
Generated ZW01n0001: juans=1 blocks=30
Generated ZW01n0002: juans=1 blocks=66
Generated ZW01n0003: juans=1 blocks=33
Generated ZW01n0004: juans=1 blocks=44
Generated ZW01n0005: juans=1 blocks=144
Generated ZW01n0006: juans=1 blocks=36
Generated ZW01n0007: juans=1 blocks=478
Generated ZW01n0008: juans=1 blocks=155
Generated ZW01n0009: juans=1 blocks=32
Generated ZW01n0010: juans=1 blocks=71
Generated ZW01n0011: juans=1 blocks=33
Generated ZW01n0012: juans=1 blocks=44
Generated ZW01n0013: juans=1 blocks=47
Generated ZW01n0014a: juans=1 blocks=12
Generated ZW01n0014b: juans=1 blocks=2
Generated ZW01n0014c: juans=1 blocks=5
Generated ZW01n0015a: juans=1 blocks=45
Generated ZW01n0015b: juans=1 blocks=13
Generated ZW01n0015c: juans=1 blocks=11
Generated ZW01n0015d: juans=1 blocks=10
Generated ZW01n0016: juans=1 blocks=173
Generated ZW02n0017: juans=1 blocks=157
Generated ZW02n0018a: juans=1 blocks=21
Generated ZW02n0018b: juans=1 blocks=19
Generated ZW02n0019: juans=1 blocks=1379
Generated ZW02n0020: juans=1 blocks=396
Generated ZW02n0021: juans=1 blocks=1367
Progress 4500/4602 blocks=2350805 skipped=1 errors=0
Generated ZW02n0022: juans=1 blocks=16
Generated ZW03n0023: juans=1 blocks=82
Generated ZW03n0024: juans=1 blocks=173
Generated ZW03n0025: juans=1 blocks=1361
Generated ZW03n0026: juans=1 blocks=14
Generated ZW03n0027: juans=1 blocks=23
Generated ZW03n0028: juans=1 blocks=57
Generated ZW03n0029: juans=1 blocks=207
Generated ZW03n0030: juans=1 blocks=105
Generated ZW03n0031a: juans=1 blocks=79
Generated ZW03n0031b: juans=1 blocks=62
Generated ZW03n0031c: juans=1 blocks=63
Generated ZW03n0031d: juans=1 blocks=62
Generated ZW03n0031e: juans=1 blocks=65
Generated ZW03n0032: juans=1 blocks=68
Generated ZW04n0033: juans=10 blocks=2709
Generated ZW04n0034: juans=1 blocks=8
Generated ZW04n0035: juans=1 blocks=6
Generated ZW04n0036: juans=1 blocks=56
Generated ZW04n0037: juans=1 blocks=43
Generated ZW04n0038: juans=1 blocks=8
Generated ZW04n0039: juans=1 blocks=57
Generated ZW04n0040: juans=1 blocks=80
Generated ZW04n0041: juans=1 blocks=41
Generated ZW04n0042: juans=1 blocks=84
Generated ZW04n0043a: juans=1 blocks=26
Generated ZW04n0043b: juans=1 blocks=57
Generated ZW04n0044: juans=1 blocks=134
Generated ZW05n0045: juans=1 blocks=83
Generated ZW05n0046: juans=1 blocks=503
Generated ZW05n0047: juans=1 blocks=412
Generated ZW05n0048: juans=1 blocks=179
Generated ZW05n0049: juans=1 blocks=17
Generated ZW05n0050: juans=1 blocks=97
Generated ZW06n0051: juans=8 blocks=1053
Generated ZW06n0052: juans=4 blocks=794
Generated ZW06n0053: juans=1 blocks=208
Generated ZW06n0054: juans=1 blocks=57
Generated ZW06n0055: juans=1 blocks=44
Generated ZW06n0056: juans=1 blocks=34
Generated ZW06n0057: juans=1 blocks=75
Generated ZW07n0058: juans=1 blocks=108
Generated ZW07n0059a: juans=1 blocks=15
Generated ZW07n0059b: juans=1 blocks=7
Generated ZW07n0063: juans=3 blocks=379
Generated ZW07n0064d: juans=1 blocks=2
Generated ZW07n0066: juans=1 blocks=97
Generated ZW08n0069: juans=1 blocks=60
Generated ZW09n0073c: juans=1 blocks=23
Generated ZW09n0076: juans=1 blocks=150
Generated ZW10n0081: juans=1 blocks=454
Generated ZW10n0084: juans=1 blocks=59
Generated ZW10n0087: juans=1 blocks=143
Generated ZW11n0092: juans=1 blocks=725
Generated ZW12n0099: juans=3 blocks=86
Progress 4600/4602 skipped=46 errors=0
Generated ZW12n0103: juans=1 blocks=15
Done: juanFiles=19977 blocks=2362430 skipped=47 errors=0 corpusRoot=corpus
