
> jingxin@0.1.0 corpus:import
> tsx scripts/import-corpus.ts --md-only

Imported t30n1564 (T30n1564): 1040 blocks, 4 juans
Imported t30n1575 (T30n1575): 3 blocks, 1 juans
Imported t30n1568 (T30n1568): 213 blocks, 1 juans
Imported t30n1573 (T30n1573): 6 blocks, 1 juans
Imported t30n1577 (T30n1577): 43 blocks, 2 juans
Imported t30n1567 (T30n1567): 690 blocks, 9 juans
Imported t30n1576 (T30n1576): 3 blocks, 1 juans
Imported t30n1571 (T30n1571): 658 blocks, 10 juans
Imported t30n1578 (T30n1578): 56 blocks, 2 juans
Imported t30n1574 (T30n1574): 1 blocks, 1 juans
Imported t30n1570 (T30n1570): 10 blocks, 1 juans
Imported t30n1572 (T30n1572): 31 blocks, 1 juans
Imported t30n1569 (T30n1569): 345 blocks, 2 juans
Imported t30n1566 (T30n1566): 1239 blocks, 15 juans
WARN: T30n1565 第1卷: MD 段落 90 vs 索引 89
Imported t30n1565 (T30n1565): 274 blocks, 2 juans
WARN: T54n2128 第6卷: MD 段落 220 vs 索引 217
WARN: T54n2128 第7卷: MD 段落 161 vs 索引 159
WARN: T54n2128 第15卷: MD 段落 460 vs 索引 458
WARN: T54n2128 第25卷: MD 段落 518 vs 索引 517
WARN: T54n2128 第27卷: MD 段落 587 vs 索引 586
WARN: T54n2128 第34卷: MD 段落 379 vs 索引 377
WARN: T54n2128 第35卷: MD 段落 307 vs 索引 304
WARN: T54n2128 第36卷: MD 段落 294 vs 索引 292
WARN: T54n2128 第37卷: MD 段落 259 vs 索引 258
WARN: T54n2128 第40卷: MD 段落 438 vs 索引 434
WARN: T54n2128 第42卷: MD 段落 403 vs 索引 402
WARN: T54n2128 第43卷: MD 段落 515 vs 索引 514
WARN: T54n2128 第44卷: MD 段落 306 vs 索引 305
WARN: T54n2128 第45卷: MD 段落 327 vs 索引 325
WARN: T54n2128 第50卷: MD 段落 225 vs 索引 224
WARN: T54n2128 第52卷: MD 段落 436 vs 索引 433
WARN: T54n2128 第57卷: MD 段落 363 vs 索引 362
WARN: T54n2128 第58卷: MD 段落 425 vs 索引 422
WARN: T54n2128 第65卷: MD 段落 322 vs 索引 321
WARN: T54n2128 第69卷: MD 段落 208 vs 索引 205
WARN: T54n2128 第77卷: MD 段落 352 vs 索引 351
Imported t54n2128 (T54n2128): 32797 blocks, 100 juans
Imported t54n2125 (T54n2125): 128 blocks, 4 juans
Imported t54n2136 (T54n2136): 11 blocks, 1 juans
Imported t54n2134 (T54n2134): 563 blocks, 1 juans
WARN: T54n2126 第2卷: MD 段落 27 vs 索引 26
Imported t54n2126 (T54n2126): 101 blocks, 3 juans
Imported t54n2132 (T54n2132): 154 blocks, 1 juans
Imported t54n2133a (T54n2133A): 21 blocks, 1 juans
Imported t54n2133b (T54n2133B): 1357 blocks, 1 juans
Imported t54n2135 (T54n2135): 1251 blocks, 1 juans
WARN: T53n2122 第17卷: MD 段落 59 vs 索引 58
WARN: T53n2122 第60卷: MD 段落 153 vs 索引 151
WARN: T53n2122 第92卷: MD 段落 68 vs 索引 67
Imported t53n2122 (T53n2122): 6300 blocks, 100 juans
Imported t54n2124 (T54n2124): 124 blocks, 1 juans
WARN: T53n2121 第2卷: MD 段落 21 vs 索引 20
WARN: T53n2121 第5卷: MD 段落 21 vs 索引 20
WARN: T53n2121 第6卷: MD 段落 29 vs 索引 28
WARN: T53n2121 第8卷: MD 段落 31 vs 索引 30
WARN: T53n2121 第9卷: MD 段落 18 vs 索引 17
WARN: T53n2121 第12卷: MD 段落 10 vs 索引 9
WARN: T53n2121 第13卷: MD 段落 22 vs 索引 18
WARN: T53n2121 第16卷: MD 段落 22 vs 索引 20
WARN: T53n2121 第17卷: MD 段落 24 vs 索引 21
WARN: T53n2121 第18卷: MD 段落 40 vs 索引 33
WARN: T53n2121 第19卷: MD 段落 48 vs 索引 43
WARN: T53n2121 第22卷: MD 段落 16 vs 索引 13
WARN: T53n2121 第25卷: MD 段落 18 vs 索引 17
WARN: T53n2121 第26卷: MD 段落 14 vs 索引 13
WARN: T53n2121 第29卷: MD 段落 16 vs 索引 15
WARN: T53n2121 第33卷: MD 段落 44 vs 索引 42
WARN: T53n2121 第34卷: MD 段落 19 vs 索引 18
WARN: T53n2121 第35卷: MD 段落 23 vs 索引 21
WARN: T53n2121 第36卷: MD 段落 22 vs 索引 20
WARN: T53n2121 第37卷: MD 段落 18 vs 索引 16
WARN: T53n2121 第38卷: MD 段落 10 vs 索引 9
WARN: T53n2121 第39卷: MD 段落 24 vs 索引 23
WARN: T53n2121 第40卷: MD 段落 22 vs 索引 21
WARN: T53n2121 第41卷: MD 段落 24 vs 索引 19
WARN: T53n2121 第43卷: MD 段落 24 vs 索引 21
WARN: T53n2121 第44卷: MD 段落 48 vs 索引 39
WARN: T53n2121 第45卷: MD 段落 25 vs 索引 20
WARN: T53n2121 第46卷: MD 段落 42 vs 索引 38
WARN: T53n2121 第47卷: MD 段落 68 vs 索引 64
WARN: T53n2121 第48卷: MD 段落 36 vs 索引 35
Imported t53n2121 (T53n2121): 1317 blocks, 50 juans
WARN: T54n2129 第6卷: MD 段落 183 vs 索引 181
WARN: T54n2129 第7卷: MD 段落 151 vs 索引 148
WARN: T54n2129 第8卷: MD 段落 156 vs 索引 155
Imported t54n2129 (T54n2129): 1803 blocks, 10 juans
Imported t54n2130 (T54n2130): 127 blocks, 10 juans
Imported t54n2131 (T54n2131): 1213 blocks, 7 juans
Imported t54n2123 (T54n2123): 1687 blocks, 20 juans
Imported t54n2127 (T54n2127): 1366 blocks, 3 juans
Imported t47n1962 (T47n1962): 19 blocks, 1 juans
Imported t47n1981 (T47n1981): 39 blocks, 1 juans
Imported t47n1958 (T47n1958): 190 blocks, 2 juans
Imported t47n1974 (T47n1974): 67 blocks, 2 juans
Imported t47n1973 (T47n1973): 380 blocks, 10 juans
WARN: T47n1984 第1卷: MD 段落 73 vs 索引 67
Imported t47n1984 (T47n1984): 67 blocks, 1 juans
Imported t47n1968 (T47n1968): 40 blocks, 1 juans
Imported t47n1980 (T47n1980): 343 blocks, 1 juans
Imported t47n1967 (T47n1967): 109 blocks, 3 juans
Imported t47n1966 (T47n1966): 172 blocks, 2 juans
WARN: T47n1969A 第1卷: MD 段落 239 vs 索引 238
WARN: T47n1969A 第4卷: MD 段落 100 vs 索引 99
Imported t47n1969a (T47n1969A): 968 blocks, 5 juans
Imported t47n1969b (T47n1969B): 145 blocks, 2 juans
Imported t47n1983 (T47n1983): 91 blocks, 2 juans
Imported t47n1961 (T47n1961): 38 blocks, 1 juans
Imported t47n1971 (T47n1971): 2 blocks, 1 juans
Imported t47n1972 (T47n1972): 28 blocks, 1 juans
Imported t47n1975 (T47n1975): 38 blocks, 1 juans
Imported t47n1977 (T47n1977): 13 blocks, 1 juans
Import progress 50/3911 sutras=50 paragraphs=57681
Imported t47n1963 (T47n1963): 154 blocks, 3 juans
Imported t47n1957 (T47n1957): 47 blocks, 1 juans
Imported t47n1976 (T47n1976): 218 blocks, 10 juans
Imported t47n1964 (T47n1964): 16 blocks, 1 juans
WARN: T47n1959 第1卷: MD 段落 66 vs 索引 65
Imported t47n1959 (T47n1959): 65 blocks, 1 juans
Imported t47n1978 (T47n1978): 172 blocks, 1 juans
Imported t47n1979 (T47n1979): 251 blocks, 2 juans
Imported t47n1965 (T47n1965): 96 blocks, 1 juans
Imported t47n1960 (T47n1960): 286 blocks, 7 juans
Imported t47n1982 (T47n1982): 612 blocks, 2 juans
WARN: T47n1970 第4卷: MD 段落 41 vs 索引 40
Imported t47n1970 (T47n1970): 436 blocks, 12 juans
WARN: X58n1029 第1卷: MD 段落 39 vs 索引 38
Imported x58n1029 (X58n1029): 38 blocks, 1 juans
WARN: X57n0954 第1卷: MD 段落 79 vs 索引 74
Imported x57n0954 (X57n0954): 74 blocks, 1 juans
Imported x57n0960 (X57n0960): 13 blocks, 1 juans
Imported x59n1103 (X59n1103): 32 blocks, 1 juans
Imported x57n0962 (X57n0962): 10 blocks, 1 juans
WARN: X58n0999 第1卷: MD 段落 164 vs 索引 163
Imported x58n0999 (X58n0999): 163 blocks, 1 juans
Imported x58n1022 (X58n1022): 177 blocks, 1 juans
Imported x58n1004 (X58n1004): 1 blocks, 1 juans
WARN: X59n1102 第1卷: MD 段落 16 vs 索引 14
Imported x59n1102 (X59n1102): 14 blocks, 1 juans
WARN: X59n1083 第1卷: MD 段落 133 vs 索引 132
WARN: X59n1083 第2卷: MD 段落 285 vs 索引 284
Imported x59n1083 (X59n1083): 416 blocks, 2 juans
WARN: X59n1081 第1卷: MD 段落 496 vs 索引 495
Imported x59n1081 (X59n1081): 495 blocks, 1 juans
Imported x57n0953 (X57n0953): 5 blocks, 1 juans
WARN: X58n1010 第1卷: MD 段落 26 vs 索引 25
Imported x58n1010 (X58n1010): 25 blocks, 1 juans
Imported x57n0963 (X57n0963): 28 blocks, 1 juans
Imported x59n1085 (X59n1085): 97 blocks, 1 juans
WARN: X59n1088 第1卷: MD 段落 21 vs 索引 20
Imported x59n1088 (X59n1088): 20 blocks, 1 juans
WARN: X57n0964 第1卷: MD 段落 26 vs 索引 25
WARN: X57n0964 第2卷: MD 段落 32 vs 索引 27
WARN: X57n0964 第3卷: MD 段落 31 vs 索引 26
WARN: X57n0964 第4卷: MD 段落 25 vs 索引 19
Imported x57n0964 (X57n0964): 97 blocks, 4 juans
WARN: X57n0966 第5卷: MD 段落 83 vs 索引 82
Imported x57n0966 (X57n0966): 445 blocks, 4 juans
Imported x57n0977 (X57n0977): 350 blocks, 2 juans
WARN: X57n0980 第1卷: MD 段落 642 vs 索引 637
Imported x57n0980 (X57n0980): 4107 blocks, 10 juans
WARN: X57n0976 第1卷: MD 段落 209 vs 索引 208
Imported x57n0976 (X57n0976): 824 blocks, 3 juans
WARN: X57n0978 第1卷: MD 段落 3 vs 索引 2
Imported x57n0978 (X57n0978): 2 blocks, 1 juans
WARN: X57n0979 第1卷: MD 段落 221 vs 索引 220
Imported x57n0979 (X57n0979): 220 blocks, 1 juans
Imported x58n1015 (X58n1015): 288 blocks, 2 juans
WARN: X57n0958 第1卷: MD 段落 13 vs 索引 12
Imported x57n0958 (X57n0958): 12 blocks, 1 juans
WARN: X57n0968 第1卷: MD 段落 177 vs 索引 173
WARN: X57n0968 第2卷: MD 段落 180 vs 索引 177
Imported x57n0968 (X57n0968): 350 blocks, 2 juans
Imported x59n1054 (X59n1054): 197 blocks, 1 juans
WARN: X57n0969 第1卷: MD 段落 150 vs 索引 147
Imported x57n0969 (X57n0969): 359 blocks, 2 juans
Imported x57n0965 (X57n0965): 88 blocks, 3 juans
Imported x57n0956 (X57n0956): 57 blocks, 2 juans
Imported x59n1108 (X59n1108): 165 blocks, 2 juans
Imported x59n1107 (X59n1107): 923 blocks, 3 juans
WARN: X60n1110 第2卷: MD 段落 164 vs 索引 163
WARN: X60n1110 第3卷: MD 段落 142 vs 索引 139
Imported x60n1110 (X60n1110): 428 blocks, 3 juans
WARN: X60n1113 第1卷: MD 段落 57 vs 索引 55
WARN: X60n1113 第10卷: MD 段落 159 vs 索引 158
Imported x60n1113 (X60n1113): 619 blocks, 10 juans
Imported x57n0955 (X57n0955): 10 blocks, 1 juans
WARN: X57n0970 第1卷: MD 段落 40 vs 索引 38
Imported x57n0970 (X57n0970): 183 blocks, 6 juans
Imported x59n1052 (X59n1052): 29 blocks, 1 juans
Imported x59n1048 (X59n1048): 7 blocks, 1 juans
Imported x59n1079 (X59n1079): 48 blocks, 1 juans
Import progress 100/3911 sutras=100 paragraphs=71450
Imported x59n1086 (X59n1086): 16 blocks, 1 juans
WARN: X57n0967 第3卷: MD 段落 29 vs 索引 24
WARN: X57n0967 第4卷: MD 段落 114 vs 索引 110
Imported x57n0967 (X57n0967): 134 blocks, 2 juans
WARN: X57n0974 第1卷: MD 段落 45 vs 索引 44
Imported x57n0974 (X57n0974): 44 blocks, 1 juans
Imported x58n1020 (X58n1020): 16 blocks, 1 juans
Imported x59n1099 (X59n1099): 15 blocks, 1 juans
Imported x59n1082 (X59n1082): 3 blocks, 1 juans
WARN: X57n0961 第1卷: MD 段落 166 vs 索引 163
Imported x57n0961 (X57n0961): 163 blocks, 1 juans
Imported x57n0971 (X57n0971): 20 blocks, 1 juans
Imported x60n1115 (X60n1115): 135 blocks, 1 juans
WARN: X60n1116 第1卷: MD 段落 360 vs 索引 355
WARN: X60n1116 第2卷: MD 段落 439 vs 索引 438
Imported x60n1116 (X60n1116): 793 blocks, 2 juans
WARN: X60n1114 第1卷: MD 段落 199 vs 索引 195
Imported x60n1114 (X60n1114): 195 blocks, 1 juans
Imported x60n1121 (X60n1121): 49 blocks, 1 juans
Imported x60n1122 (X60n1122): 90 blocks, 1 juans
WARN: X60n1120 第1卷: MD 段落 676 vs 索引 674
WARN: X60n1120 第3卷: MD 段落 529 vs 索引 528
Imported x60n1120 (X60n1120): 2063 blocks, 3 juans
Imported x60n1118 (X60n1118): 963 blocks, 2 juans
WARN: X60n1119 第1卷: MD 段落 434 vs 索引 433
WARN: X60n1119 第2卷: MD 段落 419 vs 索引 418
Imported x60n1119 (X60n1119): 851 blocks, 2 juans
WARN: X60n1117 第1卷: MD 段落 108 vs 索引 107
Imported x60n1117 (X60n1117): 226 blocks, 2 juans
WARN: X57n0972 第1卷: MD 段落 91 vs 索引 90
Imported x57n0972 (X57n0972): 222 blocks, 3 juans
Imported x58n1027 (X58n1027): 9 blocks, 1 juans
Imported x58n1014 (X58n1014): 3 blocks, 1 juans
WARN: X59n1096 第1卷: MD 段落 255 vs 索引 253
Imported x59n1096 (X59n1096): 708 blocks, 3 juans
WARN: X59n1078 第1卷: MD 段落 67 vs 索引 66
Imported x59n1078 (X59n1078): 66 blocks, 1 juans
WARN: X59n1077 第1卷: MD 段落 62 vs 索引 60
Imported x59n1077 (X59n1077): 142 blocks, 3 juans
WARN: X59n1084 第1卷: MD 段落 191 vs 索引 190
WARN: X59n1084 第2卷: MD 段落 252 vs 索引 251
Imported x59n1084 (X59n1084): 441 blocks, 2 juans
WARN: X59n1080 第1卷: MD 段落 411 vs 索引 410
Imported x59n1080 (X59n1080): 410 blocks, 1 juans
Imported x59n1087 (X59n1087): 24 blocks, 1 juans
Imported x59n1043 (X59n1043): 173 blocks, 1 juans
WARN: X57n0957 第1卷: MD 段落 52 vs 索引 51
Imported x57n0957 (X57n0957): 51 blocks, 1 juans
WARN: X59n1109 第2卷: MD 段落 271 vs 索引 270
Imported x59n1109 (X59n1109): 630 blocks, 3 juans
Imported x59n1074 (X59n1074): 1 blocks, 1 juans
Imported x59n1104 (X59n1104): 178 blocks, 3 juans
Imported x59n1105 (X59n1105): 55 blocks, 2 juans
WARN: X58n0998 第1卷: MD 段落 521 vs 索引 520
Imported x58n0998 (X58n0998): 1900 blocks, 3 juans
WARN: X58n0996 第2卷: MD 段落 72 vs 索引 71
Imported x58n0996 (X58n0996): 124 blocks, 2 juans
WARN: X58n0995 第1卷: MD 段落 171 vs 索引 170
WARN: X58n0995 第10卷: MD 段落 143 vs 索引 142
Imported x58n0995 (X58n0995): 1739 blocks, 10 juans
Imported x58n1033 (X58n1033): 342 blocks, 2 juans
Imported x58n1031 (X58n1031): 335 blocks, 3 juans
WARN: X58n1032 第1卷: MD 段落 205 vs 索引 204
Imported x58n1032 (X58n1032): 755 blocks, 3 juans
Imported x58n1023 (X58n1023): 1 blocks, 1 juans
Imported x58n0994 (X58n0994): 295 blocks, 1 juans
Imported x58n1005 (X58n1005): 34 blocks, 1 juans
WARN: X58n1030 第1卷: MD 段落 21 vs 索引 20
Imported x58n1030 (X58n1030): 20 blocks, 1 juans
Imported x58n1013 (X58n1013): 108 blocks, 1 juans
WARN: X58n0991 第1卷: MD 段落 6 vs 索引 5
Imported x58n0991 (X58n0991): 5 blocks, 1 juans
Imported x58n0985 (X58n0985): 181 blocks, 1 juans
Imported x58n1028 (X58n1028): 17 blocks, 1 juans
Imported x60n1111 (X60n1111): 32 blocks, 1 juans
Imported x60n1112 (X60n1112): 28 blocks, 1 juans
Imported x59n1098 (X59n1098): 12 blocks, 1 juans
Imported x59n1106 (X59n1106): 6 blocks, 1 juans
Import progress 150/3911 sutras=150 paragraphs=86273
Imported x58n1017 (X58n1017): 65 blocks, 1 juans
Imported x58n1016 (X58n1016): 60 blocks, 1 juans
Imported x58n1000 (X58n1000): 101 blocks, 1 juans
Imported x58n1018 (X58n1018): 23 blocks, 1 juans
Imported x57n0959 (X57n0959): 1 blocks, 1 juans
WARN: X58n1024 第1卷: MD 段落 194 vs 索引 191
WARN: X58n1024 第6卷: MD 段落 176 vs 索引 174
Imported x58n1024 (X58n1024): 1020 blocks, 6 juans
WARN: X58n1025 第1卷: MD 段落 164 vs 索引 163
Imported x58n1025 (X58n1025): 163 blocks, 1 juans
Imported x58n1026 (X58n1026): 23 blocks, 1 juans
Imported x58n1019 (X58n1019): 65 blocks, 1 juans
Imported x59n1100 (X59n1100): 5 blocks, 1 juans
Imported x59n1069 (X59n1069): 12 blocks, 1 juans
Imported x59n1094 (X59n1094): 159 blocks, 1 juans
WARN: X59n1095 第1卷: MD 段落 232 vs 索引 230
Imported x59n1095 (X59n1095): 870 blocks, 3 juans
WARN: X59n1097 第1卷: MD 段落 284 vs 索引 282
Imported x59n1097 (X59n1097): 282 blocks, 1 juans
Imported x57n0952 (X57n0952): 90 blocks, 1 juans
Imported x59n1073 (X59n1073): 2 blocks, 1 juans
WARN: X57n0975 第1卷: MD 段落 36 vs 索引 35
Imported x57n0975 (X57n0975): 127 blocks, 4 juans
Imported t10n0303 (T10n0303): 44 blocks, 2 juans
Imported t10n0280 (T10n0280): 42 blocks, 1 juans
Imported t10n0287 (T10n0287): 185 blocks, 9 juans
Imported t10n0308 (T10n0308): 22 blocks, 1 juans
Imported t10n0291 (T10n0291): 204 blocks, 4 juans
Imported t10n0294 (T10n0294): 133 blocks, 3 juans
Imported t10n0307 (T10n0307): 29 blocks, 1 juans
Imported t10n0284 (T10n0284): 29 blocks, 1 juans
Imported t10n0281 (T10n0281): 23 blocks, 1 juans
Imported t10n0290 (T10n0290): 15 blocks, 1 juans
Imported t10n0305 (T10n0305): 611 blocks, 5 juans
Imported t10n0286 (T10n0286): 351 blocks, 4 juans
Imported t10n0306 (T10n0306): 19 blocks, 1 juans
WARN: T09n0278 第10卷: MD 段落 51 vs 索引 49
WARN: T09n0278 第14卷: MD 段落 39 vs 索引 38
WARN: T09n0278 第32卷: MD 段落 102 vs 索引 101
WARN: T09n0278 第33卷: MD 段落 26 vs 索引 25
WARN: T09n0278 第36卷: MD 段落 36 vs 索引 35
Imported t09n0278 (T09n0278): 2126 blocks, 60 juans
WARN: T10n0279 第48卷: MD 段落 22 vs 索引 21
Imported t10n0279 (T10n0279): 2797 blocks, 80 juans
Imported t10n0293 (T10n0293): 1117 blocks, 40 juans
Imported t10n0300 (T10n0300): 23 blocks, 1 juans
Imported t10n0295 (T10n0295): 19 blocks, 1 juans
Imported t10n0304 (T10n0304): 53 blocks, 1 juans
Imported t10n0301 (T10n0301): 22 blocks, 1 juans
Imported t10n0298 (T10n0298): 13 blocks, 1 juans
Imported t10n0299 (T10n0299): 237 blocks, 4 juans
Imported t10n0292 (T10n0292): 681 blocks, 6 juans
Imported t10n0302 (T10n0302): 45 blocks, 1 juans
Imported t10n0296 (T10n0296): 1 blocks, 1 juans
Imported t10n0297 (T10n0297): 5 blocks, 1 juans
Imported t10n0309 (T10n0309): 730 blocks, 10 juans
Imported t10n0285 (T10n0285): 118 blocks, 5 juans
Imported t10n0288 (T10n0288): 131 blocks, 3 juans
Imported t10n0283 (T10n0283): 33 blocks, 1 juans
Imported t10n0282 (T10n0282): 155 blocks, 1 juans
Imported t10n0289 (T10n0289): 8 blocks, 1 juans
Imported ga015n0013 (GA015n0013): 574 blocks, 8 juans
Import progress 200/3911 sutras=200 paragraphs=99936
WARN: T49n2039 第1卷: MD 段落 142 vs 索引 140
WARN: T49n2039 第3卷: MD 段落 51 vs 索引 50
WARN: T49n2039 第4卷: MD 段落 22 vs 索引 21
Imported t49n2039 (T49n2039): 372 blocks, 5 juans
WARN: T51n2084 第1卷: MD 段落 86 vs 索引 54
WARN: T51n2084 第2卷: MD 段落 129 vs 索引 76
WARN: T51n2084 第3卷: MD 段落 86 vs 索引 55
Imported t51n2084 (T51n2084): 185 blocks, 3 juans
Imported t52n2117 (T52n2117): 61 blocks, 2 juans
Imported i01n0034 (I01n0034): 2 blocks, 1 juans
WARN: GA072n0077 第3卷: MD 段落 207 vs 索引 205
Imported ga072n0077 (GA072n0077): 1566 blocks, 8 juans
Imported i01n0024 (I01n0024): 1 blocks, 1 juans
Imported t50n2058 (T50n2058): 60 blocks, 6 juans
WARN: T52n2120 第1卷: MD 段落 266 vs 索引 264
WARN: T52n2120 第2卷: MD 段落 199 vs 索引 192
WARN: T52n2120 第3卷: MD 段落 133 vs 索引 127
WARN: T52n2120 第4卷: MD 段落 82 vs 索引 80
WARN: T52n2120 第6卷: MD 段落 102 vs 索引 96
Imported t52n2120 (T52n2120): 907 blocks, 6 juans
Imported t49n2029 (T49n2029): 1 blocks, 1 juans
Imported t49n2036 (T49n2036): 2359 blocks, 22 juans
WARN: T49n2035 第1卷: MD 段落 71 vs 索引 70
WARN: T49n2035 第34卷: MD 段落 61 vs 索引 60
WARN: T49n2035 第39卷: MD 段落 125 vs 索引 123
WARN: T49n2035 第48卷: MD 段落 89 vs 索引 84
Imported t49n2035 (T49n2035): 3097 blocks, 54 juans
Imported t51n2079 (T51n2079): 79 blocks, 1 juans
Imported t51n2078 (T51n2078): 537 blocks, 9 juans
Imported t51n2080 (T51n2080): 4 blocks, 2 juans
Imported i01n0029 (I01n0029): 10 blocks, 1 juans
Imported i01n0010 (I01n0010): 8 blocks, 1 juans
Imported i01n0038 (I01n0038): 4 blocks, 1 juans
Imported i01n0031 (I01n0031): 4 blocks, 1 juans
Imported i01n0003 (I01n0003): 1 blocks, 1 juans
Imported t51n2081 (T51n2081): 17 blocks, 2 juans
Imported t51n2082 (T51n2082): 55 blocks, 3 juans
Imported i01n0040 (I01n0040): 4 blocks, 1 juans
Imported i01n0005 (I01n0005): 2 blocks, 1 juans
Imported i01n0088 (I01n0088): 1 blocks, 1 juans
Imported i01n0063 (I01n0063): 2 blocks, 1 juans
WARN: T52n2113 第1卷: MD 段落 5 vs 索引 4
WARN: T52n2113 第2卷: MD 段落 3 vs 索引 2
WARN: T52n2113 第8卷: MD 段落 3 vs 索引 2
Imported t52n2113 (T52n2113): 24 blocks, 10 juans
Imported t51n2086 (T51n2086): 4 blocks, 1 juans
Imported t49n2032 (T49n2032): 16 blocks, 1 juans
Imported t52n2111 (T52n2111): 27 blocks, 3 juans
Imported t51n2097 (T51n2097): 277 blocks, 3 juans
Imported ga002n0005 (GA002n0005): 1145 blocks, 2 juans
Imported i01n0013 (I01n0013): 5 blocks, 1 juans
Imported ga058n0063 (GA058n0063): 358 blocks, 6 juans
Imported t51n2098 (T51n2098): 43 blocks, 2 juans
Imported i01n0039 (I01n0039): 3 blocks, 1 juans
Imported i01n0070 (I01n0070): 2 blocks, 1 juans
WARN: T50n2054 第1卷: MD 段落 60 vs 索引 59
Imported t50n2054 (T50n2054): 59 blocks, 1 juans
Imported t50n2051 (T50n2051): 58 blocks, 3 juans
Imported i01n0095 (I01n0095): 1 blocks, 1 juans
Imported i01n0077 (I01n0077): 1 blocks, 1 juans
Imported i01n0048 (I01n0048): 4 blocks, 1 juans
WARN: GA024n0022 第3卷: MD 段落 53 vs 索引 52
Imported ga024n0022 (GA024n0022): 654 blocks, 8 juans
WARN: T50n2053 第6卷: MD 段落 30 vs 索引 29
WARN: T50n2053 第7卷: MD 段落 30 vs 索引 29
WARN: T50n2053 第8卷: MD 段落 20 vs 索引 19
WARN: T50n2053 第9卷: MD 段落 43 vs 索引 42
WARN: T50n2053 第10卷: MD 段落 29 vs 索引 28
Imported t50n2053 (T50n2053): 348 blocks, 10 juans
Imported t50n2052 (T50n2052): 9 blocks, 1 juans
Imported t50n2056 (T50n2056): 4 blocks, 1 juans
Imported t51n2066 (T51n2066): 72 blocks, 2 juans
Imported t51n2087 (T51n2087): 715 blocks, 12 juans
Imported t50n2057 (T50n2057): 9 blocks, 1 juans
Imported ga056n0060 (GA056n0060): 335 blocks, 7 juans
Imported t51n2074 (T51n2074): 27 blocks, 1 juans
Import progress 250/3911 sutras=250 paragraphs=113475
WARN: T50n2062 第3卷: MD 段落 16 vs 索引 15
Imported t50n2062 (T50n2062): 125 blocks, 8 juans
Imported ga016n0015 (GA016n0015): 941 blocks, 10 juans
Imported i01n0028 (I01n0028): 1 blocks, 1 juans
Imported t49n2030 (T49n2030): 4 blocks, 1 juans
Imported i01n0032 (I01n0032): 2 blocks, 1 juans
Imported t51n2069 (T51n2069): 15 blocks, 1 juans
Imported ga059n0064 (GA059n0064): 951 blocks, 3 juans
WARN: GA090n0089 第27卷: MD 段落 3 vs 索引 2
WARN: GA090n0089 第30卷: MD 段落 447 vs 索引 446
Imported ga090n0089 (GA090n0089): 950 blocks, 11 juans
WARN: GA088n0089 第2卷: MD 段落 61 vs 索引 56
WARN: GA088n0089 第3卷: MD 段落 218 vs 索引 199
Imported ga088n0089 (GA088n0089): 1113 blocks, 7 juans
WARN: GA089n0089 第8卷: MD 段落 148 vs 索引 147
WARN: GA089n0089 第14卷: MD 段落 32 vs 索引 31
Imported ga089n0089 (GA089n0089): 1060 blocks, 11 juans
Imported t51n2096 (T51n2096): 3 blocks, 1 juans
Imported t50n2044 (T50n2044): 12 blocks, 1 juans
WARN: GA013n0012 第3卷: MD 段落 134 vs 索引 133
Imported ga013n0012 (GA013n0012): 704 blocks, 4 juans
WARN: GA014n0012 第7卷: MD 段落 141 vs 索引 139
WARN: GA014n0012 第9卷: MD 段落 74 vs 索引 72
Imported ga014n0012 (GA014n0012): 1020 blocks, 6 juans
Imported i01n0017 (I01n0017): 4 blocks, 1 juans
Imported i01n0002 (I01n0002): 6 blocks, 1 juans
Imported t50n2049 (T50n2049): 2 blocks, 1 juans
Imported i01n0023 (I01n0023): 1 blocks, 1 juans
Imported i01n0036 (I01n0036): 1 blocks, 1 juans
Imported i01n0065 (I01n0065): 1 blocks, 1 juans
Imported i01n0084 (I01n0084): 3 blocks, 1 juans
WARN: T50n2061 第13卷: MD 段落 24 vs 索引 23
Imported t50n2061 (T50n2061): 796 blocks, 30 juans
Imported i01n0001 (I01n0001): 3 blocks, 1 juans
WARN: GA043n0043 第2卷: MD 段落 131 vs 索引 129
WARN: GA043n0043 第3卷: MD 段落 307 vs 索引 304
Imported ga043n0043 (GA043n0043): 548 blocks, 3 juans
Imported t51n2093 (T51n2093): 32 blocks, 1 juans
WARN: T52n2119 第1卷: MD 段落 48 vs 索引 46
Imported t52n2119 (T52n2119): 46 blocks, 1 juans
WARN: GA045n0049 第2卷: MD 段落 64 vs 索引 59
Imported ga045n0049 (GA045n0049): 969 blocks, 8 juans
WARN: GA030n0030 第4卷: MD 段落 128 vs 索引 127
Imported ga030n0030 (GA030n0030): 329 blocks, 4 juans
Imported i01n0012 (I01n0012): 2 blocks, 1 juans
Imported i01n0042 (I01n0042): 11 blocks, 1 juans
Imported i01n0025 (I01n0025): 1 blocks, 1 juans
WARN: GA040n0040 第4卷: MD 段落 3 vs 索引 2
Imported ga040n0040 (GA040n0040): 772 blocks, 9 juans
WARN: T52n2103 第5卷: MD 段落 37 vs 索引 36
WARN: T52n2103 第8卷: MD 段落 66 vs 索引 64
WARN: T52n2103 第10卷: MD 段落 59 vs 索引 58
WARN: T52n2103 第11卷: MD 段落 112 vs 索引 111
WARN: T52n2103 第15卷: MD 段落 129 vs 索引 128
WARN: T52n2103 第16卷: MD 段落 32 vs 索引 31
WARN: T52n2103 第19卷: MD 段落 35 vs 索引 34
WARN: T52n2103 第24卷: MD 段落 30 vs 索引 29
WARN: T52n2103 第25卷: MD 段落 55 vs 索引 45
WARN: T52n2103 第28卷: MD 段落 100 vs 索引 99
WARN: T52n2103 第30卷: MD 段落 198 vs 索引 188
Imported t52n2103 (T52n2103): 2021 blocks, 30 juans
Imported i01n0030 (I01n0030): 4 blocks, 1 juans
Imported t51n2099 (T51n2099): 127 blocks, 3 juans
WARN: T51n2095 第4卷: MD 段落 103 vs 索引 100
WARN: T51n2095 第5卷: MD 段落 66 vs 索引 63
Imported t51n2095 (T51n2095): 192 blocks, 5 juans
Imported i01n0099 (I01n0099): 3 blocks, 1 juans
WARN: GA044n0048 第1卷: MD 段落 95 vs 索引 94
Imported ga044n0048 (GA044n0048): 246 blocks, 3 juans
WARN: T52n2102 第1卷: MD 段落 68 vs 索引 67
WARN: T52n2102 第5卷: MD 段落 40 vs 索引 39
WARN: T52n2102 第11卷: MD 段落 36 vs 索引 33
WARN: T52n2102 第12卷: MD 段落 72 vs 索引 69
Imported t52n2102 (T52n2102): 651 blocks, 14 juans
Imported t51n2067 (T51n2067): 217 blocks, 10 juans
Imported i01n0018 (I01n0018): 5 blocks, 1 juans
Imported i01n0015 (I01n0015): 1 blocks, 1 juans
Imported i01n0035 (I01n0035): 3 blocks, 1 juans
Imported i01n0008 (I01n0008): 1 blocks, 1 juans
Imported i01n0064 (I01n0064): 2 blocks, 1 juans
Imported i01n0072 (I01n0072): 5 blocks, 1 juans
Imported t51n2070 (T51n2070): 60 blocks, 1 juans
Imported t51n2072 (T51n2072): 377 blocks, 3 juans
WARN: GA031n0032 第1卷: MD 段落 131 vs 索引 110
WARN: GA031n0032 第2卷: MD 段落 147 vs 索引 121
WARN: GA031n0032 第3卷: MD 段落 397 vs 索引 322
WARN: GA031n0032 第4卷: MD 段落 71 vs 索引 69
Imported ga031n0032 (GA031n0032): 763 blocks, 5 juans
WARN: GA032n0032 第6卷: MD 段落 41 vs 索引 40
WARN: GA032n0032 第7卷: MD 段落 91 vs 索引 90
Imported ga032n0032 (GA032n0032): 1159 blocks, 9 juans
Import progress 300/3911 sutras=300 paragraphs=129740
Imported gb078n0109 (GB078n0109): 167 blocks, 3 juans
Imported t52n2118 (T52n2118): 1061 blocks, 5 juans
Imported t50n2048 (T50n2048): 1 blocks, 1 juans
Imported t49n2026 (T49n2026): 3 blocks, 1 juans
Imported i01n0041 (I01n0041): 2 blocks, 1 juans
Imported i01n0069 (I01n0069): 1 blocks, 1 juans
WARN: GA015n0014 第1卷: MD 段落 47 vs 索引 46
Imported ga015n0014 (GA015n0014): 317 blocks, 6 juans
WARN: GA011n0010 第3卷: MD 段落 19 vs 索引 18
WARN: GA011n0010 第8卷: MD 段落 64 vs 索引 62
Imported ga011n0010 (GA011n0010): 240 blocks, 8 juans
Imported ga012n0010 (GA012n0010): 369 blocks, 2 juans
Imported ga012n0011 (GA012n0011): 411 blocks, 12 juans
WARN: GA010n0009 第1卷: MD 段落 121 vs 索引 120
Imported ga010n0009 (GA010n0009): 2073 blocks, 12 juans
WARN: T51n2076 第11卷: MD 段落 41 vs 索引 40
WARN: T51n2076 第27卷: MD 段落 91 vs 索引 90
Imported t51n2076 (T51n2076): 1731 blocks, 30 juans
Imported t51n2075 (T51n2075): 16 blocks, 1 juans
Imported i01n0047 (I01n0047): 1 blocks, 1 juans
Imported i01n0043 (I01n0043): 2 blocks, 1 juans
Imported i01n0058 (I01n0058): 1 blocks, 1 juans
Imported i01n0044 (I01n0044): 3 blocks, 1 juans
Imported i01n0027 (I01n0027): 2 blocks, 1 juans
Imported i01n0049 (I01n0049): 5 blocks, 1 juans
Imported i01n0053 (I01n0053): 4 blocks, 1 juans
WARN: GA026n0024 第5卷: MD 段落 124 vs 索引 123
WARN: GA026n0024 第8卷: MD 段落 98 vs 索引 97
Imported ga026n0024 (GA026n0024): 1385 blocks, 15 juans
Imported i01n0068 (I01n0068): 2 blocks, 1 juans
Imported t51n2094 (T51n2094): 9 blocks, 1 juans
Imported i01n0087 (I01n0087): 1 blocks, 1 juans
Imported i01n0091 (I01n0091): 4 blocks, 1 juans
Imported i01n0073 (I01n0073): 26 blocks, 1 juans
WARN: GA021n0019 第2卷: MD 段落 63 vs 索引 62
WARN: GA021n0019 第3卷: MD 段落 26 vs 索引 25
WARN: GA021n0019 第5卷: MD 段落 56 vs 索引 50
WARN: GA021n0019 第7卷: MD 段落 75 vs 索引 73
Imported ga021n0019 (GA021n0019): 1218 blocks, 8 juans
WARN: GA023n0021 第1卷: MD 段落 173 vs 索引 172
WARN: GA023n0021 第4卷: MD 段落 23 vs 索引 21
WARN: GA023n0021 第6卷: MD 段落 52 vs 索引 51
WARN: GA023n0021 第8卷: MD 段落 532 vs 索引 531
Imported ga023n0021 (GA023n0021): 1321 blocks, 8 juans
WARN: T49n2034 第13卷: MD 段落 464 vs 索引 460
WARN: T49n2034 第14卷: MD 段落 382 vs 索引 378
Imported t49n2034 (T49n2034): 3927 blocks, 15 juans
Imported i01n0016 (I01n0016): 5 blocks, 1 juans
Imported t50n2063 (T50n2063): 131 blocks, 4 juans
Imported i01n0100 (I01n0100): 1 blocks, 1 juans
Imported i01n0074 (I01n0074): 6 blocks, 1 juans
Imported i01n0022 (I01n0022): 1 blocks, 1 juans
Imported i01n0007 (I01n0007): 5 blocks, 1 juans
Imported i01n0078 (I01n0078): 1 blocks, 1 juans
Imported i01n0052 (I01n0052): 6 blocks, 1 juans
Imported i01n0014 (I01n0014): 8 blocks, 1 juans
Imported i01n0093 (I01n0093): 1 blocks, 1 juans
WARN: GA053n0057 第1卷: MD 段落 158 vs 索引 157
WARN: GA053n0057 第5卷: MD 段落 419 vs 索引 413
Imported ga053n0057 (GA053n0057): 2084 blocks, 6 juans
Imported ga058n0062 (GA058n0062): 248 blocks, 1 juans
Imported i01n0033 (I01n0033): 2 blocks, 1 juans
WARN: T51n2068 第10卷: MD 段落 31 vs 索引 30
Imported t51n2068 (T51n2068): 234 blocks, 10 juans
Imported t51n2092 (T51n2092): 54 blocks, 5 juans
Imported ga001n0004 (GA001n0004): 143 blocks, 8 juans
Imported ga001n0003 (GA001n0003): 422 blocks, 5 juans
Imported ga001n0002 (GA001n0002): 249 blocks, 6 juans
Imported t50n2065 (T50n2065): 31 blocks, 2 juans
Imported t51n2071 (T51n2071): 59 blocks, 3 juans
Imported ga079n0081 (GA079n0081): 1149 blocks, 8 juans
Import progress 350/3911 sutras=350 paragraphs=148883
Imported i01n0086 (I01n0086): 3 blocks, 1 juans
WARN: GA044n0047 第2卷: MD 段落 158 vs 索引 157
Imported ga044n0047 (GA044n0047): 300 blocks, 2 juans
Imported t51n2091 (T51n2091): 5 blocks, 1 juans
WARN: T50n2055 第1卷: MD 段落 20 vs 索引 19
Imported t50n2055 (T50n2055): 19 blocks, 1 juans
WARN: GA020n0017 第4卷: MD 段落 43 vs 索引 42
WARN: GA020n0017 第5卷: MD 段落 17 vs 索引 16
WARN: GA020n0017 第9卷: MD 段落 14 vs 索引 13
WARN: GA020n0017 第12卷: MD 段落 207 vs 索引 206
Imported ga020n0017 (GA020n0017): 383 blocks, 11 juans
Imported i01n0079 (I01n0079): 1 blocks, 1 juans
Imported i01n0046 (I01n0046): 2 blocks, 1 juans
Imported i01n0097 (I01n0097): 1 blocks, 1 juans
Imported t52n2112 (T52n2112): 54 blocks, 3 juans
Imported t49n2031 (T49n2031): 7 blocks, 1 juans
Imported i01n0037 (I01n0037): 4 blocks, 1 juans
WARN: GA035n0036 第3卷: MD 段落 31 vs 索引 30
WARN: GA035n0036 第5卷: MD 段落 49 vs 索引 48
Imported ga035n0036 (GA035n0036): 171 blocks, 5 juans
WARN: T52n2109 第1卷: MD 段落 35 vs 索引 34
Imported t52n2109 (T52n2109): 59 blocks, 2 juans
Imported t50n2064 (T50n2064): 210 blocks, 9 juans
WARN: T51n2077 第21卷: MD 段落 41 vs 索引 40
Imported t51n2077 (T51n2077): 1272 blocks, 36 juans
Imported ga030n0031 (GA030n0031): 60 blocks, 2 juans
Imported t51n2100 (T51n2100): 26 blocks, 2 juans
WARN: T52n2105 第1卷: MD 段落 70 vs 索引 69
Imported t52n2105 (T52n2105): 69 blocks, 1 juans
WARN: T50n2060 第28卷: MD 段落 33 vs 索引 32
WARN: T50n2060 第30卷: MD 段落 29 vs 索引 28
Imported t50n2060 (T50n2060): 1007 blocks, 30 juans
Imported i01n0098 (I01n0098): 2 blocks, 1 juans
Imported i01n0094 (I01n0094): 3 blocks, 1 juans
Imported i01n0089 (I01n0089): 1 blocks, 1 juans
Imported t51n2073 (T51n2073): 111 blocks, 5 juans
Imported i01n0057 (I01n0057): 2 blocks, 1 juans
Imported i01n0090 (I01n0090): 3 blocks, 1 juans
Imported i01n0067 (I01n0067): 7 blocks, 1 juans
Imported i01n0026 (I01n0026): 1 blocks, 1 juans
Imported i01n0020 (I01n0020): 4 blocks, 1 juans
Imported t51n2101 (T51n2101): 72 blocks, 1 juans
Imported ga030n0029 (GA030n0029): 495 blocks, 4 juans
Imported t52n2114 (T52n2114): 8 blocks, 1 juans
Imported i01n0061 (I01n0061): 1 blocks, 1 juans
Imported i01n0060 (I01n0060): 2 blocks, 1 juans
Imported t52n2116 (T52n2116): 87 blocks, 5 juans
WARN: T52n2110 第6卷: MD 段落 108 vs 索引 106
Imported t52n2110 (T52n2110): 500 blocks, 8 juans
Imported t49n2028 (T49n2028): 1 blocks, 1 juans
Imported t49n2027 (T49n2027): 41 blocks, 1 juans
WARN: T51n2089 第1卷: MD 段落 115 vs 索引 114
Imported t51n2089 (T51n2089): 114 blocks, 1 juans
Imported i01n0045 (I01n0045): 7 blocks, 1 juans
Imported i01n0054 (I01n0054): 2 blocks, 1 juans
Imported t52n2107 (T52n2107): 38 blocks, 1 juans
Imported i01n0092 (I01n0092): 1 blocks, 1 juans
Imported i01n0051 (I01n0051): 5 blocks, 1 juans
Imported i01n0055 (I01n0055): 2 blocks, 1 juans
Imported t49n2033 (T49n2033): 10 blocks, 1 juans
Imported i01n0059 (I01n0059): 1 blocks, 1 juans
Imported i01n0080 (I01n0080): 2 blocks, 1 juans
WARN: GA042n0042 第7卷: MD 段落 20 vs 索引 19
WARN: GA042n0042 第9卷: MD 段落 40 vs 索引 39
WARN: GA042n0042 第12卷: MD 段落 12 vs 索引 10
WARN: GA042n0042 第14卷: MD 段落 15 vs 索引 14
Imported ga042n0042 (GA042n0042): 559 blocks, 18 juans
Imported t49n2037 (T49n2037): 1560 blocks, 4 juans
Imported t51n2088 (T51n2088): 252 blocks, 2 juans
Import progress 400/3911 sutras=400 paragraphs=156430
Imported t50n2041 (T50n2041): 193 blocks, 1 juans
Imported t51n2090 (T51n2090): 7 blocks, 1 juans
WARN: T50n2040 第2卷: MD 段落 22 vs 索引 21
Imported t50n2040 (T50n2040): 604 blocks, 5 juans
Imported t49n2038 (T49n2038): 781 blocks, 3 juans
WARN: T51n2083 第1卷: MD 段落 68 vs 索引 55
WARN: T51n2083 第2卷: MD 段落 73 vs 索引 63
Imported t51n2083 (T51n2083): 118 blocks, 2 juans
WARN: GA009n0008 第1卷: MD 段落 34 vs 索引 30
WARN: GA009n0008 第3卷: MD 段落 18 vs 索引 17
WARN: GA009n0008 第4卷: MD 段落 27 vs 索引 26
WARN: GA009n0008 第5卷: MD 段落 39 vs 索引 38
Imported ga009n0008 (GA009n0008): 783 blocks, 6 juans
Imported ga052n0055 (GA052n0055): 349 blocks, 5 juans
WARN: GA036n0037 第1卷: MD 段落 244 vs 索引 243
Imported ga036n0037 (GA036n0037): 374 blocks, 2 juans
Imported ga037n0037 (GA037n0037): 687 blocks, 3 juans
Imported i01n0019 (I01n0019): 4 blocks, 1 juans
WARN: T52n2115 第3卷: MD 段落 16 vs 索引 15
WARN: T52n2115 第8卷: MD 段落 9 vs 索引 7
WARN: T52n2115 第9卷: MD 段落 15 vs 索引 14
WARN: T52n2115 第12卷: MD 段落 17 vs 索引 16
WARN: T52n2115 第17卷: MD 段落 62 vs 索引 61
WARN: T52n2115 第18卷: MD 段落 75 vs 索引 72
Imported t52n2115 (T52n2115): 420 blocks, 19 juans
Imported t50n2042 (T50n2042): 143 blocks, 7 juans
Imported t50n2045 (T50n2045): 2 blocks, 1 juans
WARN: T50n2043 第9卷: MD 段落 18 vs 索引 17
WARN: T50n2043 第10卷: MD 段落 216 vs 索引 215
Imported t50n2043 (T50n2043): 429 blocks, 10 juans
Imported i01n0076 (I01n0076): 2 blocks, 1 juans
Imported i01n0075 (I01n0075): 3 blocks, 1 juans
Imported i01n0082 (I01n0082): 3 blocks, 1 juans
Imported i01n0050 (I01n0050): 8 blocks, 1 juans
Imported i01n0071 (I01n0071): 2 blocks, 1 juans
Imported t50n2050 (T50n2050): 13 blocks, 1 juans
WARN: T52n2104 第1卷: MD 段落 33 vs 索引 27
WARN: T52n2104 第2卷: MD 段落 24 vs 索引 21
WARN: T52n2104 第3卷: MD 段落 26 vs 索引 20
WARN: T52n2104 第4卷: MD 段落 41 vs 索引 37
Imported t52n2104 (T52n2104): 105 blocks, 4 juans
WARN: T52n2108 第1卷: MD 段落 31 vs 索引 28
WARN: T52n2108 第2卷: MD 段落 33 vs 索引 31
WARN: T52n2108 第3卷: MD 段落 40 vs 索引 33
WARN: T52n2108 第4卷: MD 段落 37 vs 索引 34
WARN: T52n2108 第5卷: MD 段落 38 vs 索引 34
WARN: T52n2108 第6卷: MD 段落 33 vs 索引 26
Imported t52n2108 (T52n2108): 186 blocks, 6 juans
Imported t52n2106 (T52n2106): 223 blocks, 3 juans
WARN: GA081n0084 第1卷: MD 段落 98 vs 索引 97
Imported ga081n0084 (GA081n0084): 961 blocks, 6 juans
WARN: GA082n0084 第8卷: MD 段落 50 vs 索引 48
Imported ga082n0084 (GA082n0084): 501 blocks, 4 juans
WARN: GA027n0025 第2卷: MD 段落 108 vs 索引 105
Imported ga027n0025 (GA027n0025): 690 blocks, 7 juans
WARN: GA025n0023 第4卷: MD 段落 61 vs 索引 60
WARN: GA025n0023 第5卷: MD 段落 75 vs 索引 74
Imported ga025n0023 (GA025n0023): 861 blocks, 8 juans
WARN: GA056n0059 第3卷: MD 段落 53 vs 索引 50
Imported ga056n0059 (GA056n0059): 617 blocks, 9 juans
Imported i01n0083 (I01n0083): 4 blocks, 1 juans
Imported i01n0081 (I01n0081): 2 blocks, 1 juans
Imported i01n0062 (I01n0062): 4 blocks, 1 juans
Imported i01n0085 (I01n0085): 4 blocks, 1 juans
Imported i01n0004 (I01n0004): 1 blocks, 1 juans
Imported i01n0056 (I01n0056): 3 blocks, 1 juans
Imported i01n0021 (I01n0021): 3 blocks, 1 juans
Imported t50n2046 (T50n2046): 1 blocks, 1 juans
Imported i01n0011 (I01n0011): 7 blocks, 1 juans
Imported i01n0096 (I01n0096): 2 blocks, 1 juans
Imported i01n0006 (I01n0006): 4 blocks, 1 juans
Imported t50n2059 (T50n2059): 1152 blocks, 14 juans
Imported t51n2085 (T51n2085): 4 blocks, 1 juans
Imported i01n0009 (I01n0009): 4 blocks, 1 juans
Imported i01n0066 (I01n0066): 3 blocks, 1 juans
WARN: GA020n0018 第1卷: MD 段落 179 vs 索引 178
Imported ga020n0018 (GA020n0018): 178 blocks, 1 juans
Imported ga060n0065 (GA060n0065): 647 blocks, 4 juans
Imported ga043n0045 (GA043n0045): 96 blocks, 1 juans
WARN: GA043n0046 第1卷: MD 段落 276 vs 索引 272
Imported ga043n0046 (GA043n0046): 272 blocks, 1 juans
Imported ga043n0044 (GA043n0044): 25 blocks, 1 juans
WARN: GA084n0086 第1卷: MD 段落 95 vs 索引 94
Imported ga084n0086 (GA084n0086): 878 blocks, 8 juans
WARN: GA022n0020 第1卷: MD 段落 383 vs 索引 382
WARN: GA022n0020 第6卷: MD 段落 78 vs 索引 77
Imported ga022n0020 (GA022n0020): 1192 blocks, 12 juans
Import progress 450/3911 sutras=450 paragraphs=169985
Imported t50n2047a (T50n2047a): 1 blocks, 1 juans
Imported t50n2047b (T50n2047b): 1 blocks, 1 juans
WARN: GA029n0028 第6卷: MD 段落 186 vs 索引 184
WARN: GA029n0028 第11卷: MD 段落 64 vs 索引 63
WARN: GA029n0028 第12卷: MD 段落 161 vs 索引 160
Imported ga029n0028 (GA029n0028): 922 blocks, 12 juans
Imported d21n8871 (D21n8871): 132 blocks, 1 juans
WARN: D51n8948 第2卷: MD 段落 297 vs 索引 296
Imported d51n8948 (D51n8948): 468 blocks, 2 juans
Imported d09n8790 (D09n8790): 3 blocks, 1 juans
Imported d02n8680 (D02n8680): 36 blocks, 1 juans
Imported d01n8679 (D01n8679): 12 blocks, 1 juans
Imported d11n8817 (D11n8817): 16 blocks, 1 juans
Imported d10n8814 (D10n8814): 48 blocks, 1 juans
Imported d64n9031 (D64n9031): 102 blocks, 1 juans
Imported d55n8954 (D55n8954): 411 blocks, 10 juans
Imported d56n8980 (D56n8980): 459 blocks, 3 juans
WARN: D48n8939 第4卷: MD 段落 48 vs 索引 47
WARN: D48n8939 第22卷: MD 段落 13 vs 索引 12
Imported d48n8939 (D48n8939): 4313 blocks, 33 juans
Imported d31n8890 (D31n8890): 87 blocks, 2 juans
Imported d37n8896 (D37n8896): 3128 blocks, 6 juans
Imported d49n8942 (D49n8942): 802 blocks, 4 juans
Imported d28n8885 (D28n8885): 564 blocks, 6 juans
Imported d39n8899 (D39n8899): 435 blocks, 1 juans
Imported d04n8724 (D04n8724): 25 blocks, 1 juans
Imported d62n9026 (D62n9026): 8 blocks, 1 juans
WARN: D19n8864 第2卷: MD 段落 66 vs 索引 65
WARN: D19n8864 第3卷: MD 段落 79 vs 索引 77
Imported d19n8864 (D19n8864): 179 blocks, 3 juans
Imported d18n8863 (D18n8863): 2319 blocks, 16 juans
Imported d40n8903 (D40n8903): 2149 blocks, 7 juans
WARN: D52n8951 第2卷: MD 段落 52 vs 索引 51
Imported d52n8951 (D52n8951): 1508 blocks, 14 juans
Imported d08n8780 (D08n8780): 49 blocks, 1 juans
Imported d06n8775 (D06n8775): 63 blocks, 1 juans
Imported d20n8869 (D20n8869): 96 blocks, 1 juans
Imported d23n8879 (D23n8879): 4004 blocks, 10 juans
WARN: D24n8880 第1卷: MD 段落 155 vs 索引 154
Imported d24n8880 (D24n8880): 154 blocks, 1 juans
Imported d22n8874 (D22n8874): 183 blocks, 1 juans
Imported d30n8889 (D30n8889): 166 blocks, 2 juans
Imported d12n8820 (D12n8820): 3 blocks, 1 juans
Imported d15n8853 (D15n8853): 2181 blocks, 8 juans
WARN: D16n8859 第1卷: MD 段落 112 vs 索引 105
Imported d16n8859 (D16n8859): 157 blocks, 10 juans
WARN: D17n8862 第1卷: MD 段落 343 vs 索引 342
Imported d17n8862 (D17n8862): 4788 blocks, 10 juans
Imported d47n8936 (D47n8936): 714 blocks, 5 juans
Imported d34n8893 (D34n8893): 27 blocks, 2 juans
Imported d61n9025 (D61n9025): 728 blocks, 4 juans
Imported d53n8952 (D53n8952): 4 blocks, 1 juans
Imported d46n8930 (D46n8930): 4191 blocks, 2 juans
Imported d36n8895 (D36n8895): 141 blocks, 3 juans
Imported d33n8892 (D33n8892): 1763 blocks, 3 juans
Imported d27n8883 (D27n8883): 702 blocks, 6 juans
Imported d03n8701 (D03n8701): 24 blocks, 1 juans
Imported d60n9021 (D60n9021): 271 blocks, 1 juans
Imported d45n8915 (D45n8915): 11 blocks, 1 juans
Imported d57n9000 (D57n9000): 99 blocks, 3 juans
Imported d54n8953 (D54n8953): 11 blocks, 1 juans
WARN: D05n8774 第1卷: MD 段落 156 vs 索引 146
Imported d05n8774 (D05n8774): 146 blocks, 1 juans
Import progress 500/3911 sutras=500 paragraphs=208789
Imported d38n8898 (D38n8898): 693 blocks, 1 juans
Imported d14n8842 (D14n8842): 52 blocks, 1 juans
Imported d26n8882 (D26n8882): 88 blocks, 1 juans
Imported d25n8881 (D25n8881): 397 blocks, 2 juans
Imported d59n9011 (D59n9011): 5 blocks, 1 juans
Imported d29n8888 (D29n8888): 2031 blocks, 6 juans
Imported d32n8891 (D32n8891): 1405 blocks, 3 juans
Imported d41n8904 (D41n8904): 2039 blocks, 7 juans
Imported d43n8913 (D43n8913): 95 blocks, 1 juans
Imported d63n9027 (D63n9027): 6 blocks, 1 juans
WARN: D42n8905 第2卷: MD 段落 7 vs 索引 6
Imported d42n8905 (D42n8905): 52 blocks, 5 juans
Imported d44n8914 (D44n8914): 1127 blocks, 14 juans
Imported d13n8838 (D13n8838): 450 blocks, 1 juans
Imported d58n9010 (D58n9010): 233 blocks, 1 juans
Imported d50n8945 (D50n8945): 453 blocks, 1 juans
Imported d35n8894 (D35n8894): 949 blocks, 5 juans
Imported d07n8779 (D07n8779): 10 blocks, 1 juans
Imported t13n0400 (T13n0400): 379 blocks, 18 juans
Imported t13n0401 (T13n0401): 165 blocks, 2 juans
Imported t13n0417 (T13n0417): 83 blocks, 1 juans
Imported t13n0423 (T13n0423): 307 blocks, 4 juans
Imported t13n0412 (T13n0412): 150 blocks, 2 juans
WARN: T13n0411 第5卷: MD 段落 55 vs 索引 54
WARN: T13n0411 第9卷: MD 段落 25 vs 索引 24
Imported t13n0411 (T13n0411): 463 blocks, 10 juans
Imported t13n0398 (T13n0398): 556 blocks, 8 juans
Imported t13n0410 (T13n0410): 450 blocks, 8 juans
WARN: T13n0397 第1卷: MD 段落 130 vs 索引 129
WARN: T13n0397 第21卷: MD 段落 134 vs 索引 132
WARN: T13n0397 第23卷: MD 段落 88 vs 索引 87
WARN: T13n0397 第24卷: MD 段落 73 vs 索引 71
WARN: T13n0397 第31卷: MD 段落 99 vs 索引 98
WARN: T13n0397 第43卷: MD 段落 92 vs 索引 91
WARN: T13n0397 第47卷: MD 段落 82 vs 索引 80
WARN: T13n0397 第48卷: MD 段落 84 vs 索引 83
WARN: T13n0397 第49卷: MD 段落 47 vs 索引 46
WARN: T13n0397 第50卷: MD 段落 90 vs 索引 89
WARN: T13n0397 第51卷: MD 段落 64 vs 索引 63
WARN: T13n0397 第52卷: MD 段落 78 vs 索引 74
WARN: T13n0397 第53卷: MD 段落 67 vs 索引 66
WARN: T13n0397 第57卷: MD 段落 64 vs 索引 62
Imported t13n0397 (T13n0397): 6105 blocks, 60 juans
WARN: T13n0415 第4卷: MD 段落 55 vs 索引 54
WARN: T13n0415 第6卷: MD 段落 31 vs 索引 30
WARN: T13n0415 第9卷: MD 段落 49 vs 索引 48
Imported t13n0415 (T13n0415): 483 blocks, 10 juans
Imported t13n0416 (T13n0416): 302 blocks, 5 juans
Imported t13n0404 (T13n0404): 372 blocks, 8 juans
Imported t13n0424 (T13n0424): 304 blocks, 5 juans
Imported t13n0422 (T13n0422): 79 blocks, 2 juans
Imported t13n0421 (T13n0421): 228 blocks, 2 juans
Imported t13n0399 (T13n0399): 159 blocks, 4 juans
Imported t13n0402 (T13n0402): 681 blocks, 10 juans
Imported t13n0419 (T13n0419): 32 blocks, 1 juans
Imported t13n0413 (T13n0413): 1 blocks, 1 juans
Imported t13n0420 (T13n0420): 92 blocks, 2 juans
Imported t13n0418 (T13n0418): 201 blocks, 3 juans
WARN: T13n0414 第2卷: MD 段落 87 vs 索引 86
WARN: T13n0414 第3卷: MD 段落 56 vs 索引 55
Imported t13n0414 (T13n0414): 336 blocks, 5 juans
Imported t13n0408 (T13n0408): 65 blocks, 2 juans
Imported t13n0406 (T13n0406): 62 blocks, 1 juans
Imported t13n0407 (T13n0407): 82 blocks, 1 juans
Imported t13n0405 (T13n0405): 78 blocks, 1 juans
Imported t13n0409 (T13n0409): 67 blocks, 1 juans
Imported t13n0403 (T13n0403): 368 blocks, 7 juans
Imported t55n2179 (T55n2179): 1 blocks, 1 juans
WARN: T55n2159 第1卷: MD 段落 41 vs 索引 40
Imported t55n2159 (T55n2159): 40 blocks, 1 juans
Imported t55n2160 (T55n2160): 24 blocks, 1 juans
Imported t55n2167 (T55n2167): 14 blocks, 1 juans
WARN: T55n2145 第11卷: MD 段落 26 vs 索引 25
WARN: T55n2145 第12卷: MD 段落 79 vs 索引 78
Imported t55n2145 (T55n2145): 454 blocks, 15 juans
Import progress 550/3911 sutras=550 paragraphs=232057
Imported t54n2138 (T54n2138): 16 blocks, 1 juans
Imported t55n2151 (T55n2151): 146 blocks, 4 juans
Imported t55n2153 (T55n2153): 2377 blocks, 15 juans
WARN: T55n2149 第1卷: MD 段落 17 vs 索引 16
WARN: T55n2149 第6卷: MD 段落 411 vs 索引 409
WARN: T55n2149 第7卷: MD 段落 168 vs 索引 166
Imported t55n2149 (T55n2149): 1460 blocks, 10 juans
WARN: T55n2156 第1卷: MD 段落 82 vs 索引 81
WARN: T55n2156 第2卷: MD 段落 67 vs 索引 66
Imported t55n2156 (T55n2156): 206 blocks, 3 juans
Imported t54n2144 (T54n2144): 27 blocks, 1 juans
Imported t55n2178 (T55n2178): 1 blocks, 1 juans
Imported t55n2163 (T55n2163): 29 blocks, 1 juans
Imported t54n2142 (T54n2142): 2 blocks, 1 juans
Imported t55n2161 (T55n2161): 43 blocks, 1 juans
Imported t55n2168b (T55n2168B): 20 blocks, 1 juans
Imported t55n2168a (T55n2168A): 3 blocks, 1 juans
WARN: T55n2166 第1卷: MD 段落 23 vs 索引 22
Imported t55n2166 (T55n2166): 22 blocks, 1 juans
Imported t54n2141a (T54n2141A): 33 blocks, 1 juans
Imported t54n2140 (T54n2140): 58 blocks, 1 juans
Imported t55n2174a (T55n2174A): 7 blocks, 1 juans
Imported t55n2184 (T55n2184): 9 blocks, 2 juans
Imported t55n2165 (T55n2165): 18 blocks, 1 juans
Imported t55n2172 (T55n2172): 20 blocks, 1 juans
Imported t54n2143 (T54n2143): 5 blocks, 1 juans
Imported t55n2173 (T55n2173): 28 blocks, 1 juans
Imported t55n2183 (T55n2183): 14 blocks, 1 juans
Imported t55n2162 (T55n2162): 45 blocks, 1 juans
Imported t55n2180 (T55n2180): 3 blocks, 1 juans
Imported t54n2141b (T54n2141B): 32 blocks, 1 juans
Imported t55n2181 (T55n2181): 2 blocks, 1 juans
Imported t55n2146 (T55n2146): 291 blocks, 7 juans
Imported t55n2147 (T55n2147): 209 blocks, 5 juans
WARN: T55n2148 第1卷: MD 段落 18 vs 索引 17
Imported t55n2148 (T55n2148): 202 blocks, 5 juans
Imported t55n2170 (T55n2170): 15 blocks, 1 juans
Imported t55n2152 (T55n2152): 24 blocks, 1 juans
WARN: T55n2150 第1卷: MD 段落 53 vs 索引 52
Imported t55n2150 (T55n2150): 52 blocks, 1 juans
Imported t55n2158 (T55n2158): 73 blocks, 1 juans
Imported t54n2139 (T54n2139): 39 blocks, 2 juans
Imported t55n2177 (T55n2177): 8 blocks, 1 juans
WARN: T55n2176 第1卷: MD 段落 7 vs 索引 6
Imported t55n2176 (T55n2176): 7 blocks, 2 juans
WARN: T55n2157 第23卷: MD 段落 216 vs 索引 215
Imported t55n2157 (T55n2157): 3153 blocks, 30 juans
Imported t54n2137 (T54n2137): 165 blocks, 3 juans
Imported t55n2175 (T55n2175): 4 blocks, 1 juans
Imported t55n2169 (T55n2169): 8 blocks, 1 juans
WARN: T55n2154 第11卷: MD 段落 468 vs 索引 467
WARN: T55n2154 第13卷: MD 段落 658 vs 索引 653
WARN: T55n2154 第19卷: MD 段落 101 vs 索引 100
WARN: T55n2154 第20卷: MD 段落 333 vs 索引 330
Imported t55n2154 (T55n2154): 4129 blocks, 20 juans
WARN: T55n2155 第4卷: MD 段落 75 vs 索引 74
Imported t55n2155 (T55n2155): 252 blocks, 4 juans
WARN: T55n2164 第1卷: MD 段落 22 vs 索引 21
Imported t55n2164 (T55n2164): 21 blocks, 1 juans
Imported t55n2171 (T55n2171): 14 blocks, 1 juans
Imported t12n0326 (T12n0326): 4 blocks, 1 juans
Imported t12n0332 (T12n0332): 20 blocks, 1 juans
Imported t12n0359 (T12n0359): 81 blocks, 5 juans
Imported t11n0314 (T11n0314): 114 blocks, 1 juans
Imported t12n0348 (T12n0348): 8 blocks, 1 juans
Imported t12n0333 (T12n0333): 46 blocks, 1 juans
Import progress 600/3911 sutras=600 paragraphs=245622
Imported t12n0363 (T12n0363): 119 blocks, 3 juans
Imported t11n0316 (T11n0316): 702 blocks, 40 juans
Imported t12n0346 (T12n0346): 143 blocks, 4 juans
Imported t12n0352 (T12n0352): 241 blocks, 5 juans
Imported t12n0364 (T12n0364): 155 blocks, 2 juans
Imported t12n0343 (T12n0343): 32 blocks, 1 juans
Imported t12n0344 (T12n0344): 23 blocks, 1 juans
WARN: T11n0312 第9卷: MD 段落 23 vs 索引 22
Imported t11n0312 (T11n0312): 616 blocks, 20 juans
Imported t12n0372 (T12n0372): 88 blocks, 3 juans
Imported t12n0342 (T12n0342): 370 blocks, 2 juans
Imported t12n0356 (T12n0356): 130 blocks, 1 juans
Imported t12n0324 (T12n0324): 120 blocks, 1 juans
Imported t12n0351 (T12n0351): 104 blocks, 1 juans
Imported t11n0315a (T11n0315a): 72 blocks, 1 juans
Imported t11n0315b (T11n0315b): 60 blocks, 1 juans
Imported t12n0325 (T12n0325): 109 blocks, 1 juans
Imported t12n0331 (T12n0331): 34 blocks, 3 juans
Imported t12n0360 (T12n0360): 190 blocks, 2 juans
Imported t12n0361 (T12n0361): 285 blocks, 4 juans
Imported t11n0317 (T11n0317): 70 blocks, 1 juans
Imported t12n0330 (T12n0330): 24 blocks, 1 juans
Imported t12n0365 (T12n0365): 47 blocks, 1 juans
Imported t12n0321 (T12n0321): 121 blocks, 4 juans
Imported t12n0350 (T12n0350): 90 blocks, 1 juans
Imported t12n0362 (T12n0362): 159 blocks, 2 juans
Imported t12n0366 (T12n0366): 26 blocks, 1 juans
Imported t12n0337 (T12n0337): 170 blocks, 1 juans
Imported t12n0338 (T12n0338): 201 blocks, 1 juans
Imported t12n0334 (T12n0334): 61 blocks, 1 juans
Imported t12n0335 (T12n0335): 76 blocks, 1 juans
Imported t12n0328 (T12n0328): 108 blocks, 1 juans
Imported t12n0329 (T12n0329): 101 blocks, 1 juans
Imported t12n0355 (T12n0355): 127 blocks, 1 juans
Imported t12n0353 (T12n0353): 92 blocks, 1 juans
Imported t12n0347 (T12n0347): 137 blocks, 2 juans
WARN: T11n0310 第36卷: MD 段落 28 vs 索引 27
WARN: T11n0310 第37卷: MD 段落 54 vs 索引 53
WARN: T11n0310 第42卷: MD 段落 37 vs 索引 36
WARN: T11n0310 第45卷: MD 段落 22 vs 索引 21
WARN: T11n0310 第49卷: MD 段落 30 vs 索引 29
WARN: T11n0310 第54卷: MD 段落 21 vs 索引 20
WARN: T11n0310 第62卷: MD 段落 29 vs 索引 28
WARN: T11n0310 第64卷: MD 段落 13 vs 索引 12
WARN: T11n0310 第65卷: MD 段落 10 vs 索引 9
WARN: T11n0310 第66卷: MD 段落 15 vs 索引 14
WARN: T11n0310 第67卷: MD 段落 16 vs 索引 15
WARN: T11n0310 第68卷: MD 段落 9 vs 索引 8
WARN: T11n0310 第69卷: MD 段落 12 vs 索引 11
WARN: T11n0310 第70卷: MD 段落 202 vs 索引 201
WARN: T11n0310 第72卷: MD 段落 48 vs 索引 47
WARN: T11n0310 第73卷: MD 段落 31 vs 索引 30
WARN: T11n0310 第103卷: MD 段落 76 vs 索引 75
WARN: T11n0310 第104卷: MD 段落 87 vs 索引 86
WARN: T11n0310 第114卷: MD 段落 16 vs 索引 15
Imported t11n0310 (T11n0310): 6909 blocks, 120 juans
Imported t11n0311 (T11n0311): 141 blocks, 3 juans
Imported t11n0319 (T11n0319): 278 blocks, 3 juans
Imported t12n0357 (T12n0357): 119 blocks, 2 juans
Imported t12n0358 (T12n0358): 48 blocks, 1 juans
Imported t12n0349 (T12n0349): 49 blocks, 1 juans
Imported t12n0373 (T12n0373): 1 blocks, 1 juans
Imported t12n0339 (T12n0339): 205 blocks, 1 juans
Imported t12n0345 (T12n0345): 120 blocks, 2 juans
Imported t12n0368 (T12n0368): 6 blocks, 1 juans
Imported t11n0318 (T11n0318): 225 blocks, 2 juans
Imported t12n0340 (T12n0340): 142 blocks, 2 juans
Imported t12n0354 (T12n0354): 187 blocks, 2 juans
Imported t12n0322 (T12n0322): 64 blocks, 1 juans
Imported t11n0320 (T11n0320): 845 blocks, 20 juans
Import progress 650/3911 sutras=650 paragraphs=260164
Imported t12n0327 (T12n0327): 117 blocks, 2 juans
Imported t12n0367 (T12n0367): 36 blocks, 1 juans
Imported t12n0341 (T12n0341): 369 blocks, 3 juans
Imported t12n0371 (T12n0371): 97 blocks, 1 juans
Imported t12n0323 (T12n0323): 88 blocks, 1 juans
Imported t12n0369 (T12n0369): 1 blocks, 1 juans
Imported t12n0370 (T12n0370): 16 blocks, 1 juans
Imported t11n0313 (T11n0313): 263 blocks, 2 juans
Imported t12n0336 (T12n0336): 78 blocks, 1 juans
Imported t18n0889 (T18n0889): 307 blocks, 5 juans
Imported t19n1022a (T19n1022A): 11 blocks, 1 juans
Imported t19n1022b (T19n1022B): 10 blocks, 1 juans
Imported t19n1023 (T19n1023): 6 blocks, 1 juans
Imported t19n0960 (T19n0960): 2 blocks, 1 juans
Imported t18n0888 (T18n0888): 14 blocks, 2 juans
Imported t19n0951 (T19n0951): 849 blocks, 5 juans
WARN: T19n0953 第3卷: MD 段落 62 vs 索引 61
Imported t19n0953 (T19n0953): 280 blocks, 3 juans
Imported t19n0954a (T19n0954A): 94 blocks, 1 juans
Imported t19n0954b (T19n0954B): 91 blocks, 1 juans
Imported t19n0955 (T19n0955): 9 blocks, 1 juans
Imported t20n1183 (T20n1183): 30 blocks, 1 juans
Imported t20n1078 (T20n1078): 16 blocks, 1 juans
Imported t21n1332 (T21n1332): 370 blocks, 4 juans
Imported t20n1076 (T20n1076): 181 blocks, 1 juans
Imported t20n1079 (T20n1079): 18 blocks, 1 juans
Imported t20n1091 (T20n1091): 16 blocks, 1 juans
Imported t21n1308 (T21n1308): 608 blocks, 2 juans
Imported t21n1309 (T21n1309): 39 blocks, 1 juans
Imported t18n0905 (T18n0905): 26 blocks, 1 juans
Imported t21n1202 (T21n1202): 74 blocks, 1 juans
Imported t20n1095 (T20n1095): 4 blocks, 1 juans
Imported t20n1093 (T20n1093): 15 blocks, 1 juans
Imported t19n1002 (T19n1002): 4 blocks, 1 juans
Imported t20n1094 (T20n1094): 47 blocks, 1 juans
WARN: T20n1092 第15卷: MD 段落 30 vs 索引 29
WARN: T20n1092 第21卷: MD 段落 8 vs 索引 7
WARN: T20n1092 第23卷: MD 段落 354 vs 索引 353
WARN: T20n1092 第25卷: MD 段落 9 vs 索引 8
Imported t20n1092 (T20n1092): 1618 blocks, 30 juans
WARN: T20n1096 第1卷: MD 段落 188 vs 索引 182
Imported t20n1096 (T20n1096): 182 blocks, 1 juans
Imported t20n1097 (T20n1097): 101 blocks, 3 juans
Imported t20n1062b (T20n1062B): 1 blocks, 1 juans
Imported t19n0933 (T19n0933): 6 blocks, 1 juans
Imported t19n0979 (T19n0979): 1 blocks, 1 juans
WARN: T19n0952 第1卷: MD 段落 99 vs 索引 98
Imported t19n0952 (T19n0952): 515 blocks, 4 juans
Imported t20n1149 (T20n1149): 84 blocks, 1 juans
Imported t20n1174 (T20n1174): 71 blocks, 1 juans
WARN: T19n0995 第1卷: MD 段落 33 vs 索引 32
Imported t19n0995 (T19n0995): 32 blocks, 1 juans
Imported t19n0996 (T19n0996): 36 blocks, 1 juans
WARN: T19n0994 第1卷: MD 段落 47 vs 索引 46
Imported t19n0994 (T19n0994): 46 blocks, 1 juans
Imported t21n1241 (T21n1241): 1 blocks, 1 juans
Imported t20n1073 (T20n1073): 11 blocks, 1 juans
Imported t20n1074 (T20n1074): 22 blocks, 1 juans
Imported t19n0920 (T19n0920): 122 blocks, 2 juans
Import progress 700/3911 sutras=700 paragraphs=267199
WARN: T19n0982 第1卷: MD 段落 45 vs 索引 44
Imported t19n0982 (T19n0982): 200 blocks, 3 juans
Imported t20n1051 (T20n1051): 68 blocks, 1 juans
Imported t21n1374 (T21n1374): 39 blocks, 1 juans
Imported t21n1350 (T21n1350): 7 blocks, 1 juans
Imported t21n1418 (T21n1418): 67 blocks, 1 juans
Imported t19n0978 (T19n0978): 25 blocks, 1 juans
WARN: T18n0882 第17卷: MD 段落 106 vs 索引 105
WARN: T18n0882 第18卷: MD 段落 74 vs 索引 73
WARN: T18n0882 第24卷: MD 段落 131 vs 索引 130
WARN: T18n0882 第27卷: MD 段落 144 vs 索引 142
WARN: T18n0882 第28卷: MD 段落 148 vs 索引 147
Imported t18n0882 (T18n0882): 3649 blocks, 30 juans
WARN: T18n0885 第1卷: MD 段落 101 vs 索引 96
WARN: T18n0885 第2卷: MD 段落 49 vs 索引 44
WARN: T18n0885 第3卷: MD 段落 69 vs 索引 66
WARN: T18n0885 第4卷: MD 段落 69 vs 索引 68
WARN: T18n0885 第5卷: MD 段落 74 vs 索引 73
WARN: T18n0885 第6卷: MD 段落 112 vs 索引 111
WARN: T18n0885 第7卷: MD 段落 190 vs 索引 189
Imported t18n0885 (T18n0885): 647 blocks, 7 juans
Imported t20n1135 (T20n1135): 15 blocks, 1 juans
Imported t20n1136 (T20n1136): 24 blocks, 1 juans
Imported t19n1017 (T19n1017): 28 blocks, 1 juans
Imported t20n1110 (T20n1110): 48 blocks, 1 juans
Imported t20n1075 (T20n1075): 160 blocks, 1 juans
Imported t20n1077 (T20n1077): 14 blocks, 1 juans
Imported t20n1098 (T20n1098): 193 blocks, 2 juans
Imported t20n1152 (T20n1152): 45 blocks, 1 juans
Imported t19n0971 (T19n0971): 24 blocks, 1 juans
Imported t21n1206 (T21n1206): 6 blocks, 1 juans
Imported t21n1385 (T21n1385): 4 blocks, 1 juans
Imported t20n1044 (T20n1044): 17 blocks, 1 juans
Imported t20n1045a (T20n1045a): 24 blocks, 1 juans
Imported t21n1243 (T21n1243): 18 blocks, 2 juans
Imported t19n1010 (T19n1010): 5 blocks, 1 juans
Imported t19n1012 (T19n1012): 16 blocks, 1 juans
Imported t21n1410 (T21n1410): 10 blocks, 1 juans
Imported t21n1307 (T21n1307): 24 blocks, 1 juans
Imported t20n1070 (T20n1070): 28 blocks, 1 juans
Imported t21n1348 (T21n1348): 20 blocks, 1 juans
Imported t20n1118 (T20n1118): 3 blocks, 1 juans
Imported t21n1329 (T21n1329): 3 blocks, 1 juans
Imported t21n1326 (T21n1326): 3 blocks, 1 juans
Imported t21n1328 (T21n1328): 2 blocks, 1 juans
Imported t21n1327 (T21n1327): 1 blocks, 1 juans
Imported t21n1362 (T21n1362): 12 blocks, 1 juans
Imported t21n1380 (T21n1380): 12 blocks, 1 juans
Imported t20n1137 (T20n1137): 22 blocks, 1 juans
Imported t20n1159b (T20n1159B): 17 blocks, 1 juans
Imported t21n1417 (T21n1417): 4 blocks, 1 juans
Imported t21n1368 (T21n1368): 4 blocks, 1 juans
Imported t20n1168a (T20n1168A): 22 blocks, 1 juans
Imported t20n1164 (T20n1164): 24 blocks, 1 juans
Imported t19n0937 (T19n0937): 11 blocks, 1 juans
Imported t20n1050 (T20n1050): 57 blocks, 4 juans
Imported t19n0939 (T19n0939): 279 blocks, 2 juans
Imported t21n1252a (T21n1252a): 8 blocks, 1 juans
Imported t21n1252b (T21n1252b): 5 blocks, 1 juans
Imported t21n1381 (T21n1381): 6 blocks, 1 juans
Imported t19n0964 (T19n0964): 23 blocks, 1 juans
Imported t19n0985 (T19n0985): 251 blocks, 3 juans
Imported t19n0983a (T19n0983A): 48 blocks, 1 juans
Import progress 750/3911 sutras=750 paragraphs=273441
Imported t18n0892 (T18n0892): 308 blocks, 5 juans
Imported t21n1379 (T21n1379): 6 blocks, 1 juans
Imported t21n1257 (T21n1257): 554 blocks, 7 juans
Imported t20n1101 (T20n1101): 21 blocks, 1 juans
Imported t21n1367 (T21n1367): 21 blocks, 1 juans
Imported t19n0977 (T19n0977): 40 blocks, 1 juans
Imported t20n1048 (T20n1048): 19 blocks, 1 juans
WARN: T21n1230 第1卷: MD 段落 43 vs 索引 42
Imported t21n1230 (T21n1230): 42 blocks, 1 juans
Imported t21n1401 (T21n1401): 3 blocks, 1 juans
Imported t19n0987 (T19n0987): 49 blocks, 1 juans
Imported t21n1404 (T21n1404): 5 blocks, 1 juans
Imported t21n1403 (T21n1403): 21 blocks, 1 juans
Imported t20n1090 (T20n1090): 74 blocks, 1 juans
WARN: T21n1217 第1卷: MD 段落 74 vs 索引 70
WARN: T21n1217 第3卷: MD 段落 55 vs 索引 54
Imported t21n1217 (T21n1217): 155 blocks, 3 juans
Imported t21n1242 (T21n1242): 37 blocks, 1 juans
Imported t20n1186 (T20n1186): 3 blocks, 1 juans
Imported t21n1386 (T21n1386): 3 blocks, 1 juans
Imported t19n0999 (T19n0999): 131 blocks, 3 juans
Imported t21n1394 (T21n1394): 17 blocks, 1 juans
Imported t19n1029 (T19n1029): 6 blocks, 1 juans
Imported t21n1382 (T21n1382): 1 blocks, 1 juans
Imported t21n1383 (T21n1383): 4 blocks, 1 juans
Imported t21n1377 (T21n1377): 50 blocks, 1 juans
Imported t21n1412 (T21n1412): 2 blocks, 1 juans
Imported t21n1283 (T21n1283): 173 blocks, 2 juans
Imported t21n1285 (T21n1285): 6 blocks, 1 juans
Imported t21n1413 (T21n1413): 15 blocks, 1 juans
Imported t19n0940 (T19n0940): 7 blocks, 1 juans
Imported t21n1357 (T21n1357): 4 blocks, 1 juans
Imported t21n1265 (T21n1265): 37 blocks, 1 juans
Imported t18n0891 (T18n0891): 46 blocks, 1 juans
Imported t20n1140 (T20n1140): 23 blocks, 1 juans
Imported t20n1144 (T20n1144): 10 blocks, 1 juans
Imported t21n1405 (T21n1405): 7 blocks, 1 juans
Imported t20n1143 (T20n1143): 3 blocks, 1 juans
Imported t20n1142 (T20n1142): 1 blocks, 1 juans
Imported t21n1396 (T21n1396): 5 blocks, 1 juans
Imported t21n1351 (T21n1351): 12 blocks, 1 juans
Imported t21n1370 (T21n1370): 33 blocks, 1 juans
WARN: T20n1169 第3卷: MD 段落 50 vs 索引 49
Imported t20n1169 (T20n1169): 332 blocks, 4 juans
Imported t21n1255b (T21n1255b): 18 blocks, 1 juans
Imported t21n1255a (T21n1255a): 13 blocks, 1 juans
Imported t21n1256 (T21n1256): 7 blocks, 1 juans
Imported t21n1393 (T21n1393): 9 blocks, 1 juans
Imported t21n1313 (T21n1313): 24 blocks, 1 juans
Imported t21n1314 (T21n1314): 13 blocks, 1 juans
Imported t20n1197 (T20n1197): 20 blocks, 1 juans
Imported t20n1185a (T20n1185A): 75 blocks, 1 juans
Imported t20n1189 (T20n1189): 42 blocks, 1 juans
Imported t21n1373 (T21n1373): 9 blocks, 1 juans
Import progress 800/3911 sutras=800 paragraphs=275957
Imported t21n1321 (T21n1321): 42 blocks, 1 juans
Imported t20n1126 (T20n1126): 77 blocks, 1 juans
Imported t20n1127 (T20n1127): 5 blocks, 1 juans
Imported t21n1398 (T21n1398): 10 blocks, 1 juans
Imported t21n1408 (T21n1408): 7 blocks, 1 juans
Imported t21n1288 (T21n1288): 156 blocks, 3 juans
Imported t20n1187 (T20n1187): 23 blocks, 2 juans
Imported t21n1387 (T21n1387): 3 blocks, 1 juans
Imported t21n1391 (T21n1391): 3 blocks, 1 juans
Imported t18n0898 (T18n0898): 45 blocks, 1 juans
Imported t21n1245 (T21n1245): 35 blocks, 1 juans
Imported t21n1390 (T21n1390): 3 blocks, 1 juans
Imported t21n1400 (T21n1400): 4 blocks, 1 juans
Imported t21n1399 (T21n1399): 3 blocks, 1 juans
Imported t21n1331 (T21n1331): 1030 blocks, 12 juans
WARN: T18n0887 第2卷: MD 段落 38 vs 索引 34
WARN: T18n0887 第3卷: MD 段落 22 vs 索引 19
WARN: T18n0887 第4卷: MD 段落 39 vs 索引 36
WARN: T18n0887 第5卷: MD 段落 68 vs 索引 65
WARN: T18n0887 第6卷: MD 段落 132 vs 索引 129
Imported t18n0887 (T18n0887): 322 blocks, 6 juans
Imported t21n1342 (T21n1342): 15 blocks, 1 juans
Imported t21n1388 (T21n1388): 4 blocks, 1 juans
Imported t21n1233 (T21n1233): 35 blocks, 1 juans
Imported t19n0943 (T19n0943): 6 blocks, 1 juans
Imported t19n0934 (T19n0934): 3 blocks, 1 juans
Imported t21n1223 (T21n1223): 87 blocks, 1 juans
Imported t21n1389 (T21n1389): 1 blocks, 1 juans
Imported t19n1011 (T19n1011): 12 blocks, 1 juans
WARN: T19n0963 第1卷: MD 段落 5 vs 索引 4
Imported t19n0963 (T19n0963): 4 blocks, 1 juans
Imported t21n1378a (T21n1378a): 7 blocks, 1 juans
WARN: T18n0890 第4卷: MD 段落 106 vs 索引 105
Imported t18n0890 (T18n0890): 442 blocks, 5 juans
Imported t21n1316 (T21n1316): 2 blocks, 1 juans
Imported t21n1325 (T21n1325): 12 blocks, 1 juans
Imported t18n0883 (T18n0883): 423 blocks, 4 juans
Imported t21n1366 (T21n1366): 8 blocks, 1 juans
Imported t18n0884 (T18n0884): 148 blocks, 3 juans
Imported t21n1349 (T21n1349): 18 blocks, 1 juans
Imported t21n1264b (T21n1264b): 10 blocks, 1 juans
Imported t20n1047 (T20n1047): 9 blocks, 1 juans
Imported t20n1104 (T20n1104): 11 blocks, 1 juans
Imported t21n1371 (T21n1371): 20 blocks, 1 juans
Imported t21n1284 (T21n1284): 63 blocks, 2 juans
Imported t21n1303 (T21n1303): 7 blocks, 1 juans
Imported t21n1355 (T21n1355): 26 blocks, 1 juans
Imported t21n1409 (T21n1409): 7 blocks, 1 juans
Imported t21n1376 (T21n1376): 53 blocks, 2 juans
Imported t20n1099 (T20n1099): 29 blocks, 1 juans
Imported t20n1055 (T20n1055): 10 blocks, 1 juans
Imported t21n1359 (T21n1359): 9 blocks, 1 juans
Imported t21n1358 (T21n1358): 6 blocks, 1 juans
Imported t21n1375 (T21n1375): 17 blocks, 1 juans
Imported t21n1356 (T21n1356): 4 blocks, 1 juans
Imported t21n1411 (T21n1411): 2 blocks, 1 juans
Imported t20n1148 (T20n1148): 1 blocks, 1 juans
Import progress 850/3911 sutras=850 paragraphs=279236
Imported t20n1081 (T20n1081): 8 blocks, 1 juans
Imported t20n1117 (T20n1117): 7 blocks, 1 juans
Imported t20n1161 (T20n1161): 20 blocks, 1 juans
Imported t19n1028a (T19n1028A): 42 blocks, 1 juans
Imported t21n1407 (T21n1407): 3 blocks, 1 juans
Imported t21n1406 (T21n1406): 6 blocks, 1 juans
Imported t19n0998 (T19n0998): 7 blocks, 1 juans
Imported t21n1419 (T21n1419): 116 blocks, 1 juans
Imported t19n1026 (T19n1026): 34 blocks, 1 juans
Imported t18n0886 (T18n0886): 50 blocks, 1 juans
Imported t20n1129 (T20n1129): 393 blocks, 3 juans
Imported t20n1170 (T20n1170): 176 blocks, 3 juans
Imported t21n1289 (T21n1289): 130 blocks, 1 juans
Imported t21n1269 (T21n1269): 4 blocks, 1 juans
Imported t21n1414 (T21n1414): 10 blocks, 1 juans
Imported t21n1384 (T21n1384): 3 blocks, 1 juans
Imported t19n1015 (T19n1015): 25 blocks, 1 juans
Imported t21n1352 (T21n1352): 10 blocks, 1 juans
Imported t20n1154 (T20n1154): 38 blocks, 1 juans
Imported t20n1163 (T20n1163): 32 blocks, 1 juans
Imported t21n1262 (T21n1262): 29 blocks, 1 juans
Imported t19n0976 (T19n0976): 22 blocks, 1 juans
Imported t18n0906 (T18n0906): 37 blocks, 1 juans
Imported t18n0907 (T18n0907): 13 blocks, 1 juans
Imported t19n0974b (T19n0974B): 3 blocks, 1 juans
Imported t19n0974f (T19n0974F): 41 blocks, 1 juans
Imported t19n0972 (T19n0972): 61 blocks, 1 juans
Imported t19n0974d (T19n0974D): 5 blocks, 1 juans
WARN: T19n0974E 第1卷: MD 段落 213 vs 索引 212
Imported t19n0974e (T19n0974E): 212 blocks, 1 juans
Imported t19n0967 (T19n0967): 34 blocks, 1 juans
Imported t19n0968 (T19n0968): 15 blocks, 1 juans
Imported t19n1025 (T19n1025): 32 blocks, 2 juans
Imported t19n0969 (T19n0969): 24 blocks, 1 juans
Imported t21n1267 (T21n1267): 11 blocks, 1 juans
Imported t18n0859 (T18n0859): 66 blocks, 1 juans
Imported t21n1297 (T21n1297): 1 blocks, 1 juans
Imported t21n1295 (T21n1295): 73 blocks, 1 juans
Imported t20n1151 (T20n1151): 107 blocks, 1 juans
Imported t19n0928 (T19n0928): 16 blocks, 1 juans
Imported t21n1208 (T21n1208): 36 blocks, 1 juans
Imported t21n1365 (T21n1365): 7 blocks, 1 juans
Imported t20n1167 (T20n1167): 33 blocks, 1 juans
Imported t20n1168b (T20n1168B): 1 blocks, 1 juans
Imported t20n1046 (T20n1046): 6 blocks, 1 juans
Imported t20n1045b (T20n1045b): 22 blocks, 1 juans
Imported t20n1180 (T20n1180): 3 blocks, 1 juans
Imported t21n1360 (T21n1360): 5 blocks, 1 juans
Imported t21n1361 (T21n1361): 35 blocks, 1 juans
Imported t19n1009 (T19n1009): 38 blocks, 1 juans
Imported t19n1018 (T19n1018): 27 blocks, 1 juans
Import progress 900/3911 sutras=900 paragraphs=281365
Imported t19n0974c (T19n0974C): 7 blocks, 1 juans
Imported t20n1120b (T20n1120B): 4 blocks, 1 juans
Imported t21n1363 (T21n1363): 7 blocks, 1 juans
Imported t21n1205 (T21n1205): 95 blocks, 1 juans
Imported t21n1305 (T21n1305): 4 blocks, 1 juans
Imported t21n1310 (T21n1310): 67 blocks, 1 juans
Imported t21n1306 (T21n1306): 9 blocks, 1 juans
Imported t21n1250 (T21n1250): 45 blocks, 1 juans
Imported t21n1247 (T21n1247): 14 blocks, 1 juans
Imported t21n1248 (T21n1248): 57 blocks, 1 juans
Imported t20n1071 (T20n1071): 40 blocks, 1 juans
Imported t20n1069 (T20n1069): 192 blocks, 3 juans
Imported t21n1298 (T21n1298): 38 blocks, 1 juans
Imported t18n0900 (T18n0900): 54 blocks, 1 juans
Imported t21n1296 (T21n1296): 45 blocks, 1 juans
Imported t20n1065 (T20n1065): 108 blocks, 1 juans
Imported t20n1064 (T20n1064): 94 blocks, 1 juans
Imported t20n1062a (T20n1062A): 1 blocks, 1 juans
WARN: T20n1058 第1卷: MD 段落 69 vs 索引 59
Imported t20n1058 (T20n1058): 59 blocks, 1 juans
Imported t20n1060 (T20n1060): 140 blocks, 1 juans
Imported t20n1059 (T20n1059): 49 blocks, 1 juans
Imported t20n1061 (T20n1061): 2 blocks, 1 juans
Imported t20n1068 (T20n1068): 90 blocks, 1 juans
WARN: T20n1057a 第1卷: MD 段落 40 vs 索引 35
Imported t20n1057a (T20n1057a): 65 blocks, 2 juans
Imported t20n1057b (T20n1057b): 57 blocks, 2 juans
Imported t21n1213 (T21n1213): 4 blocks, 1 juans
Imported t20n1036 (T20n1036): 17 blocks, 1 juans
Imported t20n1035 (T20n1035): 5 blocks, 1 juans
Imported t20n1177b (T20n1177B): 1 blocks, 1 juans
Imported t18n0916 (T18n0916): 12 blocks, 1 juans
Imported t18n0915 (T18n0915): 29 blocks, 1 juans
WARN: T21n1251 第1卷: MD 段落 141 vs 索引 139
WARN: T21n1251 第2卷: MD 段落 129 vs 索引 128
WARN: T21n1251 第3卷: MD 段落 97 vs 索引 95
Imported t21n1251 (T21n1251): 362 blocks, 3 juans
Imported t21n1338 (T21n1338): 6 blocks, 1 juans
Imported t20n1034 (T20n1034): 6 blocks, 1 juans
Imported t21n1330 (T21n1330): 38 blocks, 1 juans
Imported t20n1158 (T20n1158): 17 blocks, 1 juans
Imported t21n1286 (T21n1286): 23 blocks, 1 juans
Imported t21n1372 (T21n1372): 5 blocks, 1 juans
Imported t21n1215 (T21n1215): 3 blocks, 1 juans
Imported t19n0936 (T19n0936): 62 blocks, 1 juans
WARN: T20n1177A 第1卷: MD 段落 43 vs 索引 42
WARN: T20n1177A 第2卷: MD 段落 24 vs 索引 23
WARN: T20n1177A 第5卷: MD 段落 9 vs 索引 8
Imported t20n1177a (T20n1177A): 173 blocks, 10 juans
Imported t20n1130 (T20n1130): 7 blocks, 1 juans
Imported t19n0944b (T19n0944B): 1 blocks, 1 juans
Imported t19n0945 (T19n0945): 527 blocks, 10 juans
WARN: T19n0947 第1卷: MD 段落 298 vs 索引 297
Imported t19n0947 (T19n0947): 297 blocks, 1 juans
Imported t19n0944a (T19n0944A): 5 blocks, 1 juans
WARN: T19n0946 第1卷: MD 段落 59 vs 索引 56
WARN: T19n0946 第2卷: MD 段落 51 vs 索引 47
WARN: T19n0946 第4卷: MD 段落 160 vs 索引 157
WARN: T19n0946 第5卷: MD 段落 211 vs 索引 203
Imported t19n0946 (T19n0946): 463 blocks, 4 juans
Imported t21n1268 (T21n1268): 74 blocks, 1 juans
Imported t19n0980 (T19n0980): 9 blocks, 1 juans
Imported t21n1253 (T21n1253): 46 blocks, 1 juans
Import progress 950/3911 sutras=950 paragraphs=284900
Imported t21n1335 (T21n1335): 154 blocks, 4 juans
Imported t19n0965 (T19n0965): 47 blocks, 1 juans
Imported t21n1227 (T21n1227): 430 blocks, 3 juans
Imported t21n1341 (T21n1341): 229 blocks, 20 juans
Imported t21n1225 (T21n1225): 90 blocks, 1 juans
Imported t21n1392 (T21n1392): 11 blocks, 1 juans
WARN: T19n1005A 第1卷: MD 段落 48 vs 索引 46
Imported t19n1005a (T19n1005A): 211 blocks, 3 juans
Imported t20n1066 (T20n1066): 70 blocks, 1 juans
Imported t20n1113b (T20n1113B): 112 blocks, 1 juans
Imported t19n1020 (T19n1020): 3 blocks, 1 juans
Imported t19n1019 (T19n1019): 45 blocks, 1 juans
WARN: T21n1216 第1卷: MD 段落 17 vs 索引 16
Imported t21n1216 (T21n1216): 16 blocks, 1 juans
WARN: T20n1191 第9卷: MD 段落 28 vs 索引 27
WARN: T20n1191 第11卷: MD 段落 33 vs 索引 31
WARN: T20n1191 第12卷: MD 段落 34 vs 索引 33
WARN: T20n1191 第13卷: MD 段落 32 vs 索引 30
WARN: T20n1191 第15卷: MD 段落 34 vs 索引 33
WARN: T20n1191 第16卷: MD 段落 27 vs 索引 26
WARN: T20n1191 第17卷: MD 段落 25 vs 索引 24
WARN: T20n1191 第18卷: MD 段落 32 vs 索引 30
WARN: T20n1191 第19卷: MD 段落 16 vs 索引 15
WARN: T20n1191 第20卷: MD 段落 19 vs 索引 18
Imported t20n1191 (T20n1191): 654 blocks, 20 juans
Imported t20n1181 (T20n1181): 4 blocks, 1 juans
Imported t19n0992 (T19n0992): 154 blocks, 1 juans
Imported t21n1339 (T21n1339): 113 blocks, 4 juans
Imported t18n0864a (T18n0864A): 173 blocks, 1 juans
Imported t18n0860 (T18n0860): 168 blocks, 1 juans
Imported t18n0857 (T18n0857): 16 blocks, 1 juans
Imported t19n1003 (T19n1003): 70 blocks, 2 juans
Imported t20n1119 (T20n1119): 128 blocks, 1 juans
WARN: T18n0852b 第1卷: MD 段落 194 vs 索引 193
Imported t18n0852b (T18n0852b): 525 blocks, 2 juans
Imported t19n0981 (T19n0981): 66 blocks, 1 juans
Imported t18n0849 (T18n0849): 226 blocks, 1 juans
Imported t18n0848 (T18n0848): 939 blocks, 7 juans
Imported t18n0856 (T18n0856): 22 blocks, 1 juans
WARN: T18n0852a 第1卷: MD 段落 197 vs 索引 196
Imported t18n0852a (T18n0852a): 527 blocks, 2 juans
Imported t18n0853 (T18n0853): 570 blocks, 3 juans
Imported t18n0858 (T18n0858): 23 blocks, 1 juans
Imported t18n0851 (T18n0851): 601 blocks, 3 juans
Imported t18n0863 (T18n0863): 29 blocks, 1 juans
WARN: T21n1340 第11卷: MD 段落 15 vs 索引 14
WARN: T21n1340 第14卷: MD 段落 15 vs 索引 14
Imported t21n1340 (T21n1340): 291 blocks, 20 juans
Imported t21n1266 (T21n1266): 32 blocks, 1 juans
Imported t20n1184 (T20n1184): 101 blocks, 1 juans
Imported t19n0966 (T19n0966): 49 blocks, 1 juans
Imported t20n1195 (T20n1195): 10 blocks, 1 juans
Imported t21n1270 (T21n1270): 68 blocks, 1 juans
Imported t21n1274 (T21n1274): 3 blocks, 1 juans
Imported t21n1260 (T21n1260): 49 blocks, 1 juans
Imported t20n1146 (T20n1146): 46 blocks, 1 juans
Imported t21n1231 (T21n1231): 87 blocks, 1 juans
Imported t20n1159a (T20n1159A): 7 blocks, 1 juans
Imported t21n1415 (T21n1415): 4 blocks, 1 juans
Imported t19n0986 (T19n0986): 23 blocks, 1 juans
Imported t19n0956 (T19n0956): 63 blocks, 1 juans
Imported t20n1156a (T20n1156A): 15 blocks, 1 juans
Imported t19n0990 (T19n0990): 1 blocks, 1 juans
Imported t19n0993 (T19n0993): 120 blocks, 1 juans
Imported t19n0989 (T19n0989): 86 blocks, 2 juans
Imported t19n0991 (T19n0991): 181 blocks, 2 juans
Import progress 1000/3911 sutras=1000 paragraphs=292562
Imported t21n1287 (T21n1287): 29 blocks, 1 juans
Imported t19n0949 (T19n0949): 77 blocks, 1 juans
Imported t21n1334 (T21n1334): 27 blocks, 1 juans
Imported t19n0961 (T19n0961): 51 blocks, 1 juans
Imported t20n1088 (T20n1088): 42 blocks, 1 juans
Imported t20n1080 (T20n1080): 102 blocks, 1 juans
Imported t20n1193 (T20n1193): 126 blocks, 1 juans
Imported t20n1192 (T20n1192): 596 blocks, 5 juans
Imported t20n1194 (T20n1194): 78 blocks, 1 juans
Imported t21n1364 (T21n1364): 4 blocks, 1 juans
WARN: T18n0896 第1卷: MD 段落 35 vs 索引 33
Imported t18n0896 (T18n0896): 114 blocks, 4 juans
Imported t19n0984 (T19n0984): 196 blocks, 2 juans
Imported t19n0988 (T19n0988): 58 blocks, 1 juans
Imported t19n0983b (T19n0983B): 18 blocks, 1 juans
WARN: T19n0997 第3卷: MD 段落 84 vs 索引 83
WARN: T19n0997 第7卷: MD 段落 87 vs 索引 86
WARN: T19n0997 第8卷: MD 段落 37 vs 索引 35
WARN: T19n0997 第10卷: MD 段落 130 vs 索引 129
Imported t19n0997 (T19n0997): 742 blocks, 10 juans
Imported t20n1156b (T20n1156B): 22 blocks, 1 juans
Imported t21n1304 (T21n1304): 49 blocks, 1 juans
Imported t19n0962 (T19n0962): 22 blocks, 1 juans
Imported t19n1005b (T19n1005B): 114 blocks, 1 juans
Imported t21n1282 (T21n1282): 20 blocks, 1 juans
Imported t19n0973 (T19n0973): 173 blocks, 2 juans
Imported t21n1343 (T21n1343): 40 blocks, 1 juans
Imported t21n1378b (T21n1378b): 4 blocks, 1 juans
Imported t21n1200 (T21n1200): 121 blocks, 1 juans
WARN: T21n1201 第1卷: MD 段落 24 vs 索引 23
Imported t21n1201 (T21n1201): 180 blocks, 3 juans
WARN: T19n1006 第3卷: MD 段落 275 vs 索引 274
Imported t19n1006 (T19n1006): 419 blocks, 3 juans
Imported t20n1116 (T20n1116): 13 blocks, 1 juans
Imported t18n0911 (T18n0911): 53 blocks, 1 juans
Imported t18n0912 (T18n0912): 49 blocks, 1 juans
Imported t18n0904 (T18n0904): 242 blocks, 1 juans
Imported t21n1347 (T21n1347): 17 blocks, 1 juans
WARN: T20n1141 第1卷: MD 段落 118 vs 索引 116
WARN: T20n1141 第2卷: MD 段落 38 vs 索引 36
Imported t20n1141 (T20n1141): 152 blocks, 2 juans
Imported t19n1000 (T19n1000): 115 blocks, 1 juans
Imported t21n1395 (T21n1395): 9 blocks, 1 juans
Imported t20n1162 (T20n1162): 22 blocks, 1 juans
Imported t21n1259 (T21n1259): 4 blocks, 1 juans
Imported t21n1258 (T21n1258): 9 blocks, 1 juans
Imported t21n1300 (T21n1300): 45 blocks, 2 juans
Imported t21n1246 (T21n1246): 148 blocks, 1 juans
Imported t21n1271 (T21n1271): 13 blocks, 1 juans
Imported t21n1280 (T21n1280): 39 blocks, 1 juans
Imported t21n1279 (T21n1279): 9 blocks, 1 juans
Imported t21n1232 (T21n1232): 52 blocks, 1 juans
Imported t18n0850 (T18n0850): 478 blocks, 3 juans
Imported t20n1067 (T20n1067): 253 blocks, 1 juans
Imported t20n1108b (T20n1108B): 52 blocks, 1 juans
Imported t20n1185b (T20n1185B): 58 blocks, 1 juans
Imported t21n1218 (T21n1218): 42 blocks, 1 juans
Imported t20n1179 (T20n1179): 22 blocks, 1 juans
Imported t21n1299 (T21n1299): 257 blocks, 2 juans
Import progress 1050/3911 sutras=1050 paragraphs=298139
Imported t21n1276 (T21n1276): 123 blocks, 1 juans
Imported t20n1188 (T20n1188): 13 blocks, 2 juans
Imported t20n1178 (T20n1178): 5 blocks, 1 juans
Imported t21n1322 (T21n1322): 19 blocks, 1 juans
Imported t21n1294 (T21n1294): 35 blocks, 1 juans
Imported t21n1315 (T21n1315): 40 blocks, 1 juans
Imported t20n1160 (T20n1160): 8 blocks, 1 juans
Imported t20n1124 (T20n1124): 119 blocks, 1 juans
Imported t20n1153 (T20n1153): 68 blocks, 2 juans
Imported t21n1397 (T21n1397): 6 blocks, 1 juans
Imported t21n1219 (T21n1219): 11 blocks, 1 juans
Imported t20n1176 (T20n1176): 22 blocks, 1 juans
Imported t20n1196 (T20n1196): 1 blocks, 1 juans
Imported t20n1182 (T20n1182): 4 blocks, 1 juans
Imported t20n1128 (T20n1128): 25 blocks, 2 juans
Imported t19n0970 (T19n0970): 35 blocks, 1 juans
Imported t19n0974a (T19n0974A): 1 blocks, 1 juans
Imported t21n1254 (T21n1254): 76 blocks, 1 juans
Imported t21n1354 (T21n1354): 41 blocks, 1 juans
Imported t21n1353 (T21n1353): 34 blocks, 1 juans
Imported t18n0910 (T18n0910): 45 blocks, 1 juans
Imported t21n1311 (T21n1311): 89 blocks, 1 juans
Imported t19n0935 (T19n0935): 35 blocks, 1 juans
Imported t20n1114 (T20n1114): 3 blocks, 1 juans
Imported t21n1249 (T21n1249): 64 blocks, 1 juans
Imported t21n1244 (T21n1244): 17 blocks, 1 juans
Imported t18n0861 (T18n0861): 43 blocks, 1 juans
Imported t21n1273 (T21n1273): 24 blocks, 1 juans
Imported t21n1263 (T21n1263): 24 blocks, 1 juans
Imported t21n1292 (T21n1292): 39 blocks, 1 juans
Imported t19n1001 (T19n1001): 96 blocks, 1 juans
Imported t21n1402 (T21n1402): 27 blocks, 1 juans
Imported t19n0929 (T19n0929): 23 blocks, 1 juans
Imported t21n1291 (T21n1291): 22 blocks, 1 juans
Imported t18n0899 (T18n0899): 71 blocks, 1 juans
Imported t20n1038 (T20n1038): 12 blocks, 1 juans
Imported t18n0913 (T18n0913): 25 blocks, 1 juans
Imported t18n0914 (T18n0914): 95 blocks, 1 juans
Imported t21n1226 (T21n1226): 43 blocks, 1 juans
Imported t19n1024 (T19n1024): 27 blocks, 1 juans
WARN: T18n0917 第1卷: MD 段落 68 vs 索引 67
Imported t18n0917 (T18n0917): 67 blocks, 1 juans
Imported t21n1235 (T21n1235): 3 blocks, 1 juans
Imported t21n1234 (T21n1234): 12 blocks, 1 juans
Imported t19n0930 (T19n0930): 74 blocks, 1 juans
Imported t19n1014 (T19n1014): 27 blocks, 1 juans
Imported t21n1290 (T21n1290): 80 blocks, 1 juans
Imported t19n1007 (T19n1007): 204 blocks, 1 juans
Imported t20n1032 (T20n1032): 74 blocks, 1 juans
Imported t18n0880 (T18n0880): 50 blocks, 1 juans
Imported t21n1318 (T21n1318): 64 blocks, 1 juans
Import progress 1100/3911 sutras=1100 paragraphs=300304
Imported t21n1320 (T21n1320): 216 blocks, 1 juans
Imported t21n1319 (T21n1319): 2 blocks, 1 juans
Imported t21n1211 (T21n1211): 104 blocks, 1 juans
Imported t21n1317 (T21n1317): 1 blocks, 1 juans
WARN: T18n0870 第1卷: MD 段落 37 vs 索引 36
Imported t18n0870 (T18n0870): 36 blocks, 1 juans
Imported t20n1063 (T20n1063): 1 blocks, 1 juans
Imported t19n0975 (T19n0975): 65 blocks, 1 juans
Imported t20n1109 (T20n1109): 5 blocks, 1 juans
Imported t21n1369a (T21n1369a): 9 blocks, 1 juans
Imported t21n1369b (T21n1369b): 8 blocks, 1 juans
Imported t21n1337 (T21n1337): 43 blocks, 1 juans
Imported t21n1229 (T21n1229): 24 blocks, 1 juans
Imported t21n1228 (T21n1228): 9 blocks, 1 juans
Imported t19n1028b (T19n1028B): 30 blocks, 1 juans
Imported t18n0902 (T18n0902): 5 blocks, 1 juans
Imported t20n1049 (T20n1049): 7 blocks, 1 juans
Imported t20n1105 (T20n1105): 11 blocks, 1 juans
Imported t20n1107 (T20n1107): 1 blocks, 1 juans
WARN: T20n1190 第1卷: MD 段落 55 vs 索引 54
Imported t20n1190 (T20n1190): 54 blocks, 1 juans
Imported t20n1165 (T20n1165): 55 blocks, 1 juans
Imported t20n1108a (T20n1108A): 6 blocks, 1 juans
Imported t21n1275 (T21n1275): 60 blocks, 1 juans
Imported t21n1204 (T21n1204): 38 blocks, 1 juans
Imported t21n1203 (T21n1203): 38 blocks, 1 juans
Imported t21n1236 (T21n1236): 11 blocks, 1 juans
Imported t20n1198 (T20n1198): 3 blocks, 1 juans
Imported t20n1147 (T20n1147): 42 blocks, 1 juans
Imported t20n1054 (T20n1054): 5 blocks, 1 juans
Imported t20n1053 (T20n1053): 1 blocks, 1 juans
Imported t20n1031 (T20n1031): 33 blocks, 1 juans
Imported t20n1072a (T20n1072A): 316 blocks, 2 juans
Imported t21n1222a (T21n1222a): 324 blocks, 3 juans
Imported t21n1222b (T21n1222b): 217 blocks, 3 juans
Imported t20n1131 (T20n1131): 20 blocks, 1 juans
Imported t21n1214 (T21n1214): 83 blocks, 1 juans
Imported t18n0854 (T18n0854): 542 blocks, 2 juans
Imported t18n0864b (T18n0864B): 239 blocks, 1 juans
Imported t21n1324 (T21n1324): 7 blocks, 1 juans
Imported t19n1016 (T19n1016): 20 blocks, 1 juans
Imported t21n1301 (T21n1301): 65 blocks, 1 juans
Imported t21n1293 (T21n1293): 21 blocks, 1 juans
Imported t19n1004 (T19n1004): 18 blocks, 1 juans
WARN: T19n0950 第1卷: MD 段落 74 vs 索引 73
WARN: T19n0950 第2卷: MD 段落 68 vs 索引 67
WARN: T19n0950 第4卷: MD 段落 184 vs 索引 183
WARN: T19n0950 第5卷: MD 段落 102 vs 索引 101
Imported t19n0950 (T19n0950): 489 blocks, 5 juans
Imported t19n1008 (T19n1008): 122 blocks, 1 juans
Imported t19n1021 (T19n1021): 4 blocks, 1 juans
Imported t20n1100 (T20n1100): 80 blocks, 1 juans
Imported t18n0875 (T18n0875): 277 blocks, 1 juans
Imported t18n0897 (T18n0897): 209 blocks, 3 juans
WARN: T19n0927 第1卷: MD 段落 216 vs 索引 215
Imported t19n0927 (T19n0927): 215 blocks, 1 juans
Imported t19n0924c (T19n0924C): 116 blocks, 1 juans
Import progress 1150/3911 sutras=1150 paragraphs=304611
Imported t19n0924a (T19n0924A): 35 blocks, 1 juans
Imported t19n0924b (T19n0924B): 7 blocks, 1 juans
Imported t19n0923 (T19n0923): 139 blocks, 1 juans
Imported t19n0922 (T19n0922): 48 blocks, 1 juans
Imported t19n0925 (T19n0925): 103 blocks, 2 juans
Imported t19n0926 (T19n0926): 33 blocks, 1 juans
WARN: T18n0895a 第1卷: MD 段落 72 vs 索引 71
WARN: T18n0895a 第2卷: MD 段落 40 vs 索引 39
Imported t18n0895a (T18n0895a): 198 blocks, 3 juans
Imported t18n0895b (T18n0895b): 65 blocks, 2 juans
Imported t18n0894a (T18n0894a): 420 blocks, 3 juans
Imported t18n0894b (T18n0894b): 428 blocks, 2 juans
WARN: T18n0893a 第2卷: MD 段落 264 vs 索引 263
Imported t18n0893a (T18n0893a): 590 blocks, 3 juans
WARN: T18n0893b 第3卷: MD 段落 144 vs 索引 143
Imported t18n0893b (T18n0893b): 584 blocks, 3 juans
Imported t18n0893c (T18n0893c): 647 blocks, 3 juans
Imported t21n1333 (T21n1333): 35 blocks, 1 juans
Imported t20n1145 (T20n1145): 4 blocks, 1 juans
Imported t21n1212 (T21n1212): 325 blocks, 1 juans
Imported t20n1084 (T20n1084): 31 blocks, 1 juans
Imported t20n1083 (T20n1083): 18 blocks, 1 juans
WARN: T20n1082 第1卷: MD 段落 27 vs 索引 25
Imported t20n1082 (T20n1082): 25 blocks, 1 juans
Imported t20n1030 (T20n1030): 82 blocks, 1 juans
Imported t20n1087 (T20n1087): 96 blocks, 1 juans
Imported t21n1264a (T21n1264a): 10 blocks, 1 juans
Imported t20n1042 (T20n1042): 11 blocks, 1 juans
Imported t20n1085 (T20n1085): 72 blocks, 1 juans
Imported t20n1086 (T20n1086): 99 blocks, 1 juans
Imported t20n1113a (T20n1113A): 3 blocks, 1 juans
Imported t20n1041 (T20n1041): 27 blocks, 1 juans
Imported t20n1103b (T20n1103b): 190 blocks, 1 juans
Imported t20n1037 (T20n1037): 15 blocks, 1 juans
Imported t20n1115 (T20n1115): 4 blocks, 1 juans
Imported t20n1103a (T20n1103a): 156 blocks, 1 juans
Imported t21n1261 (T21n1261): 21 blocks, 1 juans
Imported t21n1207 (T21n1207): 10 blocks, 1 juans
Imported t20n1043 (T20n1043): 18 blocks, 1 juans
Imported t18n0868 (T18n0868): 246 blocks, 3 juans
Imported t19n0919 (T19n0919): 10 blocks, 1 juans
Imported t19n0918 (T19n0918): 7 blocks, 1 juans
Imported t21n1346 (T21n1346): 17 blocks, 1 juans
Imported t21n1302 (T21n1302): 11 blocks, 1 juans
Imported t20n1139 (T20n1139): 53 blocks, 1 juans
Imported t20n1106 (T20n1106): 3 blocks, 1 juans
Imported t20n1052 (T20n1052): 2 blocks, 1 juans
Imported t18n0881 (T18n0881): 46 blocks, 1 juans
Imported t20n1150 (T20n1150): 28 blocks, 1 juans
WARN: T21n1278 第1卷: MD 段落 245 vs 索引 244
Imported t21n1278 (T21n1278): 244 blocks, 1 juans
Imported t21n1277 (T21n1277): 33 blocks, 1 juans
Imported t21n1281 (T21n1281): 7 blocks, 1 juans
Imported t20n1089 (T20n1089): 38 blocks, 1 juans
Imported t18n0903 (T18n0903): 25 blocks, 1 juans
Imported t19n0942 (T19n0942): 9 blocks, 1 juans
Import progress 1200/3911 sutras=1200 paragraphs=309939
Imported t19n0938 (T19n0938): 28 blocks, 1 juans
Imported t19n0941 (T19n0941): 4 blocks, 1 juans
Imported t21n1344 (T21n1344): 33 blocks, 1 juans
Imported t19n1027a (T19n1027a): 45 blocks, 1 juans
Imported t19n1027b (T19n1027b): 47 blocks, 1 juans
Imported t21n1345 (T21n1345): 22 blocks, 1 juans
Imported t20n1133 (T20n1133): 6 blocks, 1 juans
Imported t20n1134b (T20n1134B): 10 blocks, 1 juans
Imported t20n1134a (T20n1134A): 18 blocks, 1 juans
WARN: T18n0867 第1卷: MD 段落 96 vs 索引 93
WARN: T18n0867 第2卷: MD 段落 185 vs 索引 184
Imported t18n0867 (T18n0867): 277 blocks, 2 juans
Imported t20n1033 (T20n1033): 263 blocks, 1 juans
Imported t21n1199 (T21n1199): 108 blocks, 1 juans
Imported t21n1416 (T21n1416): 1 blocks, 1 juans
Imported t20n1132 (T20n1132): 147 blocks, 1 juans
Imported t20n1138a (T20n1138a): 16 blocks, 1 juans
Imported t20n1138b (T20n1138b): 18 blocks, 1 juans
Imported t21n1224 (T21n1224): 64 blocks, 1 juans
Imported t21n1272 (T21n1272): 210 blocks, 4 juans
Imported t21n1220 (T21n1220): 29 blocks, 1 juans
Imported t18n0865 (T18n0865): 343 blocks, 3 juans
WARN: T18n0874 第1卷: MD 段落 145 vs 索引 144
WARN: T18n0874 第2卷: MD 段落 242 vs 索引 239
Imported t18n0874 (T18n0874): 383 blocks, 2 juans
Imported t19n0957 (T19n0957): 38 blocks, 1 juans
Imported t20n1123 (T20n1123): 88 blocks, 1 juans
Imported t20n1120a (T20n1120A): 82 blocks, 1 juans
Imported t20n1121 (T20n1121): 7 blocks, 1 juans
Imported t18n0872 (T18n0872): 18 blocks, 1 juans
Imported t18n0879 (T18n0879): 40 blocks, 1 juans
Imported t18n0866 (T18n0866): 900 blocks, 4 juans
Imported t20n1122 (T20n1122): 165 blocks, 1 juans
Imported t20n1056 (T20n1056): 218 blocks, 2 juans
Imported t20n1155 (T20n1155): 27 blocks, 1 juans
Imported t18n0871 (T18n0871): 123 blocks, 1 juans
Imported t18n0908 (T18n0908): 65 blocks, 1 juans
Imported t18n0909 (T18n0909): 66 blocks, 1 juans
Imported t20n1125 (T20n1125): 83 blocks, 1 juans
Imported t21n1209 (T21n1209): 36 blocks, 1 juans
Imported t20n1112 (T20n1112): 156 blocks, 1 juans
Imported t19n0958 (T19n0958): 15 blocks, 1 juans
Imported t20n1102 (T20n1102): 142 blocks, 1 juans
Imported t20n1173 (T20n1173): 121 blocks, 1 juans
Imported t18n0877 (T18n0877): 119 blocks, 1 juans
Imported t18n0876 (T18n0876): 133 blocks, 1 juans
Imported t18n0869 (T18n0869): 51 blocks, 1 juans
Imported t20n1175 (T20n1175): 212 blocks, 1 juans
WARN: T20n1171 第1卷: MD 段落 150 vs 索引 149
Imported t20n1171 (T20n1171): 149 blocks, 1 juans
Imported t19n0932 (T19n0932): 140 blocks, 1 juans
Imported t19n0931 (T19n0931): 76 blocks, 1 juans
Imported t18n0878 (T18n0878): 51 blocks, 1 juans
Imported t18n0873 (T18n0873): 299 blocks, 1 juans
Imported t20n1172 (T20n1172): 9 blocks, 1 juans
Import progress 1250/3911 sutras=1250 paragraphs=315640
Imported t20n1040 (T20n1040): 21 blocks, 1 juans
Imported t19n0948 (T19n0948): 31 blocks, 1 juans
Imported t21n1237 (T21n1237): 10 blocks, 1 juans
WARN: T21n1238 第1卷: MD 段落 151 vs 索引 148
Imported t21n1238 (T21n1238): 148 blocks, 1 juans
Imported t21n1240 (T21n1240): 2 blocks, 1 juans
Imported t21n1239 (T21n1239): 246 blocks, 3 juans
Imported t20n1039 (T20n1039): 197 blocks, 1 juans
Imported t19n0921 (T19n0921): 122 blocks, 1 juans
Imported t18n0862 (T18n0862): 100 blocks, 1 juans
Imported t19n1013 (T19n1013): 25 blocks, 1 juans
WARN: T18n0901 第1卷: MD 段落 181 vs 索引 180
WARN: T18n0901 第2卷: MD 段落 198 vs 索引 197
WARN: T18n0901 第3卷: MD 段落 122 vs 索引 121
WARN: T18n0901 第4卷: MD 段落 256 vs 索引 253
WARN: T18n0901 第5卷: MD 段落 238 vs 索引 237
WARN: T18n0901 第7卷: MD 段落 208 vs 索引 201
WARN: T18n0901 第8卷: MD 段落 178 vs 索引 176
WARN: T18n0901 第9卷: MD 段落 242 vs 索引 240
WARN: T18n0901 第11卷: MD 段落 183 vs 索引 182
WARN: T18n0901 第12卷: MD 段落 285 vs 索引 284
Imported t18n0901 (T18n0901): 2382 blocks, 12 juans
WARN: T21n1336 第5卷: MD 段落 86 vs 索引 85
WARN: T21n1336 第6卷: MD 段落 107 vs 索引 106
WARN: T21n1336 第7卷: MD 段落 168 vs 索引 167
WARN: T21n1336 第9卷: MD 段落 74 vs 索引 73
Imported t21n1336 (T21n1336): 969 blocks, 10 juans
Imported t21n1210 (T21n1210): 16 blocks, 1 juans
Imported t21n1323 (T21n1323): 5 blocks, 1 juans
Imported t21n1312 (T21n1312): 16 blocks, 1 juans
Imported t21n1221 (T21n1221): 24 blocks, 1 juans
Imported t20n1111 (T20n1111): 9 blocks, 1 juans
Imported t18n0855 (T18n0855): 314 blocks, 1 juans
Imported t19n0959 (T19n0959): 35 blocks, 1 juans
Imported t20n1157 (T20n1157): 4 blocks, 1 juans
Imported t20n1072b (T20n1072B): 2 blocks, 1 juans
Imported t20n1166 (T20n1166): 4 blocks, 1 juans
Imported t21n1420 (T21n1420): 164 blocks, 2 juans
Imported t22n1422b (T22n1422b): 293 blocks, 1 juans
Imported t22n1423 (T22n1423): 412 blocks, 1 juans
Imported t24n1481 (T24n1481): 8 blocks, 1 juans
Imported t24n1476 (T24n1476): 76 blocks, 1 juans
Imported t24n1498 (T24n1498): 4 blocks, 1 juans
Imported t24n1497 (T24n1497): 6 blocks, 1 juans
Imported t24n1477 (T24n1477): 16 blocks, 1 juans
Imported t24n1496 (T24n1496): 13 blocks, 1 juans
Imported t24n1473 (T24n1473): 1 blocks, 1 juans
Imported t24n1494 (T24n1494): 74 blocks, 1 juans
Imported t24n1467a (T24n1467a): 13 blocks, 1 juans
Imported t24n1467b (T24n1467b): 13 blocks, 1 juans
Imported t24n1483a (T24n1483a): 372 blocks, 1 juans
Imported t24n1483b (T24n1483b): 369 blocks, 2 juans
Imported t24n1468 (T24n1468): 15 blocks, 1 juans
Imported t24n1492 (T24n1492): 12 blocks, 1 juans
Imported t24n1479 (T24n1479): 14 blocks, 1 juans
Imported t24n1480 (T24n1480): 14 blocks, 1 juans
Imported t24n1487 (T24n1487): 106 blocks, 1 juans
Imported t24n1469 (T24n1469): 9 blocks, 1 juans
Imported t24n1482 (T24n1482): 119 blocks, 2 juans
Imported t24n1503 (T24n1503): 61 blocks, 1 juans
Imported t24n1488 (T24n1488): 584 blocks, 7 juans
Imported t24n1466 (T24n1466): 226 blocks, 1 juans
WARN: T23n1435 第31卷: MD 段落 18 vs 索引 17
WARN: T23n1435 第44卷: MD 段落 111 vs 索引 110
WARN: T23n1435 第49卷: MD 段落 74 vs 索引 73
Imported t23n1435 (T23n1435): 5378 blocks, 61 juans
Imported t23n1437 (T23n1437): 387 blocks, 1 juans
Imported t23n1436 (T23n1436): 300 blocks, 1 juans
Import progress 1300/3911 sutras=1300 paragraphs=329381
WARN: T23n1439 第1卷: MD 段落 141 vs 索引 131
Imported t23n1439 (T23n1439): 131 blocks, 1 juans
Imported t24n1486 (T24n1486): 82 blocks, 1 juans
Imported t24n1495 (T24n1495): 26 blocks, 1 juans
Imported t24n1462 (T24n1462): 1755 blocks, 18 juans
Imported t22n1430 (T22n1430): 288 blocks, 1 juans
Imported t22n1428 (T22n1428): 5080 blocks, 60 juans
Imported t22n1429 (T22n1429): 298 blocks, 1 juans
Imported t22n1431 (T22n1431): 406 blocks, 1 juans
Imported t22n1434 (T22n1434): 149 blocks, 1 juans
Imported t24n1493 (T24n1493): 37 blocks, 1 juans
Imported t24n1478 (T24n1478): 121 blocks, 2 juans
Imported t24n1470 (T24n1470): 210 blocks, 2 juans
WARN: T23n1438 第1卷: MD 段落 143 vs 索引 140
Imported t23n1438 (T23n1438): 140 blocks, 1 juans
Imported t24n1490 (T24n1490): 170 blocks, 1 juans
Imported t22n1422a (T22n1422a): 295 blocks, 1 juans
Imported t22n1424 (T22n1424): 353 blocks, 1 juans
Imported t22n1421 (T22n1421): 4296 blocks, 30 juans
Imported t24n1461 (T24n1461): 135 blocks, 1 juans
Imported t22n1425 (T22n1425): 3498 blocks, 40 juans
Imported t22n1426 (T22n1426): 283 blocks, 1 juans
Imported t22n1427 (T22n1427): 421 blocks, 1 juans
WARN: T22n1432 第1卷: MD 段落 297 vs 索引 296
Imported t22n1432 (T22n1432): 296 blocks, 1 juans
WARN: T24n1458 第14卷: MD 段落 163 vs 索引 162
Imported t24n1458 (T24n1458): 797 blocks, 14 juans
Imported t24n1452 (T24n1452): 457 blocks, 10 juans
Imported t24n1454 (T24n1454): 263 blocks, 1 juans
Imported t23n1442 (T23n1442): 2682 blocks, 50 juans
Imported t23n1444 (T23n1444): 151 blocks, 4 juans
Imported t23n1445 (T23n1445): 53 blocks, 1 juans
Imported t24n1456 (T24n1456): 216 blocks, 1 juans
Imported t23n1447 (T23n1447): 51 blocks, 2 juans
Imported t24n1450 (T24n1450): 758 blocks, 20 juans
Imported t24n1449 (T24n1449): 18 blocks, 1 juans
Imported t24n1448 (T24n1448): 660 blocks, 18 juans
Imported t23n1446 (T23n1446): 37 blocks, 1 juans
Imported t24n1451 (T24n1451): 1613 blocks, 40 juans
Imported t24n1459 (T24n1459): 289 blocks, 3 juans
Imported t24n1457 (T24n1457): 59 blocks, 1 juans
Imported t24n1453 (T24n1453): 484 blocks, 10 juans
Imported t24n1455 (T24n1455): 378 blocks, 1 juans
WARN: T23n1443 第18卷: MD 段落 96 vs 索引 94
WARN: T23n1443 第19卷: MD 段落 124 vs 索引 122
Imported t23n1443 (T23n1443): 1882 blocks, 20 juans
Imported t24n1484 (T24n1484): 130 blocks, 2 juans
Imported t24n1463 (T24n1463): 445 blocks, 8 juans
Imported t24n1471 (T24n1471): 115 blocks, 1 juans
Imported t24n1472 (T24n1472): 52 blocks, 1 juans
Imported t24n1474 (T24n1474): 15 blocks, 1 juans
Imported t24n1475 (T24n1475): 41 blocks, 1 juans
Imported t24n1489 (T24n1489): 177 blocks, 1 juans
WARN: T22n1433 第1卷: MD 段落 340 vs 索引 338
Imported t22n1433 (T22n1433): 338 blocks, 1 juans
Imported t24n1465 (T24n1465): 44 blocks, 1 juans
Imported t24n1504 (T24n1504): 5 blocks, 1 juans
Import progress 1350/3911 sutras=1350 paragraphs=360061
Imported t24n1502 (T24n1502): 7 blocks, 1 juans
Imported t24n1500 (T24n1500): 56 blocks, 1 juans
Imported t24n1501 (T24n1501): 72 blocks, 1 juans
Imported t24n1499 (T24n1499): 16 blocks, 1 juans
Imported t24n1485 (T24n1485): 156 blocks, 2 juans
Imported t24n1491 (T24n1491): 29 blocks, 1 juans
Imported t23n1440 (T23n1440): 679 blocks, 9 juans
Imported t23n1441 (T23n1441): 1420 blocks, 10 juans
Imported t24n1460 (T24n1460): 283 blocks, 1 juans
Imported t24n1464 (T24n1464): 219 blocks, 10 juans
Imported t85n2904 (T85n2904): 4 blocks, 1 juans
Imported t85n2913 (T85n2913): 16 blocks, 1 juans
Imported t85n2894 (T85n2894): 35 blocks, 1 juans
Imported t85n2840 (T85n2840): 5 blocks, 1 juans
Imported t85n2906 (T85n2906): 13 blocks, 1 juans
Imported t85n2793 (T85n2793): 16 blocks, 1 juans
Imported t85n2745 (T85n2745): 3 blocks, 1 juans
Imported t85n2744 (T85n2744): 5 blocks, 1 juans
Imported t85n2885 (T85n2885): 52 blocks, 2 juans
Imported t85n2919 (T85n2919): 10 blocks, 1 juans
Imported t85n2886 (T85n2886): 1 blocks, 1 juans
Imported t85n2779 (T85n2779): 9 blocks, 1 juans
Imported t85n2838 (T85n2838): 10 blocks, 1 juans
Imported t85n2870 (T85n2870): 8 blocks, 1 juans
Imported t85n2920 (T85n2920): 2 blocks, 1 juans
Imported t85n2852 (T85n2852): 9 blocks, 1 juans
Imported t85n2762 (T85n2762): 30 blocks, 1 juans
Imported t85n2761 (T85n2761): 18 blocks, 1 juans
Imported t85n2916 (T85n2916): 1 blocks, 1 juans
Imported t85n2758 (T85n2758): 8 blocks, 1 juans
Imported t85n2799 (T85n2799): 9 blocks, 2 juans
Imported t85n2832 (T85n2832): 1 blocks, 1 juans
Imported t85n2842 (T85n2842): 2 blocks, 1 juans
Imported t85n2882 (T85n2882): 34 blocks, 1 juans
Imported t85n2851 (T85n2851): 2 blocks, 1 juans
Imported t85n2804 (T85n2804): 49 blocks, 1 juans
Imported t85n2881 (T85n2881): 38 blocks, 1 juans
Imported t85n2787 (T85n2787): 224 blocks, 3 juans
WARN: T85n2795 第2卷: MD 段落 61 vs 索引 59
Imported t85n2795 (T85n2795): 79 blocks, 2 juans
Imported t85n2816 (T85n2816): 18 blocks, 1 juans
Imported t85n2803 (T85n2803): 10 blocks, 1 juans
Imported t85n2850 (T85n2850): 10 blocks, 1 juans
Imported t85n2909 (T85n2909): 1 blocks, 1 juans
Imported t85n2818 (T85n2818): 25 blocks, 1 juans
Imported t85n2823 (T85n2823): 237 blocks, 1 juans
Imported t85n2836 (T85n2836): 5 blocks, 1 juans
Imported t85n2785 (T85n2785): 1 blocks, 1 juans
Imported t85n2784 (T85n2784): 51 blocks, 1 juans
Imported t85n2849 (T85n2849): 1 blocks, 1 juans
Imported t85n2828 (T85n2828): 1 blocks, 1 juans
Import progress 1400/3911 sutras=1400 paragraphs=364051
Imported t85n2834 (T85n2834): 2 blocks, 1 juans
Imported t85n2812 (T85n2812): 255 blocks, 1 juans
Imported t85n2810 (T85n2810): 35 blocks, 1 juans
Imported t85n2811 (T85n2811): 25 blocks, 1 juans
Imported t85n2782 (T85n2782): 195 blocks, 1 juans
Imported t85n2783 (T85n2783): 2 blocks, 1 juans
Imported t85n2817 (T85n2817): 2 blocks, 1 juans
Imported t85n2822 (T85n2822): 10 blocks, 1 juans
Imported t85n2814 (T85n2814): 348 blocks, 3 juans
Imported t85n2813 (T85n2813): 421 blocks, 2 juans
Imported t85n2835 (T85n2835): 2 blocks, 1 juans
Imported t85n2841 (T85n2841): 2 blocks, 1 juans
Imported t85n2884 (T85n2884): 1 blocks, 1 juans
WARN: T85n2843 第1卷: MD 段落 7 vs 索引 6
Imported t85n2843 (T85n2843): 6 blocks, 1 juans
Imported t85n2908 (T85n2908): 1 blocks, 1 juans
Imported t85n2875 (T85n2875): 1 blocks, 1 juans
Imported t85n2764b (T85n2764B): 3 blocks, 1 juans
Imported t85n2858 (T85n2858): 55 blocks, 1 juans
Imported t85n2862 (T85n2862): 4 blocks, 1 juans
Imported t85n2893 (T85n2893): 14 blocks, 1 juans
Imported t85n2871 (T85n2871): 144 blocks, 3 juans
Imported t85n2876 (T85n2876): 1 blocks, 1 juans
Imported t85n2824 (T85n2824): 3 blocks, 1 juans
Imported t85n2897 (T85n2897): 34 blocks, 1 juans
Imported t85n2786 (T85n2786): 15 blocks, 1 juans
Imported t85n2877 (T85n2877): 1 blocks, 1 juans
Imported t85n2890 (T85n2890): 1 blocks, 1 juans
Imported t85n2869 (T85n2869): 12 blocks, 1 juans
Imported t85n2872 (T85n2872): 2 blocks, 1 juans
Imported t85n2899 (T85n2899): 14 blocks, 1 juans
Imported t85n2791 (T85n2791): 43 blocks, 1 juans
Imported t85n2874 (T85n2874): 5 blocks, 1 juans
Imported t85n2891 (T85n2891): 14 blocks, 1 juans
Imported t85n2853 (T85n2853): 12 blocks, 1 juans
Imported t85n2860 (T85n2860): 2 blocks, 1 juans
Imported t85n2800 (T85n2800): 284 blocks, 1 juans
Imported t85n2888 (T85n2888): 6 blocks, 1 juans
Imported t85n2788 (T85n2788): 230 blocks, 1 juans
Imported t85n2789 (T85n2789): 12 blocks, 1 juans
Imported t85n2794 (T85n2794): 6 blocks, 1 juans
Imported t85n2796 (T85n2796): 35 blocks, 1 juans
Imported t85n2790 (T85n2790): 25 blocks, 1 juans
Imported t85n2733 (T85n2733): 269 blocks, 2 juans
Imported t85n2859 (T85n2859): 4 blocks, 1 juans
Imported t85n2867 (T85n2867): 1 blocks, 1 juans
Imported t85n2845 (T85n2845): 51 blocks, 1 juans
Imported t85n2743 (T85n2743): 39 blocks, 1 juans
Imported t85n2829 (T85n2829): 30 blocks, 1 juans
Imported t85n2763 (T85n2763): 5 blocks, 1 juans
Imported t85n2747 (T85n2747): 3 blocks, 1 juans
Import progress 1450/3911 sutras=1450 paragraphs=366738
Imported t85n2809 (T85n2809): 11 blocks, 1 juans
Imported t85n2806 (T85n2806): 116 blocks, 1 juans
Imported t85n2807 (T85n2807): 37 blocks, 1 juans
Imported t85n2805 (T85n2805): 190 blocks, 2 juans
Imported t85n2808 (T85n2808): 49 blocks, 1 juans
Imported t85n2878 (T85n2878): 10 blocks, 1 juans
Imported t85n2915 (T85n2915): 2 blocks, 1 juans
Imported t85n2844 (T85n2844): 1 blocks, 1 juans
Imported t85n2917a (T85n2917A): 1 blocks, 1 juans
Imported t85n2917b (T85n2917B): 2 blocks, 1 juans
Imported t85n2907 (T85n2907): 1 blocks, 1 juans
Imported t85n2879 (T85n2879): 10 blocks, 1 juans
Imported t85n2798 (T85n2798): 22 blocks, 1 juans
Imported t85n2732 (T85n2732): 171 blocks, 1 juans
Imported t85n2797 (T85n2797): 49 blocks, 1 juans
Imported t85n2837 (T85n2837): 9 blocks, 1 juans
Imported t85n2792 (T85n2792): 25 blocks, 1 juans
Imported t85n2868 (T85n2868): 8 blocks, 2 juans
Imported t85n2861 (T85n2861): 40 blocks, 1 juans
Imported t85n2901 (T85n2901): 19 blocks, 1 juans
Imported t85n2902 (T85n2902): 9 blocks, 1 juans
Imported t85n2883 (T85n2883): 82 blocks, 1 juans
Imported t85n2752 (T85n2752): 11 blocks, 1 juans
Imported t85n2749 (T85n2749): 136 blocks, 1 juans
Imported t85n2750 (T85n2750): 11 blocks, 1 juans
Imported t85n2751 (T85n2751): 8 blocks, 1 juans
Imported t85n2748 (T85n2748): 12 blocks, 1 juans
Imported t85n2765 (T85n2765): 3 blocks, 1 juans
Imported t85n2764a (T85n2764A): 3 blocks, 1 juans
Imported t85n2778 (T85n2778): 46 blocks, 2 juans
Imported t85n2777 (T85n2777): 1214 blocks, 2 juans
Imported t85n2827 (T85n2827): 289 blocks, 2 juans
Imported t85n2780 (T85n2780): 44 blocks, 1 juans
Imported t85n2912 (T85n2912): 7 blocks, 1 juans
Imported t85n2831 (T85n2831): 10 blocks, 1 juans
Imported t85n2759 (T85n2759): 42 blocks, 1 juans
Imported t85n2760 (T85n2760): 10 blocks, 1 juans
Imported t85n2903 (T85n2903): 5 blocks, 1 juans
Imported t85n2887 (T85n2887): 3 blocks, 1 juans
Imported t85n2863 (T85n2863): 12 blocks, 1 juans
Imported t85n2905 (T85n2905): 31 blocks, 1 juans
Imported t85n2892 (T85n2892): 2 blocks, 1 juans
Imported t85n2801 (T85n2801): 1234 blocks, 6 juans
Imported t85n2802 (T85n2802): 5 blocks, 4 juans
Imported t85n2826 (T85n2826): 22 blocks, 1 juans
Imported t85n2781 (T85n2781): 40 blocks, 1 juans
Imported t85n2825 (T85n2825): 29 blocks, 2 juans
Imported t85n2896 (T85n2896): 61 blocks, 1 juans
Imported t85n2846 (T85n2846): 6 blocks, 1 juans
Imported t85n2847 (T85n2847): 3 blocks, 1 juans
Import progress 1500/3911 sutras=1500 paragraphs=370901
Imported t85n2854 (T85n2854): 10 blocks, 1 juans
Imported t85n2855 (T85n2855): 3 blocks, 1 juans
Imported t85n2856 (T85n2856): 8 blocks, 1 juans
WARN: T85n2880 第4卷: MD 段落 51 vs 索引 50
Imported t85n2880 (T85n2880): 136 blocks, 3 juans
Imported t85n2857 (T85n2857): 4 blocks, 1 juans
Imported t85n2775 (T85n2775): 11 blocks, 1 juans
Imported t85n2773 (T85n2773): 20 blocks, 1 juans
Imported t85n2770 (T85n2770): 34 blocks, 1 juans
Imported t85n2771 (T85n2771): 27 blocks, 1 juans
Imported t85n2774 (T85n2774): 1 blocks, 1 juans
Imported t85n2772 (T85n2772): 149 blocks, 2 juans
Imported t85n2769 (T85n2769): 76 blocks, 1 juans
Imported t85n2768 (T85n2768): 20 blocks, 1 juans
Imported t85n2889 (T85n2889): 1 blocks, 1 juans
Imported t85n2746 (T85n2746): 12 blocks, 1 juans
Imported t85n2820 (T85n2820): 30 blocks, 1 juans
Imported t85n2754 (T85n2754): 37 blocks, 1 juans
Imported t85n2755 (T85n2755): 25 blocks, 1 juans
Imported t85n2757 (T85n2757): 2 blocks, 1 juans
Imported t85n2753 (T85n2753): 35 blocks, 1 juans
Imported t85n2756 (T85n2756): 1 blocks, 1 juans
Imported t85n2766 (T85n2766): 2 blocks, 1 juans
Imported t85n2767 (T85n2767): 122 blocks, 1 juans
Imported t85n2895 (T85n2895): 3 blocks, 1 juans
Imported t85n2833 (T85n2833): 2 blocks, 1 juans
Imported t85n2914 (T85n2914): 5 blocks, 1 juans
Imported t85n2819 (T85n2819): 80 blocks, 1 juans
Imported t85n2821 (T85n2821): 12 blocks, 1 juans
Imported t85n2865 (T85n2865): 9 blocks, 1 juans
Imported t85n2866 (T85n2866): 7 blocks, 1 juans
Imported t85n2911 (T85n2911): 1 blocks, 1 juans
Imported t85n2839 (T85n2839): 3 blocks, 1 juans
Imported t85n2815 (T85n2815): 43 blocks, 1 juans
Imported t85n2848 (T85n2848): 18 blocks, 1 juans
Imported t85n2864 (T85n2864): 2 blocks, 1 juans
Imported t85n2830a (T85n2830A): 1 blocks, 1 juans
Imported t85n2830b (T85n2830B): 3 blocks, 1 juans
Imported t85n2918 (T85n2918): 3 blocks, 1 juans
Imported t85n2776 (T85n2776): 3 blocks, 1 juans
Imported t85n2734 (T85n2734): 13 blocks, 1 juans
Imported t85n2737 (T85n2737): 3 blocks, 1 juans
Imported t85n2738 (T85n2738): 29 blocks, 1 juans
Imported t85n2742 (T85n2742): 11 blocks, 1 juans
Imported t85n2736 (T85n2736): 147 blocks, 1 juans
Imported t85n2739 (T85n2739): 3 blocks, 1 juans
Imported t85n2735 (T85n2735): 384 blocks, 2 juans
Imported t85n2741 (T85n2741): 27 blocks, 1 juans
Imported t85n2740 (T85n2740): 1 blocks, 1 juans
Imported t85n2910 (T85n2910): 6 blocks, 1 juans
Imported t85n2873 (T85n2873): 3 blocks, 1 juans
Import progress 1550/3911 sutras=1550 paragraphs=372489
Imported t85n2898 (T85n2898): 8 blocks, 1 juans
Imported t85n2900 (T85n2900): 1 blocks, 1 juans
Imported x55n0902 (X55n0902): 9 blocks, 1 juans
Imported f28n1081 (F28n1081): 3 blocks, 1 juans
Imported f28n1072 (F28n1072): 404 blocks, 22 juans
Imported f27n1048 (F27n1048): 3 blocks, 1 juans
Imported f27n1063 (F27n1063): 2 blocks, 1 juans
Imported c057n1163 (C057n1163): 3472 blocks, 10 juans
Imported c056n1163 (C056n1163): 5744 blocks, 15 juans
Imported g052n1222 (G052n1222): 10 blocks, 1 juans
Imported x23n0446 (X23n0446): 667 blocks, 3 juans
Imported x02n0191 (X02n0191): 121 blocks, 1 juans
Imported b09n0032 (B09n0032): 275 blocks, 1 juans
Imported b11n0069 (B11n0069): 423 blocks, 7 juans
Imported b32n0186 (B32n0186): 34 blocks, 3 juans
Imported b07n0012 (B07n0012): 22 blocks, 1 juans
Imported x53n0861 (X53n0861): 58 blocks, 1 juans
Imported g084n2086 (G084n2086): 1 blocks, 1 juans
Imported t45n1882 (T45n1882): 17 blocks, 1 juans
Imported b09n0036 (B09n0036): 44 blocks, 1 juans
Imported b22n0117 (B22n0117): 1511 blocks, 49 juans
WARN: X55n0909 第1卷: MD 段落 26 vs 索引 25
Imported x55n0909 (X55n0909): 68 blocks, 2 juans
Imported t45n1852 (T45n1852): 24 blocks, 1 juans
Imported x54n0876 (X54n0876): 18 blocks, 1 juans
Imported t45n1855 (T45n1855): 27 blocks, 1 juans
WARN: B26n0147 第3卷: MD 段落 41 vs 索引 40
WARN: B26n0147 第4卷: MD 段落 26 vs 索引 25
WARN: B26n0147 第5卷: MD 段落 116 vs 索引 115
WARN: B26n0147 第6卷: MD 段落 20 vs 索引 19
WARN: B26n0147 第7卷: MD 段落 11 vs 索引 10
WARN: B26n0147 第8卷: MD 段落 18 vs 索引 17
WARN: B26n0147 第9卷: MD 段落 52 vs 索引 51
WARN: B26n0147 第13卷: MD 段落 63 vs 索引 62
WARN: B26n0147 第14卷: MD 段落 21 vs 索引 20
WARN: B26n0147 第15卷: MD 段落 45 vs 索引 44
WARN: B26n0147 第16卷: MD 段落 68 vs 索引 67
WARN: B26n0147 第17卷: MD 段落 74 vs 索引 73
Imported b26n0147 (B26n0147): 821 blocks, 17 juans
Imported s06n0046 (S06n0046): 173 blocks, 2 juans
Imported s06n0047 (S06n0047): 1 blocks, 1 juans
WARN: LC02n0002 第12卷: MD 段落 31 vs 索引 30
WARN: LC02n0002 第19卷: MD 段落 10 vs 索引 9
Imported lc02n0002 (LC02n0002): 829 blocks, 26 juans
Imported t45n1899 (T45n1899): 53 blocks, 2 juans
WARN: B35n0194 第2卷: MD 段落 381 vs 索引 380
Imported b35n0194 (B35n0194): 1645 blocks, 8 juans
Imported b09n0047 (B09n0047): 390 blocks, 1 juans
Imported b09n0046 (B09n0046): 45 blocks, 1 juans
Imported x48n0797 (X48n0797): 110 blocks, 1 juans
Imported b28n0159 (B28n0159): 55 blocks, 1 juans
Imported g104n2259 (G104n2259): 47 blocks, 1 juans
Imported g104n2257 (G104n2257): 61 blocks, 1 juans
Imported g104n2258 (G104n2258): 31 blocks, 1 juans
Imported x02n0183 (X02n0183): 15 blocks, 1 juans
Imported x02n0184 (X02n0184): 19 blocks, 1 juans
Imported t45n1854 (T45n1854): 15 blocks, 3 juans
Imported b32n0187 (B32n0187): 86 blocks, 1 juans
Imported x02n0201 (X02n0201): 74 blocks, 1 juans
Imported l157n1651 (L157n1651): 15 blocks, 1 juans
Imported g104n2279 (G104n2279): 27 blocks, 1 juans
WARN: X26n0513 第1卷: MD 段落 125 vs 索引 121
Imported x26n0513 (X26n0513): 831 blocks, 3 juans
WARN: X26n0520 第1卷: MD 段落 510 vs 索引 509
Imported x26n0520 (X26n0520): 2589 blocks, 4 juans
WARN: X26n0514 第1卷: MD 段落 4 vs 索引 3
Imported x26n0514 (X26n0514): 3 blocks, 1 juans
Imported x26n0519 (X26n0519): 968 blocks, 6 juans
WARN: X26n0517 第5卷: MD 段落 366 vs 索引 365
Imported x26n0517 (X26n0517): 1164 blocks, 5 juans
Import progress 1600/3911 sutras=1600 paragraphs=395522
Imported x26n0516 (X26n0516): 143 blocks, 1 juans
WARN: X26n0515 第1卷: MD 段落 4 vs 索引 3
Imported x26n0515 (X26n0515): 3 blocks, 1 juans
Imported t45n1900 (T45n1900): 18 blocks, 1 juans
Imported g114n2302 (G114n2302): 2864 blocks, 8 juans
Imported g116n2302 (G116n2302): 7203 blocks, 15 juans
Imported g117n2302 (G117n2302): 6166 blocks, 15 juans
Imported g118n2302 (G118n2302): 5508 blocks, 15 juans
Imported g115n2302 (G115n2302): 7302 blocks, 15 juans
Imported b18n0096 (B18n0096): 186 blocks, 6 juans
WARN: LC05n0005 第16卷: MD 段落 149 vs 索引 148
Imported lc05n0005 (LC05n0005): 576 blocks, 18 juans
Imported b28n0156 (B28n0156): 159 blocks, 3 juans
WARN: X37n0675 第1卷: MD 段落 142 vs 索引 140
WARN: X37n0675 第2卷: MD 段落 56 vs 索引 51
Imported x37n0675 (X37n0675): 291 blocks, 3 juans
Imported x02n0193 (X02n0193): 10 blocks, 1 juans
Imported x01n0020 (X01n0020): 53 blocks, 1 juans
Imported a114n1504 (A114n1504): 165 blocks, 3 juans
Imported cc006n0006 (CC006n0006): 106 blocks, 1 juans
Imported x02n0202 (X02n0202): 14 blocks, 1 juans
Imported x02n0192 (X02n0192): 15 blocks, 1 juans
Imported f03n0089 (F03n0089): 21 blocks, 1 juans
Imported f03n0248 (F03n0248): 15 blocks, 1 juans
Imported x01n0019 (X01n0019): 3 blocks, 1 juans
Imported a114n1505 (A114n1505): 74 blocks, 2 juans
Imported f03n0088 (F03n0088): 42 blocks, 1 juans
Imported x01n0011 (X01n0011): 8 blocks, 1 juans
WARN: X44n0751 第1卷: MD 段落 426 vs 索引 425
Imported x44n0751 (X44n0751): 845 blocks, 2 juans
WARN: X44n0750 第1卷: MD 段落 396 vs 索引 395
Imported x44n0750 (X44n0750): 805 blocks, 2 juans
Imported x01n0017 (X01n0017): 57 blocks, 1 juans
WARN: X02n0205 第1卷: MD 段落 28 vs 索引 27
Imported x02n0205 (X02n0205): 27 blocks, 1 juans
Imported b07n0024 (B07n0024): 737 blocks, 1 juans
Imported x01n0021 (X01n0021): 99 blocks, 1 juans
WARN: X44n0749 第1卷: MD 段落 166 vs 索引 165
Imported x44n0749 (X44n0749): 165 blocks, 1 juans
Imported p174n1590 (P174n1590): 584 blocks, 1 juans
Imported f27n1062 (F27n1062): 1 blocks, 1 juans
WARN: X23n0445 第1卷: MD 段落 186 vs 索引 182
Imported x23n0445 (X23n0445): 182 blocks, 1 juans
Imported x02n0203 (X02n0203): 40 blocks, 1 juans
Imported p167n1573 (P167n1573): 88 blocks, 1 juans
Imported t46n1915 (T46n1915): 166 blocks, 1 juans
Imported g157n2594 (G157n2594): 428 blocks, 1 juans
Imported t45n1876 (T45n1876): 62 blocks, 1 juans
Imported x53n0837 (X53n0837): 124 blocks, 1 juans
Imported x53n0836 (X53n0836): 239 blocks, 7 juans
Imported x53n0842 (X53n0842): 42 blocks, 2 juans
WARN: X53n0838 第1卷: MD 段落 64 vs 索引 63
Imported x53n0838 (X53n0838): 63 blocks, 1 juans
Imported x53n0839 (X53n0839): 1143 blocks, 3 juans
Imported x53n0841 (X53n0841): 950 blocks, 29 juans
Imported f28n1084 (F28n1084): 36 blocks, 1 juans
Imported b14n0082 (B14n0082): 538 blocks, 9 juans
Imported g104n2272 (G104n2272): 3 blocks, 1 juans
Imported t40n1809 (T40n1809): 595 blocks, 3 juans
WARN: B32n0173 第20卷: MD 段落 56 vs 索引 55
Imported b32n0173 (B32n0173): 1322 blocks, 30 juans
Import progress 1650/3911 sutras=1650 paragraphs=435808
Imported b09n0044 (B09n0044): 1433 blocks, 14 juans
Imported b09n0045 (B09n0045): 627 blocks, 1 juans
Imported b18n0095 (B18n0095): 918 blocks, 4 juans
Imported b32n0182 (B32n0182): 13 blocks, 1 juans
Imported x37n0672 (X37n0672): 30 blocks, 1 juans
WARN: X37n0673 第1卷: MD 段落 58 vs 索引 57
Imported x37n0673 (X37n0673): 57 blocks, 1 juans
Imported b32n0171 (B32n0171): 302 blocks, 2 juans
Imported b32n0179 (B32n0179): 10 blocks, 1 juans
WARN: X55n0896 第1卷: MD 段落 12 vs 索引 10
Imported x55n0896 (X55n0896): 10 blocks, 1 juans
WARN: X55n0891 第1卷: MD 段落 21 vs 索引 19
Imported x55n0891 (X55n0891): 19 blocks, 1 juans
Imported x55n0895 (X55n0895): 42 blocks, 1 juans
WARN: X55n0894 第1卷: MD 段落 70 vs 索引 68
Imported x55n0894 (X55n0894): 68 blocks, 1 juans
Imported t45n1865 (T45n1865): 46 blocks, 2 juans
WARN: X55n0890 第1卷: MD 段落 68 vs 索引 67
Imported x55n0890 (X55n0890): 67 blocks, 1 juans
WARN: X55n0898 第1卷: MD 段落 258 vs 索引 255
Imported x55n0898 (X55n0898): 255 blocks, 1 juans
Imported x55n0893 (X55n0893): 39 blocks, 1 juans
Imported x55n0897 (X55n0897): 85 blocks, 1 juans
Imported x55n0892 (X55n0892): 85 blocks, 1 juans
Imported x56n0941 (X56n0941): 7 blocks, 1 juans
Imported t46n1917 (T46n1917): 82 blocks, 1 juans
Imported g086n2202 (G086n2202): 429 blocks, 2 juans
Imported g155n2590 (G155n2590): 4101 blocks, 13 juans
Imported g086n2203 (G086n2203): 88 blocks, 1 juans
Imported b17n0094 (B17n0094): 291 blocks, 4 juans
Imported b06n0009 (B06n0009): 1433 blocks, 30 juans
Imported b32n0172 (B32n0172): 171 blocks, 2 juans
WARN: B32n0185 第3卷: MD 段落 134 vs 索引 133
Imported b32n0185 (B32n0185): 421 blocks, 3 juans
Imported x53n0860 (X53n0860): 15 blocks, 1 juans
WARN: X55n0915 第1卷: MD 段落 20 vs 索引 18
Imported x55n0915 (X55n0915): 39 blocks, 3 juans
Imported g104n2273 (G104n2273): 86 blocks, 1 juans
Imported x19n0353 (X19n0353): 1152 blocks, 6 juans
Imported x19n0351 (X19n0351): 61 blocks, 2 juans
Imported x19n0352 (X19n0352): 150 blocks, 2 juans
WARN: T45n1862 第3卷: MD 段落 79 vs 索引 78
Imported t45n1862 (T45n1862): 128 blocks, 3 juans
WARN: X01n0025 第1卷: MD 段落 22 vs 索引 21
Imported x01n0025 (X01n0025): 21 blocks, 1 juans
Imported t46n1927 (T46n1927): 13 blocks, 1 juans
Imported t46n1928 (T46n1928): 258 blocks, 2 juans
WARN: X56n0931 第1卷: MD 段落 239 vs 索引 235
WARN: X56n0931 第2卷: MD 段落 375 vs 索引 374
Imported x56n0931 (X56n0931): 609 blocks, 2 juans
Imported x56n0928 (X56n0928): 456 blocks, 1 juans
WARN: X56n0930 第1卷: MD 段落 259 vs 索引 258
WARN: X56n0930 第2卷: MD 段落 419 vs 索引 418
Imported x56n0930 (X56n0930): 676 blocks, 2 juans
Imported x56n0925 (X56n0925): 60 blocks, 1 juans
Imported x02n0057 (X02n0057): 26 blocks, 1 juans
Imported g151n2559 (G151n2559): 312 blocks, 1 juans
WARN: X02n0207 第1卷: MD 段落 23 vs 索引 21
Imported x02n0207 (X02n0207): 21 blocks, 1 juans
Imported x39n0706 (X39n0706): 34 blocks, 1 juans
WARN: X45n0753 第1卷: MD 段落 116 vs 索引 115
Imported x45n0753 (X45n0753): 468 blocks, 4 juans
WARN: X01n0014 第1卷: MD 段落 16 vs 索引 15
Imported x01n0014 (X01n0014): 15 blocks, 1 juans
Imported t46n1950 (T46n1950): 56 blocks, 1 juans
Imported x38n0696 (X38n0696): 61 blocks, 1 juans
WARN: B06n0004 第1卷: MD 段落 699 vs 索引 698
Imported b06n0004 (B06n0004): 698 blocks, 1 juans
Import progress 1700/3911 sutras=1700 paragraphs=452352
Imported b07n0016 (B07n0016): 14 blocks, 1 juans
Imported b07n0018 (B07n0018): 745 blocks, 1 juans
WARN: B06n0005 第1卷: MD 段落 546 vs 索引 545
Imported b06n0005 (B06n0005): 1683 blocks, 2 juans
Imported b07n0019 (B07n0019): 80 blocks, 1 juans
Imported b07n0017 (B07n0017): 472 blocks, 1 juans
Imported b07n0015 (B07n0015): 17 blocks, 1 juans
Imported b07n0010 (B07n0010): 18 blocks, 1 juans
WARN: B06n0003 第1卷: MD 段落 739 vs 索引 724
WARN: B06n0003 第2卷: MD 段落 621 vs 索引 612
Imported b06n0003 (B06n0003): 1336 blocks, 2 juans
WARN: G104n2250 第4卷: MD 段落 579 vs 索引 578
Imported g104n2250 (G104n2250): 1852 blocks, 4 juans
Imported g104n2276 (G104n2276): 105 blocks, 1 juans
Imported t46n1933 (T46n1933): 31 blocks, 1 juans
WARN: B14n0086 第1卷: MD 段落 925 vs 索引 924
Imported b14n0086 (B14n0086): 924 blocks, 1 juans
WARN: B36n0198 第1卷: MD 段落 512 vs 索引 511
Imported b36n0198 (B36n0198): 5174 blocks, 18 juans
Imported x21n0370 (X21n0370): 40 blocks, 1 juans
WARN: X21n0371 第2卷: MD 段落 285 vs 索引 284
Imported x21n0371 (X21n0371): 551 blocks, 2 juans
WARN: LC01n0001 第15卷: MD 段落 10 vs 索引 9
Imported lc01n0001 (LC01n0001): 806 blocks, 17 juans
Imported b11n0076 (B11n0076): 565 blocks, 44 juans
Imported t45n1886 (T45n1886): 34 blocks, 1 juans
Imported b32n0174 (B32n0174): 811 blocks, 8 juans
Imported t45n1902 (T45n1902): 5 blocks, 1 juans
WARN: B15n0088 第73卷: MD 段落 49 vs 索引 48
WARN: B15n0088 第74卷: MD 段落 140 vs 索引 139
WARN: B15n0088 第75卷: MD 段落 128 vs 索引 127
WARN: B15n0088 第76卷: MD 段落 104 vs 索引 103
WARN: B15n0088 第93卷: MD 段落 80 vs 索引 79
WARN: B15n0088 第94卷: MD 段落 131 vs 索引 130
WARN: B15n0088 第103卷: MD 段落 74 vs 索引 73
WARN: B15n0088 第104卷: MD 段落 92 vs 索引 91
WARN: B15n0088 第105卷: MD 段落 77 vs 索引 76
WARN: B15n0088 第106卷: MD 段落 109 vs 索引 108
WARN: B15n0088 第113卷: MD 段落 27 vs 索引 26
WARN: B15n0088 第118卷: MD 段落 89 vs 索引 88
WARN: B15n0088 第119卷: MD 段落 101 vs 索引 100
WARN: B15n0088 第124卷: MD 段落 882 vs 索引 881
Imported b15n0088 (B15n0088): 8421 blocks, 70 juans
WARN: B16n0088 第201卷: MD 段落 106 vs 索引 105
WARN: B16n0088 第202卷: MD 段落 94 vs 索引 93
WARN: B16n0088 第211卷: MD 段落 94 vs 索引 93
Imported b16n0088 (B16n0088): 3607 blocks, 87 juans
WARN: C077n1710 第22卷: MD 段落 72 vs 索引 71
WARN: C077n1710 第32卷: MD 段落 9 vs 索引 8
WARN: C077n1710 第38卷: MD 段落 36 vs 索引 35
Imported c077n1710 (C077n1710): 3548 blocks, 47 juans
Imported b14n0087 (B14n0087): 1096 blocks, 1 juans
Imported b07n0013 (B07n0013): 13 blocks, 1 juans
WARN: B34n0193 第2卷: MD 段落 49 vs 索引 48
WARN: B34n0193 第8卷: MD 段落 85 vs 索引 84
WARN: B34n0193 第9卷: MD 段落 50 vs 索引 49
WARN: B34n0193 第12卷: MD 段落 56 vs 索引 55
WARN: B34n0193 第15卷: MD 段落 225 vs 索引 224
WARN: B34n0193 第16卷: MD 段落 47 vs 索引 46
WARN: B34n0193 第17卷: MD 段落 19 vs 索引 18
WARN: B34n0193 第21卷: MD 段落 61 vs 索引 57
WARN: B34n0193 第22卷: MD 段落 144 vs 索引 142
WARN: B34n0193 第24卷: MD 段落 69 vs 索引 68
WARN: B34n0193 第28卷: MD 段落 48 vs 索引 47
WARN: B34n0193 第29卷: MD 段落 177 vs 索引 175
Imported b34n0193 (B34n0193): 6115 blocks, 30 juans
Imported b17n0092 (B17n0092): 276 blocks, 8 juans
Imported x51n0828 (X51n0828): 61 blocks, 1 juans
Imported x51n0827 (X51n0827): 62 blocks, 1 juans
WARN: X55n0888 第1卷: MD 段落 2000 vs 索引 1999
Imported x55n0888 (X55n0888): 3862 blocks, 2 juans
Imported b32n0175 (B32n0175): 97 blocks, 2 juans
WARN: X40n0722 第1卷: MD 段落 489 vs 索引 487
Imported x40n0722 (X40n0722): 487 blocks, 1 juans
WARN: T40n1804 第1卷: MD 段落 529 vs 索引 527
WARN: T40n1804 第2卷: MD 段落 535 vs 索引 533
WARN: T40n1804 第3卷: MD 段落 467 vs 索引 466
Imported t40n1804 (T40n1804): 1526 blocks, 3 juans
WARN: T40n1808 第1卷: MD 段落 670 vs 索引 669
Imported t40n1808 (T40n1808): 1222 blocks, 2 juans
WARN: X41n0728 第1卷: MD 段落 1416 vs 索引 1414
Imported x41n0728 (X41n0728): 5333 blocks, 4 juans
Imported g104n2256 (G104n2256): 15 blocks, 1 juans
Imported g104n2255 (G104n2255): 1795 blocks, 1 juans
WARN: X44n0744 第1卷: MD 段落 51 vs 索引 50
WARN: X44n0744 第40卷: MD 段落 118 vs 索引 117
Imported x44n0744 (X44n0744): 3096 blocks, 40 juans
Imported x39n0712 (X39n0712): 393 blocks, 1 juans
WARN: X39n0714 第1卷: MD 段落 1924 vs 索引 1922
Imported x39n0714 (X39n0714): 4802 blocks, 3 juans
WARN: X40n0714 第4卷: MD 段落 2807 vs 索引 2806
Imported x40n0714 (X40n0714): 4807 blocks, 2 juans
Imported g104n2254 (G104n2254): 138 blocks, 1 juans
Imported g104n2253 (G104n2253): 3 blocks, 1 juans
Imported g104n2252 (G104n2252): 2 blocks, 1 juans
Imported g104n2251 (G104n2251): 651 blocks, 1 juans
WARN: X44n0747 第1卷: MD 段落 66 vs 索引 65
WARN: X44n0747 第2卷: MD 段落 138 vs 索引 137
Imported x44n0747 (X44n0747): 202 blocks, 2 juans
Imported x44n0748 (X44n0748): 1201 blocks, 6 juans
WARN: X41n0732 第1卷: MD 段落 149 vs 索引 148
Imported x41n0732 (X41n0732): 881 blocks, 3 juans
Imported t40n1806 (T40n1806): 1915 blocks, 3 juans
Imported g104n2261 (G104n2261): 12 blocks, 1 juans
Import progress 1750/3911 sutras=1750 paragraphs=523254
Imported g104n2283 (G104n2283): 195 blocks, 1 juans
Imported x41n0731 (X41n0731): 2167 blocks, 10 juans
Imported x42n0734 (X42n0734): 75 blocks, 1 juans
Imported x42n0733 (X42n0733): 4068 blocks, 8 juans
Imported x44n0745 (X44n0745): 57 blocks, 1 juans
Imported x42n0736 (X42n0736): 2652 blocks, 14 juans
Imported x43n0737 (X43n0737): 2546 blocks, 17 juans
Imported t40n1805 (T40n1805): 4587 blocks, 3 juans
Imported x42n0735 (X42n0735): 1377 blocks, 10 juans
Imported x40n0726 (X40n0726): 1456 blocks, 8 juans
WARN: X40n0717 第1卷: MD 段落 58 vs 索引 56
Imported x40n0717 (X40n0717): 931 blocks, 12 juans
WARN: X40n0718 第1卷: MD 段落 74 vs 索引 73
Imported x40n0718 (X40n0718): 579 blocks, 4 juans
Imported x40n0716 (X40n0716): 160 blocks, 1 juans
Imported b08n0026 (B08n0026): 4479 blocks, 2 juans
WARN: X40n0724 第1卷: MD 段落 341 vs 索引 340
WARN: X40n0724 第3卷: MD 段落 202 vs 索引 201
Imported x40n0724 (X40n0724): 764 blocks, 3 juans
Imported x40n0723 (X40n0723): 6 blocks, 1 juans
Imported t40n1807 (T40n1807): 200 blocks, 2 juans
WARN: X37n0671 第1卷: MD 段落 89 vs 索引 87
Imported x37n0671 (X37n0671): 332 blocks, 5 juans
Imported x37n0670 (X37n0670): 93 blocks, 1 juans
Imported x37n0669 (X37n0669): 223 blocks, 1 juans
Imported b32n0176 (B32n0176): 536 blocks, 3 juans
Imported t46n1918 (T46n1918): 4 blocks, 4 juans
Imported t46n1929 (T46n1929): 15 blocks, 12 juans
WARN: X56n0948 第1卷: MD 段落 24 vs 索引 23
WARN: X56n0948 第2卷: MD 段落 53 vs 索引 52
WARN: X56n0948 第3卷: MD 段落 16 vs 索引 15
WARN: X56n0948 第4卷: MD 段落 13 vs 索引 12
WARN: X56n0948 第5卷: MD 段落 44 vs 索引 43
WARN: X56n0948 第6卷: MD 段落 26 vs 索引 25
WARN: X56n0948 第7卷: MD 段落 33 vs 索引 32
Imported x56n0948 (X56n0948): 202 blocks, 7 juans
Imported t46n1936 (T46n1936): 437 blocks, 2 juans
WARN: T46n1937 第2卷: MD 段落 58 vs 索引 57
WARN: T46n1937 第4卷: MD 段落 130 vs 索引 129
WARN: T46n1937 第6卷: MD 段落 64 vs 索引 63
WARN: T46n1937 第7卷: MD 段落 196 vs 索引 195
Imported t46n1937 (T46n1937): 813 blocks, 7 juans
Imported x53n0848 (X53n0848): 172 blocks, 1 juans
WARN: X53n0853 第1卷: MD 段落 317 vs 索引 316
Imported x53n0853 (X53n0853): 857 blocks, 3 juans
Imported x53n0854 (X53n0854): 502 blocks, 3 juans
Imported x53n0855 (X53n0855): 872 blocks, 1 juans
WARN: X53n0858 第1卷: MD 段落 147 vs 索引 146
Imported x53n0858 (X53n0858): 146 blocks, 1 juans
Imported x53n0859 (X53n0859): 153 blocks, 1 juans
Imported x53n0852 (X53n0852): 136 blocks, 1 juans
WARN: X53n0856 第1卷: MD 段落 212 vs 索引 210
Imported x53n0856 (X53n0856): 210 blocks, 1 juans
WARN: LC04n0004 第10卷: MD 段落 107 vs 索引 106
Imported lc04n0004 (LC04n0004): 1040 blocks, 14 juans
WARN: X53n0857 第1卷: MD 段落 185 vs 索引 184
Imported x53n0857 (X53n0857): 184 blocks, 1 juans
Imported x53n0847 (X53n0847): 250 blocks, 1 juans
Imported a119n1548 (A119n1548): 86 blocks, 1 juans
Imported f02n0069 (F02n0069): 25 blocks, 1 juans
WARN: T46n1934 第1卷: MD 段落 152 vs 索引 151
WARN: T46n1934 第2卷: MD 段落 74 vs 索引 72
WARN: T46n1934 第3卷: MD 段落 43 vs 索引 41
WARN: T46n1934 第4卷: MD 段落 26 vs 索引 25
Imported t46n1934 (T46n1934): 289 blocks, 4 juans
Imported x01n0001 (X01n0001): 4 blocks, 1 juans
WARN: X10n0262 第1卷: MD 段落 754 vs 索引 752
WARN: X10n0262 第2卷: MD 段落 882 vs 索引 881
Imported x10n0262 (X10n0262): 1633 blocks, 2 juans
WARN: X09n0243 第1卷: MD 段落 1386 vs 索引 1384
Imported x09n0243 (X09n0243): 4166 blocks, 3 juans
WARN: X09n0245 第1卷: MD 段落 154 vs 索引 153
Imported x09n0245 (X09n0245): 1491 blocks, 13 juans
Imported x09n0244 (X09n0244): 1 blocks, 1 juans
WARN: X10n0253 第1卷: MD 段落 183 vs 索引 182
WARN: X10n0253 第12卷: MD 段落 160 vs 索引 155
Imported x10n0253 (X10n0253): 1843 blocks, 12 juans
Imported x10n0255 (X10n0255): 74 blocks, 1 juans
WARN: X10n0254 第1卷: MD 段落 153 vs 索引 152
Imported x10n0254 (X10n0254): 657 blocks, 6 juans
WARN: X10n0263 第1卷: MD 段落 200 vs 索引 198
Imported x10n0263 (X10n0263): 1098 blocks, 4 juans
Imported x10n0256 (X10n0256): 99 blocks, 1 juans
Import progress 1800/3911 sutras=1800 paragraphs=568196
WARN: X09n0246 第1卷: MD 段落 2 vs 索引 1
Imported x09n0246 (X09n0246): 1 blocks, 1 juans
WARN: X09n0248 第1卷: MD 段落 38 vs 索引 37
Imported x09n0248 (X09n0248): 839 blocks, 12 juans
WARN: X10n0250 第1卷: MD 段落 164 vs 索引 162
Imported x10n0250 (X10n0250): 1930 blocks, 12 juans
WARN: X10n0258 第2卷: MD 段落 377 vs 索引 375
Imported x10n0258 (X10n0258): 641 blocks, 2 juans
Imported x10n0261 (X10n0261): 536 blocks, 1 juans
WARN: X10n0260 第1卷: MD 段落 497 vs 索引 496
WARN: X10n0260 第2卷: MD 段落 522 vs 索引 521
Imported x10n0260 (X10n0260): 1017 blocks, 2 juans
Imported x10n0259 (X10n0259): 251 blocks, 6 juans
Imported x10n0249 (X10n0249): 92 blocks, 2 juans
WARN: X10n0257 第1卷: MD 段落 524 vs 索引 522
WARN: X10n0257 第2卷: MD 段落 693 vs 索引 692
Imported x10n0257 (X10n0257): 1214 blocks, 2 juans
Imported x10n0252 (X10n0252): 697 blocks, 4 juans
Imported x39n0704 (X39n0704): 284 blocks, 3 juans
Imported x21n0382 (X21n0382): 2 blocks, 1 juans
WARN: X21n0384 第6卷: MD 段落 316 vs 索引 314
Imported x21n0384 (X21n0384): 1768 blocks, 6 juans
WARN: X21n0383 第1卷: MD 段落 74 vs 索引 70
Imported x21n0383 (X21n0383): 70 blocks, 1 juans
Imported b10n0050 (B10n0050): 200 blocks, 1 juans
Imported b02n0001 (B02n0001): 134 blocks, 11 juans
Imported b01n0001 (B01n0001): 325 blocks, 9 juans
Imported g084n2084 (G084n2084): 1 blocks, 1 juans
Imported x01n0024 (X01n0024): 2 blocks, 1 juans
WARN: A112n1493 第14卷: MD 段落 82 vs 索引 77
WARN: A112n1493 第15卷: MD 段落 51 vs 索引 48
WARN: A112n1493 第16卷: MD 段落 112 vs 索引 109
WARN: A112n1493 第17卷: MD 段落 57 vs 索引 55
WARN: A112n1493 第20卷: MD 段落 41 vs 索引 40
Imported a112n1493 (A112n1493): 403 blocks, 7 juans
WARN: A111n1493 第3卷: MD 段落 71 vs 索引 70
WARN: A111n1493 第4卷: MD 段落 90 vs 索引 83
WARN: A111n1493 第5卷: MD 段落 3 vs 索引 2
WARN: A111n1493 第6卷: MD 段落 81 vs 索引 75
WARN: A111n1493 第8卷: MD 段落 91 vs 索引 82
WARN: A111n1493 第10卷: MD 段落 74 vs 索引 73
WARN: A111n1493 第11卷: MD 段落 57 vs 索引 56
WARN: A111n1493 第12卷: MD 段落 93 vs 索引 87
Imported a111n1493 (A111n1493): 597 blocks, 9 juans
Imported b35n0196 (B35n0196): 11 blocks, 1 juans
Imported k41n1482 (K41n1482): 833 blocks, 9 juans
Imported b09n0033 (B09n0033): 23 blocks, 1 juans
Imported t45n1864 (T45n1864): 62 blocks, 1 juans
Imported t45n1908 (T45n1908): 1 blocks, 1 juans
Imported x46n0784 (X46n0784): 180 blocks, 7 juans
Imported x21n0368 (X21n0368): 182 blocks, 3 juans
Imported x20n0367 (X20n0367): 1539 blocks, 3 juans
Imported x21n0367 (X21n0367): 1936 blocks, 5 juans
WARN: X20n0365 第1卷: MD 段落 56 vs 索引 53
Imported x20n0365 (X20n0365): 53 blocks, 1 juans
Imported x20n0366 (X20n0366): 1 blocks, 1 juans
Imported t46n1924 (T46n1924): 9 blocks, 4 juans
WARN: X55n0904 第1卷: MD 段落 62 vs 索引 61
Imported x55n0904 (X55n0904): 292 blocks, 5 juans
WARN: X55n0905 第1卷: MD 段落 149 vs 索引 145
WARN: X55n0905 第4卷: MD 段落 258 vs 索引 257
Imported x55n0905 (X55n0905): 756 blocks, 4 juans
Imported x46n0787 (X46n0787): 149 blocks, 2 juans
Imported t45n1861 (T45n1861): 309 blocks, 7 juans
WARN: X55n0883 第1卷: MD 段落 985 vs 索引 984
Imported x55n0883 (X55n0883): 2302 blocks, 2 juans
Imported x55n0882 (X55n0882): 276 blocks, 3 juans
Imported t45n1853 (T45n1853): 68 blocks, 5 juans
Imported u205n1368 (U205n1368): 101 blocks, 2 juans
Imported l149n1629 (L149n1629): 99 blocks, 1 juans
Imported l141n1600 (L141n1600): 1993 blocks, 4 juans
WARN: X45n0765 第1卷: MD 段落 318 vs 索引 317
Imported x45n0765 (X45n0765): 841 blocks, 2 juans
Imported p185n1618 (P185n1618): 1486 blocks, 20 juans
Imported x24n0451 (X24n0451): 648 blocks, 9 juans
WARN: B13n0080 第1卷: MD 段落 118 vs 索引 116
Imported b13n0080 (B13n0080): 771 blocks, 12 juans
Imported a097n1267 (A097n1267): 1 blocks, 1 juans
WARN: A098n1267 第9卷: MD 段落 2 vs 索引 1
Imported a098n1267 (A098n1267): 13 blocks, 11 juans
WARN: B10n0064 第1卷: MD 段落 95 vs 索引 94
Imported b10n0064 (B10n0064): 94 blocks, 1 juans
Import progress 1850/3911 sutras=1850 paragraphs=594229
WARN: X46n0776 第1卷: MD 段落 49 vs 索引 47
WARN: X46n0776 第3卷: MD 段落 77 vs 索引 70
WARN: X46n0776 第4卷: MD 段落 150 vs 索引 139
Imported x46n0776 (X46n0776): 322 blocks, 4 juans
Imported b10n0063 (B10n0063): 88 blocks, 1 juans
Imported x10n0264 (X10n0264): 1 blocks, 1 juans
Imported f27n1064 (F27n1064): 1 blocks, 1 juans
Imported m59n1540 (M59n1540): 245 blocks, 5 juans
Imported l131n1557 (L131n1557): 4198 blocks, 18 juans
Imported l130n1557 (L130n1557): 6238 blocks, 17 juans
Imported l132n1557 (L132n1557): 4272 blocks, 18 juans
Imported l133n1557 (L133n1557): 4166 blocks, 30 juans
Imported f12n0546 (F12n0546): 4 blocks, 1 juans
WARN: X23n0438 第1卷: MD 段落 45 vs 索引 43
WARN: X23n0438 第14卷: MD 段落 161 vs 索引 159
Imported x23n0438 (X23n0438): 1438 blocks, 14 juans
WARN: X23n0439 第1卷: MD 段落 49 vs 索引 48
Imported x23n0439 (X23n0439): 1324 blocks, 10 juans
Imported p182n1615 (P182n1615): 4890 blocks, 22 juans
Imported p181n1615 (P181n1615): 2719 blocks, 13 juans
Imported p183n1615 (P183n1615): 509 blocks, 3 juans
WARN: X01n0010 第1卷: MD 段落 41 vs 索引 40
WARN: X01n0010 第2卷: MD 段落 33 vs 索引 30
Imported x01n0010 (X01n0010): 70 blocks, 2 juans
Imported p178n1610 (P178n1610): 20 blocks, 1 juans
Imported g083n2073 (G083n2073): 1 blocks, 1 juans
Imported x46n0791 (X46n0791): 2316 blocks, 7 juans
WARN: X01n0026 第1卷: MD 段落 39 vs 索引 38
Imported x01n0026 (X01n0026): 60 blocks, 2 juans
Imported x01n0027 (X01n0027): 49 blocks, 1 juans
Imported f01n0016 (F01n0016): 1 blocks, 1 juans
WARN: B06n0008 第1卷: MD 段落 583 vs 索引 577
Imported b06n0008 (B06n0008): 577 blocks, 1 juans
Imported x02n0181 (X02n0181): 72 blocks, 1 juans
Imported t05n0220a (T05n0220a): 19894 blocks, 200 juans
Imported t06n0220b (T06n0220b): 17343 blocks, 200 juans
Imported t07n0220c (T07n0220c): 12133 blocks, 137 juans
Imported t07n0220d (T07n0220d): 2819 blocks, 28 juans
Imported t07n0220e (T07n0220e): 643 blocks, 8 juans
Imported t07n0220f (T07n0220f): 228 blocks, 2 juans
Imported t07n0220g (T07n0220g): 128 blocks, 1 juans
Imported t07n0220h (T07n0220h): 127 blocks, 1 juans
Imported t07n0220i (T07n0220i): 44 blocks, 1 juans
Imported t07n0220j (T07n0220j): 347 blocks, 5 juans
Imported t07n0220k (T07n0220k): 321 blocks, 5 juans
Imported t07n0220l (T07n0220l): 66 blocks, 1 juans
Imported t07n0220m (T07n0220m): 84 blocks, 1 juans
Imported t07n0220n (T07n0220n): 130 blocks, 2 juans
Imported t07n0220o (T07n0220o): 634 blocks, 8 juans
WARN: X24n0449 第1卷: MD 段落 182 vs 索引 179
WARN: X24n0449 第10卷: MD 段落 162 vs 索引 161
Imported x24n0449 (X24n0449): 1171 blocks, 10 juans
WARN: X24n0448 第1卷: MD 段落 126 vs 索引 125
WARN: X24n0448 第6卷: MD 段落 200 vs 索引 198
Imported x24n0448 (X24n0448): 904 blocks, 6 juans
Imported f03n0181 (F03n0181): 18 blocks, 1 juans
Imported b32n0189 (B32n0189): 97 blocks, 1 juans
Imported x01n0023 (X01n0023): 1 blocks, 1 juans
WARN: C056n1159 第2卷: MD 段落 88 vs 索引 85
WARN: C056n1159 第3卷: MD 段落 41 vs 索引 34
WARN: C056n1159 第4卷: MD 段落 52 vs 索引 45
WARN: C056n1159 第5卷: MD 段落 23 vs 索引 16
WARN: C056n1159 第6卷: MD 段落 19 vs 索引 13
WARN: C056n1159 第7卷: MD 段落 21 vs 索引 18
WARN: C056n1159 第8卷: MD 段落 33 vs 索引 31
Imported c056n1159 (C056n1159): 249 blocks, 8 juans
Imported l143n1608 (L143n1608): 2804 blocks, 10 juans
WARN: L154n1641 第7卷: MD 段落 216 vs 索引 214
Imported l154n1641 (L154n1641): 750 blocks, 7 juans
Imported x28n0587 (X28n0587): 111 blocks, 2 juans
Imported f27n1061 (F27n1061): 1 blocks, 1 juans
Imported t46n1938 (T46n1938): 1 blocks, 1 juans
Import progress 1900/3911 sutras=1900 paragraphs=688858
Imported g157n2601 (G157n2601): 427 blocks, 2 juans
Imported t46n1930 (T46n1930): 1 blocks, 1 juans
Imported t46n1931 (T46n1931): 7 blocks, 1 juans
Imported p189n1629 (P189n1629): 609 blocks, 9 juans
WARN: X56n0942 第1卷: MD 段落 23 vs 索引 22
WARN: X56n0942 第5卷: MD 段落 15 vs 索引 14
WARN: X56n0942 第6卷: MD 段落 23 vs 索引 22
Imported x56n0942 (X56n0942): 199 blocks, 6 juans
Imported x55n0916 (X55n0916): 4 blocks, 1 juans
Imported x55n0913 (X55n0913): 3 blocks, 1 juans
Imported t46n1919 (T46n1919): 8 blocks, 1 juans
Imported t46n1948 (T46n1948): 66 blocks, 1 juans
Imported t40n1812 (T40n1812): 110 blocks, 3 juans
Imported b22n0119 (B22n0119): 97 blocks, 1 juans
Imported b25n0145 (B25n0145): 2031 blocks, 30 juans
Imported x57n0951 (X57n0951): 154 blocks, 3 juans
WARN: A110n1490 第2卷: MD 段落 13 vs 索引 12
Imported a110n1490 (A110n1490): 14 blocks, 2 juans
Imported l154n1639 (L154n1639): 1419 blocks, 20 juans
Imported b17n0089 (B17n0089): 622 blocks, 48 juans
Imported tx01n0001 (TX01n0001): 838 blocks, 26 juans
Imported tx02n0001 (TX02n0001): 649 blocks, 8 juans
Imported tx13n0007 (TX13n0007): 702 blocks, 6 juans
Imported tx14n0007 (TX14n0007): 1108 blocks, 3 juans
Imported tx15n0007 (TX15n0007): 962 blocks, 33 juans
Imported tx10n0007 (TX10n0007): 1494 blocks, 1 juans
Imported tx11n0007 (TX11n0007): 764 blocks, 3 juans
Imported tx12n0007 (TX12n0007): 678 blocks, 4 juans
Imported tx03n0003 (TX03n0003): 490 blocks, 11 juans
Imported tx17n0009 (TX17n0009): 1386 blocks, 67 juans
WARN: TX32n0020 第5卷: MD 段落 2213 vs 索引 2212
Imported tx32n0020 (TX32n0020): 2456 blocks, 5 juans
Imported tx03n0002 (TX03n0002): 486 blocks, 22 juans
Imported tx06n0005 (TX06n0005): 1031 blocks, 8 juans
Imported tx07n0005 (TX07n0005): 738 blocks, 8 juans
Imported tx16n0008 (TX16n0008): 697 blocks, 3 juans
Imported tx09n0006 (TX09n0006): 1115 blocks, 31 juans
Imported tx07n0006 (TX07n0006): 564 blocks, 6 juans
Imported tx08n0006 (TX08n0006): 1197 blocks, 9 juans
Imported tx18n0011 (TX18n0011): 417 blocks, 1 juans
Imported tx19n0011 (TX19n0011): 827 blocks, 4 juans
Imported tx26n0017 (TX26n0017): 1171 blocks, 248 juans
Imported tx27n0017 (TX27n0017): 783 blocks, 72 juans
Imported tx23n0013 (TX23n0013): 221 blocks, 18 juans
Imported tx20n0013 (TX20n0013): 265 blocks, 22 juans
Imported tx21n0013 (TX21n0013): 579 blocks, 54 juans
Imported tx22n0013 (TX22n0013): 719 blocks, 45 juans
Imported tx31n0019 (TX31n0019): 802 blocks, 184 juans
Imported tx29n0019 (TX29n0019): 767 blocks, 20 juans
Imported tx30n0019 (TX30n0019): 1365 blocks, 116 juans
Imported tx20n0012 (TX20n0012): 491 blocks, 1 juans
Imported tx24n0015 (TX24n0015): 519 blocks, 71 juans
Imported tx27n0018 (TX27n0018): 349 blocks, 59 juans
Imported tx28n0018 (TX28n0018): 622 blocks, 121 juans
Imported tx25n0016 (TX25n0016): 562 blocks, 76 juans
Import progress 1950/3911 sutras=1950 paragraphs=722443
Imported tx23n0014 (TX23n0014): 382 blocks, 3 juans
Imported tx24n0014 (TX24n0014): 345 blocks, 5 juans
Imported tx18n0010 (TX18n0010): 539 blocks, 54 juans
Imported tx04n0004 (TX04n0004): 612 blocks, 5 juans
Imported tx05n0004 (TX05n0004): 848 blocks, 17 juans
WARN: X54n0869 第1卷: MD 段落 68 vs 索引 64
Imported x54n0869 (X54n0869): 64 blocks, 1 juans
WARN: X02n0204 第1卷: MD 段落 65 vs 索引 64
Imported x02n0204 (X02n0204): 64 blocks, 1 juans
Imported l115n1490 (L115n1490): 965 blocks, 3 juans
Imported l116n1490 (L116n1490): 9367 blocks, 37 juans
Imported p185n1617 (P185n1617): 844 blocks, 7 juans
Imported p184n1617 (P184n1617): 1638 blocks, 12 juans
Imported x29n0596 (X29n0596): 896 blocks, 14 juans
Imported x29n0595 (X29n0595): 78 blocks, 2 juans
Imported x56n0938 (X56n0938): 33 blocks, 1 juans
Imported g157n2600 (G157n2600): 18 blocks, 1 juans
Imported b07n0014 (B07n0014): 72 blocks, 1 juans
Imported x56n0940 (X56n0940): 3 blocks, 1 juans
Imported g104n2282 (G104n2282): 12 blocks, 1 juans
Imported b09n0038 (B09n0038): 141 blocks, 1 juans
Imported b11n0070 (B11n0070): 199 blocks, 1 juans
Imported g160n2619 (G160n2619): 25 blocks, 1 juans
Imported b11n0074 (B11n0074): 147 blocks, 4 juans
Imported p155n1519 (P155n1519): 1156 blocks, 8 juans
Imported p154n1519 (P154n1519): 2435 blocks, 12 juans
WARN: T46n1956 第1卷: MD 段落 79 vs 索引 78
Imported t46n1956 (T46n1956): 78 blocks, 1 juans
Imported b10n0068 (B10n0068): 1049 blocks, 22 juans
Imported b10n0057 (B10n0057): 386 blocks, 5 juans
Imported l154n1640 (L154n1640): 977 blocks, 10 juans
Imported t45n1857 (T45n1857): 3 blocks, 1 juans
Imported x56n0944 (X56n0944): 67 blocks, 1 juans
Imported b24n0133 (B24n0133): 34 blocks, 1 juans
Imported b24n0132 (B24n0132): 71 blocks, 2 juans
Imported t40n1810 (T40n1810): 577 blocks, 3 juans
WARN: L157n1649 第4卷: MD 段落 244 vs 索引 243
Imported l157n1649 (L157n1649): 593 blocks, 4 juans
WARN: B24n0141 第13卷: MD 段落 25 vs 索引 24
WARN: B24n0141 第14卷: MD 段落 16 vs 索引 15
WARN: B24n0141 第17卷: MD 段落 20 vs 索引 19
Imported b24n0141 (B24n0141): 1174 blocks, 11 juans
WARN: L153n1637 第8卷: MD 段落 29 vs 索引 28
Imported l153n1637 (L153n1637): 775 blocks, 10 juans
WARN: X40n0725 第1卷: MD 段落 319 vs 索引 317
Imported x40n0725 (X40n0725): 317 blocks, 1 juans
Imported l155n1643 (L155n1643): 1253 blocks, 20 juans
Imported x21n0394 (X21n0394): 730 blocks, 2 juans
WARN: X21n0393 第1卷: MD 段落 4 vs 索引 3
Imported x21n0393 (X21n0393): 3 blocks, 1 juans
Imported x21n0388 (X21n0388): 219 blocks, 1 juans
Imported x21n0389 (X21n0389): 41 blocks, 1 juans
Imported g104n2270 (G104n2270): 50 blocks, 1 juans
Imported b22n0118 (B22n0118): 139 blocks, 8 juans
Imported t45n1898 (T45n1898): 11 blocks, 1 juans
Imported g104n2260 (G104n2260): 457 blocks, 1 juans
Imported c073n1679 (C073n1679): 218 blocks, 2 juans
Imported k35n1259 (K35n1259): 11000 blocks, 30 juans
Imported k35n1261 (K35n1261): 329 blocks, 5 juans
Imported k35n1258 (K35n1258): 8508 blocks, 25 juans
Import progress 2000/3911 sutras=2000 paragraphs=772385
Imported c073n1680 (C073n1680): 108 blocks, 1 juans
Imported k35n1260 (K35n1260): 3646 blocks, 11 juans
Imported g083n2075 (G083n2075): 1 blocks, 1 juans
Imported x10n0251 (X10n0251): 1195 blocks, 2 juans
Imported l164n1668 (L164n1668): 639 blocks, 20 juans
WARN: L164n1669 第9卷: MD 段落 32 vs 索引 31
Imported l164n1669 (L164n1669): 694 blocks, 20 juans
Imported x01n0013 (X01n0013): 7 blocks, 1 juans
WARN: X20n0364 第1卷: MD 段落 751 vs 索引 750
Imported x20n0364 (X20n0364): 2171 blocks, 4 juans
Imported l153n1635 (L153n1635): 2 blocks, 1 juans
Imported t45n1910 (T45n1910): 27 blocks, 3 juans
Imported t45n1909 (T45n1909): 372 blocks, 10 juans
Imported b14n0085 (B14n0085): 377 blocks, 2 juans
Imported x49n0812 (X49n0812): 348 blocks, 1 juans
WARN: X50n0820 第1卷: MD 段落 250 vs 索引 239
Imported x50n0820 (X50n0820): 2061 blocks, 10 juans
Imported x48n0808 (X48n0808): 89 blocks, 4 juans
Imported x50n0818 (X50n0818): 1252 blocks, 7 juans
Imported x49n0810 (X49n0810): 60 blocks, 1 juans
Imported x48n0806 (X48n0806): 236 blocks, 2 juans
Imported cc004n0004 (CC004n0004): 1216 blocks, 10 juans
Imported x50n0816 (X50n0816): 342 blocks, 1 juans
Imported x50n0819 (X50n0819): 2581 blocks, 16 juans
Imported x49n0815 (X49n0815): 6146 blocks, 12 juans
Imported x49n0814 (X49n0814): 1547 blocks, 5 juans
WARN: X51n0823 第1卷: MD 段落 351 vs 索引 347
WARN: X51n0823 第10卷: MD 段落 262 vs 索引 261
Imported x51n0823 (X51n0823): 3477 blocks, 10 juans
WARN: X51n0824 第10卷: MD 段落 273 vs 索引 272
Imported x51n0824 (X51n0824): 3033 blocks, 10 juans
WARN: X50n0822 第1卷: MD 段落 184 vs 索引 183
Imported x50n0822 (X50n0822): 336 blocks, 3 juans
Imported x51n0822 (X51n0822): 499 blocks, 7 juans
WARN: X50n0821 第1卷: MD 段落 165 vs 索引 163
Imported x50n0821 (X50n0821): 1067 blocks, 10 juans
Imported x51n0826 (X51n0826): 6368 blocks, 10 juans
WARN: X51n0825 第1卷: MD 段落 3 vs 索引 2
Imported x51n0825 (X51n0825): 2 blocks, 1 juans
Imported b26n0146 (B26n0146): 196 blocks, 3 juans
Imported g104n2268 (G104n2268): 15 blocks, 1 juans
Imported x46n0788 (X46n0788): 104 blocks, 1 juans
WARN: B36n0197 第1卷: MD 段落 2041 vs 索引 2040
Imported b36n0197 (B36n0197): 2040 blocks, 1 juans
Imported t46n1911 (T46n1911): 1846 blocks, 10 juans
Imported x56n0922 (X56n0922): 468 blocks, 1 juans
WARN: X56n0921 第1卷: MD 段落 63 vs 索引 62
WARN: X56n0921 第2卷: MD 段落 46 vs 索引 45
Imported x56n0921 (X56n0921): 292 blocks, 6 juans
WARN: X56n0923 第1卷: MD 段落 91 vs 索引 90
Imported x56n0923 (X56n0923): 696 blocks, 6 juans
WARN: X56n0924 第1卷: MD 段落 3 vs 索引 2
Imported x56n0924 (X56n0924): 3 blocks, 2 juans
WARN: X22n0401 第1卷: MD 段落 129 vs 索引 128
Imported x22n0401 (X22n0401): 128 blocks, 1 juans
Imported p189n1630 (P189n1630): 4 blocks, 1 juans
Imported t46n1939 (T46n1939): 46 blocks, 1 juans
Imported t45n1897 (T45n1897): 28 blocks, 1 juans
Imported cc002n0002 (CC002n0002): 189 blocks, 1 juans
Imported t45n1891 (T45n1891): 203 blocks, 1 juans
WARN: X39n0707 第1卷: MD 段落 374 vs 索引 373
Imported x39n0707 (X39n0707): 373 blocks, 1 juans
WARN: B25n0142 第1卷: MD 段落 488 vs 索引 487
Imported b25n0142 (B25n0142): 487 blocks, 1 juans
WARN: B27n0151 第33卷: MD 段落 8 vs 索引 6
WARN: B27n0151 第35卷: MD 段落 12 vs 索引 11
Imported b27n0151 (B27n0151): 799 blocks, 65 juans
Imported a091n1057 (A091n1057): 1287 blocks, 2 juans
Imported k32n1064 (K32n1064): 1278 blocks, 2 juans
Import progress 2050/3911 sutras=2050 paragraphs=822766
Imported b07n0022 (B07n0022): 44 blocks, 1 juans
WARN: K35n1257 第17卷: MD 段落 2965 vs 索引 2964
WARN: K35n1257 第18卷: MD 段落 2817 vs 索引 2815
WARN: K35n1257 第29卷: MD 段落 3711 vs 索引 3710
WARN: K35n1257 第30卷: MD 段落 3821 vs 索引 3820
Imported k35n1257 (K35n1257): 67253 blocks, 18 juans
WARN: K34n1257 第1卷: MD 段落 3065 vs 索引 3064
WARN: K34n1257 第2卷: MD 段落 3931 vs 索引 3929
WARN: K34n1257 第3卷: MD 段落 3846 vs 索引 3845
WARN: K34n1257 第4卷: MD 段落 3629 vs 索引 3623
WARN: K34n1257 第5卷: MD 段落 4085 vs 索引 4084
WARN: K34n1257 第7卷: MD 段落 4004 vs 索引 3992
WARN: K34n1257 第8卷: MD 段落 3817 vs 索引 3815
WARN: K34n1257 第9卷: MD 段落 4180 vs 索引 4178
WARN: K34n1257 第10卷: MD 段落 3680 vs 索引 3679
WARN: K34n1257 第11卷: MD 段落 4315 vs 索引 4314
WARN: K34n1257 第12卷: MD 段落 3781 vs 索引 3780
Imported k34n1257 (K34n1257): 45944 blocks, 12 juans
WARN: T46n1940 第1卷: MD 段落 50 vs 索引 48
Imported t46n1940 (T46n1940): 48 blocks, 1 juans
Imported t46n1954 (T46n1954): 4 blocks, 1 juans
Imported b10n0059 (B10n0059): 193 blocks, 1 juans
Imported l158n1652 (L158n1652): 1255 blocks, 20 juans
Imported l155n1642 (L155n1642): 389 blocks, 3 juans
WARN: B27n0152 第10卷: MD 段落 24 vs 索引 23
WARN: B27n0152 第12卷: MD 段落 107 vs 索引 105
Imported b27n0152 (B27n0152): 1120 blocks, 14 juans
Imported x55n0914 (X55n0914): 1 blocks, 1 juans
WARN: X35n0650 第1卷: MD 段落 126 vs 索引 125
Imported x35n0650 (X35n0650): 300 blocks, 2 juans
WARN: A112n1494 第2卷: MD 段落 15 vs 索引 13
WARN: A112n1494 第4卷: MD 段落 17 vs 索引 16
WARN: A112n1494 第5卷: MD 段落 8 vs 索引 7
WARN: A112n1494 第9卷: MD 段落 13 vs 索引 12
Imported a112n1494 (A112n1494): 351 blocks, 14 juans
WARN: B31n0170 第2卷: MD 段落 827 vs 索引 826
WARN: B31n0170 第3卷: MD 段落 4062 vs 索引 4061
Imported b31n0170 (B31n0170): 6551 blocks, 3 juans
WARN: B31n0169 第1卷: MD 段落 1288 vs 索引 1282
WARN: B31n0169 第2卷: MD 段落 1052 vs 索引 1049
Imported b31n0169 (B31n0169): 2331 blocks, 2 juans
Imported b11n0073 (B11n0073): 542 blocks, 29 juans
Imported b32n0177 (B32n0177): 377 blocks, 5 juans
Imported b26n0148 (B26n0148): 329 blocks, 9 juans
Imported b32n0178 (B32n0178): 21 blocks, 1 juans
WARN: T45n1904 第1卷: MD 段落 72 vs 索引 71
Imported t45n1904 (T45n1904): 71 blocks, 1 juans
Imported g104n2280 (G104n2280): 205 blocks, 1 juans
Imported g104n2281 (G104n2281): 130 blocks, 1 juans
Imported t45n1905 (T45n1905): 52 blocks, 1 juans
Imported c071n1666 (C071n1666): 1 blocks, 1 juans
Imported f27n1056 (F27n1056): 2 blocks, 1 juans
Imported f27n1060 (F27n1060): 1 blocks, 1 juans
Imported g104n2263 (G104n2263): 11 blocks, 1 juans
Imported g104n2266 (G104n2266): 9 blocks, 1 juans
Imported t40n1815 (T40n1815): 329 blocks, 2 juans
WARN: X38n0694 第1卷: MD 段落 141 vs 索引 140
WARN: X38n0694 第7卷: MD 段落 187 vs 索引 185
Imported x38n0694 (X38n0694): 1025 blocks, 7 juans
Imported x38n0693 (X38n0693): 33 blocks, 1 juans
WARN: X38n0697 第1卷: MD 段落 333 vs 索引 331
Imported x38n0697 (X38n0697): 630 blocks, 2 juans
WARN: X38n0698 第1卷: MD 段落 462 vs 索引 461
Imported x38n0698 (X38n0698): 461 blocks, 1 juans
WARN: X39n0700 第1卷: MD 段落 93 vs 索引 92
WARN: X39n0700 第8卷: MD 段落 153 vs 索引 152
Imported x39n0700 (X39n0700): 1111 blocks, 8 juans
Imported g104n2262 (G104n2262): 76 blocks, 1 juans
Imported t40n1813 (T40n1813): 562 blocks, 6 juans
Imported x38n0687 (X38n0687): 429 blocks, 2 juans
Imported x38n0683 (X38n0683): 44 blocks, 1 juans
Imported x38n0686 (X38n0686): 418 blocks, 2 juans
WARN: X38n0691 第1卷: MD 段落 943 vs 索引 940
Imported x38n0691 (X38n0691): 2658 blocks, 3 juans
WARN: X38n0695 第1卷: MD 段落 65 vs 索引 63
Imported x38n0695 (X38n0695): 714 blocks, 8 juans
Imported x38n0690 (X38n0690): 65 blocks, 1 juans
WARN: X38n0682 第1卷: MD 段落 175 vs 索引 174
WARN: X38n0682 第2卷: MD 段落 499 vs 索引 498
Imported x38n0682 (X38n0682): 672 blocks, 2 juans
Imported g104n2264 (G104n2264): 3 blocks, 1 juans
WARN: X39n0699 第1卷: MD 段落 283 vs 索引 282
Imported x39n0699 (X39n0699): 533 blocks, 2 juans
WARN: X38n0678 第1卷: MD 段落 408 vs 索引 407
Imported x38n0678 (X38n0678): 1940 blocks, 3 juans
Imported x38n0676 (X38n0676): 334 blocks, 2 juans
WARN: X38n0679 第1卷: MD 段落 237 vs 索引 236
Imported x38n0679 (X38n0679): 2032 blocks, 5 juans
Imported x38n0680 (X38n0680): 203 blocks, 1 juans
Imported x38n0681 (X38n0681): 129 blocks, 1 juans
Imported b10n0061 (B10n0061): 120 blocks, 1 juans
Import progress 2100/3911 sutras=2100 paragraphs=964822
WARN: B28n0157 第2卷: MD 段落 84 vs 索引 81
WARN: B28n0157 第3卷: MD 段落 49 vs 索引 46
WARN: B28n0157 第4卷: MD 段落 74 vs 索引 63
WARN: B28n0157 第5卷: MD 段落 51 vs 索引 43
WARN: B28n0157 第7卷: MD 段落 38 vs 索引 37
Imported b28n0157 (B28n0157): 1461 blocks, 24 juans
WARN: X18n0332 第1卷: MD 段落 475 vs 索引 471
WARN: X18n0332 第8卷: MD 段落 284 vs 索引 283
Imported x18n0332 (X18n0332): 2734 blocks, 8 juans
WARN: X17n0331 第1卷: MD 段落 144 vs 索引 142
Imported x17n0331 (X17n0331): 725 blocks, 8 juans
WARN: X17n0330 第1卷: MD 段落 155 vs 索引 153
WARN: X17n0330 第8卷: MD 段落 72 vs 索引 71
Imported x17n0330 (X17n0330): 868 blocks, 8 juans
WARN: X18n0334 第1卷: MD 段落 183 vs 索引 182
Imported x18n0334 (X18n0334): 1343 blocks, 8 juans
Imported x17n0328 (X17n0328): 41 blocks, 1 juans
Imported x17n0322 (X17n0322): 769 blocks, 2 juans
Imported x18n0333 (X18n0333): 633 blocks, 1 juans
WARN: C097n1821 第2卷: MD 段落 408 vs 索引 406
WARN: C097n1821 第4卷: MD 段落 560 vs 索引 559
Imported c097n1821 (C097n1821): 1644 blocks, 4 juans
WARN: X17n0325 第1卷: MD 段落 367 vs 索引 366
WARN: X17n0325 第2卷: MD 段落 373 vs 索引 371
WARN: X17n0325 第4卷: MD 段落 576 vs 索引 574
Imported x17n0325 (X17n0325): 1574 blocks, 4 juans
WARN: X17n0329 第4卷: MD 段落 480 vs 索引 478
Imported x17n0329 (X17n0329): 1825 blocks, 4 juans
Imported x17n0321 (X17n0321): 1331 blocks, 3 juans
WARN: X17n0323 第1卷: MD 段落 102 vs 索引 99
Imported x17n0323 (X17n0323): 496 blocks, 6 juans
WARN: X17n0324 第1卷: MD 段落 100 vs 索引 98
WARN: X17n0324 第4卷: MD 段落 68 vs 索引 67
Imported x17n0324 (X17n0324): 279 blocks, 4 juans
Imported x17n0327 (X17n0327): 56 blocks, 1 juans
WARN: X01n0008 第1卷: MD 段落 565 vs 索引 564
Imported x01n0008 (X01n0008): 1687 blocks, 4 juans
WARN: X16n0311 第1卷: MD 段落 131 vs 索引 129
WARN: X16n0311 第2卷: MD 段落 67 vs 索引 66
Imported x16n0311 (X16n0311): 195 blocks, 2 juans
WARN: X16n0310 第1卷: MD 段落 38 vs 索引 34
Imported x16n0310 (X16n0310): 34 blocks, 1 juans
Imported x16n0312 (X16n0312): 12 blocks, 1 juans
WARN: X12n0272 第1卷: MD 段落 87 vs 索引 85
WARN: X12n0272 第10卷: MD 段落 96 vs 索引 95
Imported x12n0272 (X12n0272): 812 blocks, 10 juans
WARN: X14n0289 第1卷: MD 段落 139 vs 索引 137
Imported x14n0289 (X14n0289): 1185 blocks, 10 juans
WARN: X12n0281 第1卷: MD 段落 311 vs 索引 307
WARN: X12n0281 第10卷: MD 段落 296 vs 索引 295
Imported x12n0281 (X12n0281): 3019 blocks, 10 juans
Imported x14n0297 (X14n0297): 160 blocks, 2 juans
WARN: X13n0286 第1卷: MD 段落 108 vs 索引 104
WARN: X13n0286 第10卷: MD 段落 77 vs 索引 76
Imported x13n0286 (X13n0286): 941 blocks, 10 juans
WARN: X16n0318 第1卷: MD 段落 84 vs 索引 83
WARN: X16n0318 第10卷: MD 段落 72 vs 索引 71
Imported x16n0318 (X16n0318): 890 blocks, 10 juans
Imported x16n0316 (X16n0316): 1610 blocks, 10 juans
Imported x16n0315 (X16n0315): 62 blocks, 1 juans
Imported x16n0314 (X16n0314): 15 blocks, 1 juans
WARN: X16n0313 第1卷: MD 段落 157 vs 索引 155
Imported x16n0313 (X16n0313): 155 blocks, 1 juans
Imported x14n0293 (X14n0293): 7 blocks, 1 juans
WARN: X12n0277 第1卷: MD 段落 38 vs 索引 36
Imported x12n0277 (X12n0277): 36 blocks, 1 juans
WARN: X14n0296 第1卷: MD 段落 14 vs 索引 11
Imported x14n0296 (X14n0296): 20 blocks, 2 juans
WARN: X16n0308 第1卷: MD 段落 818 vs 索引 817
Imported x16n0308 (X16n0308): 7409 blocks, 10 juans
WARN: X16n0309 第1卷: MD 段落 241 vs 索引 240
Imported x16n0309 (X16n0309): 240 blocks, 1 juans
Imported x16n0307 (X16n0307): 81 blocks, 1 juans
WARN: X12n0276 第1卷: MD 段落 382 vs 索引 381
Imported x12n0276 (X12n0276): 381 blocks, 1 juans
WARN: X14n0292 第1卷: MD 段落 66 vs 索引 65
Imported x14n0292 (X14n0292): 65 blocks, 1 juans
WARN: X13n0285 第10卷: MD 段落 172 vs 索引 169
Imported x13n0285 (X13n0285): 2163 blocks, 10 juans
WARN: X12n0275 第1卷: MD 段落 954 vs 索引 953
WARN: X12n0275 第10卷: MD 段落 611 vs 索引 610
Imported x12n0275 (X12n0275): 10142 blocks, 10 juans
Imported x12n0274 (X12n0274): 133 blocks, 1 juans
WARN: X12n0273 第10卷: MD 段落 3 vs 索引 2
Imported x12n0273 (X12n0273): 2 blocks, 1 juans
WARN: X16n0317 第1卷: MD 段落 131 vs 索引 129
WARN: X16n0317 第10卷: MD 段落 211 vs 索引 208
Imported x16n0317 (X16n0317): 2281 blocks, 10 juans
Imported x11n0269 (X11n0269): 2111 blocks, 5 juans
WARN: X13n0282 第1卷: MD 段落 6 vs 索引 5
Imported x13n0282 (X13n0282): 222 blocks, 4 juans
WARN: X13n0284 第1卷: MD 段落 41 vs 索引 40
WARN: X13n0284 第2卷: MD 段落 41 vs 索引 37
Imported x13n0284 (X13n0284): 77 blocks, 2 juans
WARN: X15n0302 第1卷: MD 段落 15 vs 索引 14
Imported x15n0302 (X15n0302): 202 blocks, 10 juans
WARN: X13n0287 第1卷: MD 段落 1204 vs 索引 1203
Imported x13n0287 (X13n0287): 9107 blocks, 10 juans
WARN: X14n0291 第1卷: MD 段落 238 vs 索引 235
Imported x14n0291 (X14n0291): 3145 blocks, 10 juans
WARN: X14n0298 第1卷: MD 段落 197 vs 索引 194
Imported x14n0298 (X14n0298): 1386 blocks, 10 juans
Imported x13n0283 (X13n0283): 1658 blocks, 10 juans
Import progress 2150/3911 sutras=2150 paragraphs=1032246
WARN: X11n0271 第1卷: MD 段落 1248 vs 索引 1247
Imported x11n0271 (X11n0271): 11859 blocks, 10 juans
WARN: X15n0301 第1卷: MD 段落 1196 vs 索引 1191
WARN: X15n0301 第2卷: MD 段落 760 vs 索引 756
WARN: X15n0301 第3卷: MD 段落 813 vs 索引 809
Imported x15n0301 (X15n0301): 2756 blocks, 3 juans
WARN: X15n0300 第1卷: MD 段落 128 vs 索引 125
WARN: X15n0300 第10卷: MD 段落 192 vs 索引 190
Imported x15n0300 (X15n0300): 1568 blocks, 10 juans
Imported x10n0265 (X10n0265): 2 blocks, 1 juans
Imported x11n0267 (X11n0267): 3462 blocks, 6 juans
WARN: X12n0280 第1卷: MD 段落 247 vs 索引 246
Imported x12n0280 (X12n0280): 246 blocks, 1 juans
WARN: X11n0270 第1卷: MD 段落 134 vs 索引 133
Imported x11n0270 (X11n0270): 3288 blocks, 20 juans
Imported x15n0306 (X15n0306): 3970 blocks, 10 juans
WARN: X15n0305 第1卷: MD 段落 41 vs 索引 38
Imported x15n0305 (X15n0305): 38 blocks, 1 juans
Imported x15n0304 (X15n0304): 3 blocks, 1 juans
WARN: X14n0294 第1卷: MD 段落 68 vs 索引 65
Imported x14n0294 (X14n0294): 65 blocks, 1 juans
WARN: X15n0299 第1卷: MD 段落 143 vs 索引 141
WARN: X15n0299 第10卷: MD 段落 91 vs 索引 90
Imported x15n0299 (X15n0299): 1024 blocks, 10 juans
WARN: X14n0288 第1卷: MD 段落 128 vs 索引 124
WARN: X14n0288 第10卷: MD 段落 96 vs 索引 95
Imported x14n0288 (X14n0288): 1266 blocks, 10 juans
WARN: X15n0303 第1卷: MD 段落 219 vs 索引 215
Imported x15n0303 (X15n0303): 2132 blocks, 10 juans
WARN: X14n0295 第1卷: MD 段落 45 vs 索引 44
Imported x14n0295 (X14n0295): 926 blocks, 10 juans
WARN: X12n0279 第1卷: MD 段落 110 vs 索引 108
Imported x12n0279 (X12n0279): 2429 blocks, 10 juans
WARN: X12n0278 第1卷: MD 段落 17 vs 索引 16
Imported x12n0278 (X12n0278): 16 blocks, 1 juans
WARN: X11n0268 第1卷: MD 段落 492 vs 索引 482
Imported x11n0268 (X11n0268): 3989 blocks, 10 juans
Imported g104n2284 (G104n2284): 15 blocks, 1 juans
Imported x02n0185 (X02n0185): 5 blocks, 1 juans
Imported t46n1914 (T46n1914): 4 blocks, 1 juans
Imported x55n0917 (X55n0917): 6 blocks, 1 juans
Imported t46n1913 (T46n1913): 8 blocks, 2 juans
Imported x55n0918 (X55n0918): 28 blocks, 1 juans
Imported t46n1912 (T46n1912): 135 blocks, 10 juans
WARN: X55n0920 第4卷: MD 段落 369 vs 索引 367
Imported x55n0920 (X55n0920): 1319 blocks, 4 juans
Imported x55n0919 (X55n0919): 1925 blocks, 10 juans
Imported x02n0182 (X02n0182): 18 blocks, 1 juans
Imported b17n0091 (B17n0091): 305 blocks, 10 juans
Imported b24n0137 (B24n0137): 495 blocks, 14 juans
Imported b09n0041 (B09n0041): 79 blocks, 1 juans
Imported b09n0042 (B09n0042): 110 blocks, 1 juans
Imported b29n0161 (B29n0161): 1194 blocks, 12 juans
Imported lc06n0006 (LC06n0006): 2315 blocks, 17 juans
Imported b18n0097 (B18n0097): 573 blocks, 2 juans
Imported b07n0021 (B07n0021): 164 blocks, 1 juans
Imported f02n0041 (F02n0041): 9 blocks, 1 juans
WARN: X41n0730 第1卷: MD 段落 190 vs 索引 188
Imported x41n0730 (X41n0730): 3842 blocks, 15 juans
WARN: X39n0709 第1卷: MD 段落 144 vs 索引 143
Imported x39n0709 (X39n0709): 3014 blocks, 16 juans
WARN: X39n0708 第1卷: MD 段落 271 vs 索引 270
WARN: X39n0708 第2卷: MD 段落 630 vs 索引 629
Imported x39n0708 (X39n0708): 899 blocks, 2 juans
WARN: X44n0743 第1卷: MD 段落 132 vs 索引 131
WARN: X44n0743 第3卷: MD 段落 123 vs 索引 122
Imported x44n0743 (X44n0743): 490 blocks, 3 juans
WARN: X40n0720 第1卷: MD 段落 152 vs 索引 151
Imported x40n0720 (X40n0720): 5194 blocks, 16 juans
Imported x40n0721 (X40n0721): 661 blocks, 1 juans
Imported g104n2277 (G104n2277): 76 blocks, 1 juans
Imported g155n2589 (G155n2589): 234 blocks, 2 juans
Imported t46n1935 (T46n1935): 201 blocks, 1 juans
Imported b24n0131 (B24n0131): 285 blocks, 5 juans
Imported t45n1887b (T45n1887B): 219 blocks, 2 juans
Imported t46n1925 (T46n1925): 685 blocks, 3 juans
Imported x27n0584 (X27n0584): 6 blocks, 5 juans
Import progress 2200/3911 sutras=2200 paragraphs=1095798
WARN: T46n1941 第1卷: MD 段落 102 vs 索引 94
Imported t46n1941 (T46n1941): 94 blocks, 1 juans
Imported t46n1942 (T46n1942): 3 blocks, 1 juans
WARN: X56n0939 第1卷: MD 段落 284 vs 索引 283
WARN: X56n0939 第3卷: MD 段落 312 vs 索引 311
Imported x56n0939 (X56n0939): 892 blocks, 3 juans
WARN: X56n0926 第2卷: MD 段落 27 vs 索引 26
Imported x56n0926 (X56n0926): 77 blocks, 2 juans
Imported x56n0929 (X56n0929): 258 blocks, 1 juans
Imported x27n0582 (X27n0582): 457 blocks, 3 juans
WARN: X28n0586 第1卷: MD 段落 225 vs 索引 224
Imported x28n0586 (X28n0586): 2965 blocks, 14 juans
WARN: X28n0585 第3卷: MD 段落 63 vs 索引 62
WARN: X28n0585 第11卷: MD 段落 75 vs 索引 74
WARN: X28n0585 第14卷: MD 段落 62 vs 索引 61
Imported x28n0585 (X28n0585): 1110 blocks, 20 juans
WARN: X30n0600 第1卷: MD 段落 462 vs 索引 461
Imported x30n0600 (X30n0600): 4446 blocks, 12 juans
WARN: X32n0617 第1卷: MD 段落 269 vs 索引 268
Imported x32n0617 (X32n0617): 1535 blocks, 7 juans
WARN: X30n0604 第1卷: MD 段落 3540 vs 索引 3539
Imported x30n0604 (X30n0604): 18663 blocks, 8 juans
WARN: X30n0603 第1卷: MD 段落 141 vs 索引 140
WARN: X30n0603 第7卷: MD 段落 47 vs 索引 46
Imported x30n0603 (X30n0603): 522 blocks, 7 juans
WARN: X27n0583 第1卷: MD 段落 119 vs 索引 115
Imported x27n0583 (X27n0583): 115 blocks, 1 juans
WARN: X31n0609 第1卷: MD 段落 76 vs 索引 74
WARN: X31n0609 第3卷: MD 段落 77 vs 索引 75
Imported x31n0609 (X31n0609): 215 blocks, 3 juans
WARN: X32n0619 第1卷: MD 段落 403 vs 索引 399
Imported x32n0619 (X32n0619): 4103 blocks, 9 juans
WARN: X32n0618 第1卷: MD 段落 33 vs 索引 32
Imported x32n0618 (X32n0618): 32 blocks, 1 juans
WARN: X32n0620 第1卷: MD 段落 303 vs 索引 301
Imported x32n0620 (X32n0620): 301 blocks, 1 juans
WARN: X31n0614 第1卷: MD 段落 269 vs 索引 265
Imported x31n0614 (X31n0614): 915 blocks, 7 juans
Imported t46n1926 (T46n1926): 3 blocks, 1 juans
WARN: X31n0613 第1卷: MD 段落 35 vs 索引 34
Imported x31n0613 (X31n0613): 34 blocks, 1 juans
Imported x33n0631 (X33n0631): 3902 blocks, 7 juans
Imported x33n0632 (X33n0632): 292 blocks, 1 juans
Imported x33n0630 (X33n0630): 219 blocks, 1 juans
WARN: X33n0629 第1卷: MD 段落 8 vs 索引 6
Imported x33n0629 (X33n0629): 6 blocks, 1 juans
Imported x32n0623 (X32n0623): 4911 blocks, 10 juans
WARN: X32n0621 第1卷: MD 段落 72 vs 索引 65
Imported x32n0621 (X32n0621): 65 blocks, 1 juans
Imported x32n0622 (X32n0622): 27 blocks, 1 juans
Imported x31n0610 (X31n0610): 9 blocks, 1 juans
Imported x29n0598 (X29n0598): 248 blocks, 3 juans
WARN: X29n0599 第1卷: MD 段落 609 vs 索引 608
Imported x29n0599 (X29n0599): 4957 blocks, 7 juans
WARN: X29n0597 第1卷: MD 段落 614 vs 索引 613
Imported x29n0597 (X29n0597): 2647 blocks, 4 juans
Imported x28n0593 (X28n0593): 5029 blocks, 10 juans
WARN: X32n0616 第7卷: MD 段落 437 vs 索引 436
Imported x32n0616 (X32n0616): 3964 blocks, 7 juans
Imported x33n0625 (X33n0625): 4690 blocks, 7 juans
WARN: X33n0624 第1卷: MD 段落 11 vs 索引 9
Imported x33n0624 (X33n0624): 9 blocks, 1 juans
Imported x33n0633 (X33n0633): 63 blocks, 1 juans
WARN: X28n0588 第1卷: MD 段落 250 vs 索引 249
Imported x28n0588 (X28n0588): 934 blocks, 4 juans
WARN: X28n0592 第1卷: MD 段落 415 vs 索引 414
Imported x28n0592 (X28n0592): 1971 blocks, 10 juans
WARN: X28n0589 第2卷: MD 段落 47 vs 索引 46
Imported x28n0589 (X28n0589): 123 blocks, 2 juans
Imported x28n0590 (X28n0590): 29 blocks, 1 juans
Imported x34n0636 (X34n0636): 1186 blocks, 4 juans
WARN: X34n0637 第1卷: MD 段落 153 vs 索引 152
Imported x34n0637 (X34n0637): 384 blocks, 2 juans
Imported x34n0638 (X34n0638): 9713 blocks, 31 juans
Imported x34n0639 (X34n0639): 426 blocks, 1 juans
Imported x27n0577 (X27n0577): 226 blocks, 2 juans
Imported x29n0594 (X29n0594): 1228 blocks, 6 juans
WARN: X31n0608 第1卷: MD 段落 214 vs 索引 212
Imported x31n0608 (X31n0608): 973 blocks, 7 juans
WARN: X33n0628 第7卷: MD 段落 337 vs 索引 336
Imported x33n0628 (X33n0628): 3012 blocks, 7 juans
WARN: X33n0626 第1卷: MD 段落 54 vs 索引 53
Imported x33n0626 (X33n0626): 53 blocks, 1 juans
Imported x33n0627 (X33n0627): 13 blocks, 1 juans
Import progress 2250/3911 sutras=2250 paragraphs=1183847
WARN: X30n0605 第1卷: MD 段落 462 vs 索引 460
Imported x30n0605 (X30n0605): 5038 blocks, 10 juans
WARN: X31n0606 第1卷: MD 段落 1179 vs 索引 1177
Imported x31n0606 (X31n0606): 5254 blocks, 8 juans
WARN: X31n0607 第1卷: MD 段落 1115 vs 索引 1111
Imported x31n0607 (X31n0607): 5257 blocks, 7 juans
WARN: X31n0612 第1卷: MD 段落 687 vs 索引 686
Imported x31n0612 (X31n0612): 1273 blocks, 2 juans
WARN: X32n0615 第1卷: MD 段落 34 vs 索引 33
Imported x32n0615 (X32n0615): 33 blocks, 1 juans
WARN: X30n0602 第1卷: MD 段落 521 vs 索引 519
Imported x30n0602 (X30n0602): 3731 blocks, 7 juans
Imported x30n0601 (X30n0601): 1 blocks, 1 juans
Imported x46n0790 (X46n0790): 55 blocks, 1 juans
Imported x31n0611 (X31n0611): 1172 blocks, 7 juans
Imported x28n0591 (X28n0591): 49 blocks, 1 juans
Imported x56n0943 (X56n0943): 7 blocks, 1 juans
Imported b27n0153 (B27n0153): 1512 blocks, 10 juans
Imported x54n0870 (X54n0870): 3569 blocks, 6 juans
WARN: B06n0006 第1卷: MD 段落 2098 vs 索引 2097
Imported b06n0006 (B06n0006): 2097 blocks, 1 juans
Imported b12n0078 (B12n0078): 408 blocks, 5 juans
Imported b12n0077 (B12n0077): 398 blocks, 5 juans
Imported t45n1889 (T45n1889): 35 blocks, 1 juans
WARN: X36n0659 第1卷: MD 段落 484 vs 索引 483
Imported x36n0659 (X36n0659): 11150 blocks, 36 juans
Imported x36n0658 (X36n0658): 3 blocks, 2 juans
WARN: X37n0664 第1卷: MD 段落 15 vs 索引 13
Imported x37n0664 (X37n0664): 13 blocks, 1 juans
WARN: X36n0656 第1卷: MD 段落 476 vs 索引 475
Imported x36n0656 (X36n0656): 951 blocks, 2 juans
WARN: X37n0662 第1卷: MD 段落 329 vs 索引 327
Imported x37n0662 (X37n0662): 8819 blocks, 19 juans
Imported x37n0660 (X37n0660): 5378 blocks, 12 juans
Imported x37n0661 (X37n0661): 6071 blocks, 9 juans
Imported b10n0058 (B10n0058): 343 blocks, 1 juans
Imported x01n0015 (X01n0015): 25 blocks, 1 juans
WARN: T45n1893 第2卷: MD 段落 53 vs 索引 52
Imported t45n1893 (T45n1893): 76 blocks, 2 juans
Imported f28n1083 (F28n1083): 26 blocks, 1 juans
Imported f29n1099 (F29n1099): 13 blocks, 1 juans
WARN: X01n0005 第1卷: MD 段落 65 vs 索引 62
Imported x01n0005 (X01n0005): 62 blocks, 1 juans
Imported x22n0397 (X22n0397): 216 blocks, 1 juans
WARN: X22n0400 第1卷: MD 段落 20 vs 索引 19
WARN: X22n0400 第3卷: MD 段落 38 vs 索引 37
Imported x22n0400 (X22n0400): 98 blocks, 3 juans
WARN: T46n1951 第1卷: MD 段落 70 vs 索引 67
Imported t46n1951 (T46n1951): 67 blocks, 1 juans
WARN: X54n0879 第1卷: MD 段落 17 vs 索引 15
Imported x54n0879 (X54n0879): 38 blocks, 2 juans
WARN: X54n0878 第1卷: MD 段落 4 vs 索引 3
Imported x54n0878 (X54n0878): 3 blocks, 1 juans
WARN: X54n0880 第1卷: MD 段落 64 vs 索引 62
Imported x54n0880 (X54n0880): 62 blocks, 1 juans
Imported b24n0139 (B24n0139): 138 blocks, 1 juans
Imported b09n0030 (B09n0030): 86 blocks, 1 juans
Imported b09n0031 (B09n0031): 497 blocks, 4 juans
Imported b08n0027 (B08n0027): 788 blocks, 2 juans
WARN: A120n1561 第11卷: MD 段落 823 vs 索引 822
WARN: A120n1561 第15卷: MD 段落 867 vs 索引 865
WARN: A120n1561 第17卷: MD 段落 770 vs 索引 769
WARN: A120n1561 第19卷: MD 段落 692 vs 索引 691
Imported a120n1561 (A120n1561): 12127 blocks, 18 juans
WARN: A121n1561 第35卷: MD 段落 1098 vs 索引 1096
WARN: A121n1561 第38卷: MD 段落 1033 vs 索引 1032
Imported a121n1561 (A121n1561): 4217 blocks, 5 juans
Imported x47n0794 (X47n0794): 1 blocks, 1 juans
WARN: X39n0705 第2卷: MD 段落 92 vs 索引 91
Imported x39n0705 (X39n0705): 91 blocks, 1 juans
Imported t46n1943 (T46n1943): 1 blocks, 1 juans
WARN: X53n0844 第1卷: MD 段落 411 vs 索引 409
Imported x53n0844 (X53n0844): 409 blocks, 1 juans
Imported f28n1076 (F28n1076): 32 blocks, 1 juans
WARN: B06n0007 第1卷: MD 段落 1142 vs 索引 1084
Imported b06n0007 (B06n0007): 1084 blocks, 1 juans
Imported x48n0805 (X48n0805): 33 blocks, 1 juans
WARN: X48n0803 第1卷: MD 段落 221 vs 索引 218
Imported x48n0803 (X48n0803): 218 blocks, 1 juans
Import progress 2300/3911 sutras=2300 paragraphs=1266872
Imported x48n0802 (X48n0802): 16 blocks, 1 juans
Imported x48n0804 (X48n0804): 113 blocks, 1 juans
Imported x48n0799 (X48n0799): 252 blocks, 3 juans
Imported x21n0377 (X21n0377): 90 blocks, 1 juans
Imported x21n0379 (X21n0379): 91 blocks, 1 juans
WARN: X21n0375 第1卷: MD 段落 412 vs 索引 410
Imported x21n0375 (X21n0375): 970 blocks, 2 juans
Imported x21n0374 (X21n0374): 4 blocks, 1 juans
WARN: X21n0378 第1卷: MD 段落 96 vs 索引 95
Imported x21n0378 (X21n0378): 95 blocks, 1 juans
Imported x21n0372 (X21n0372): 479 blocks, 2 juans
WARN: X21n0373 第1卷: MD 段落 63 vs 索引 62
Imported x21n0373 (X21n0373): 218 blocks, 2 juans
Imported x21n0376 (X21n0376): 834 blocks, 1 juans
Imported g104n2275 (G104n2275): 75 blocks, 1 juans
WARN: X55n0899 第1卷: MD 段落 3 vs 索引 2
Imported x55n0899 (X55n0899): 2 blocks, 1 juans
Imported x55n0901 (X55n0901): 36 blocks, 1 juans
WARN: X55n0900 第1卷: MD 段落 47 vs 索引 44
Imported x55n0900 (X55n0900): 44 blocks, 1 juans
Imported b18n0099 (B18n0099): 64 blocks, 1 juans
Imported x53n0862 (X53n0862): 56 blocks, 1 juans
Imported x02n0188 (X02n0188): 8 blocks, 1 juans
Imported b25n0144 (B25n0144): 2040 blocks, 20 juans
Imported b25n0143 (B25n0143): 269 blocks, 1 juans
Imported c078n1720 (C078n1720): 8384 blocks, 21 juans
Imported b19n0103 (B19n0103): 7183 blocks, 30 juans
Imported b32n0183 (B32n0183): 79 blocks, 2 juans
Imported x55n0907 (X55n0907): 50 blocks, 1 juans
Imported x55n0908 (X55n0908): 9 blocks, 1 juans
Imported t46n1944 (T46n1944): 12 blocks, 1 juans
WARN: X37n0663 第1卷: MD 段落 6 vs 索引 5
Imported x37n0663 (X37n0663): 5 blocks, 1 juans
Imported g069n1977 (G069n1977): 8 blocks, 1 juans
Imported c059n1169 (C059n1169): 5778 blocks, 3 juans
Imported b18n0101 (B18n0101): 390 blocks, 1 juans
Imported lc07n0007 (LC07n0007): 1333 blocks, 11 juans
Imported lc08n0007 (LC08n0007): 1132 blocks, 10 juans
WARN: X18n0338 第1卷: MD 段落 187 vs 索引 185
Imported x18n0338 (X18n0338): 3551 blocks, 28 juans
WARN: X19n0348 第1卷: MD 段落 254 vs 索引 253
Imported x19n0348 (X19n0348): 4181 blocks, 12 juans
WARN: X19n0343 第1卷: MD 段落 123 vs 索引 122
Imported x19n0343 (X19n0343): 627 blocks, 5 juans
Imported x19n0349 (X19n0349): 1 blocks, 1 juans
WARN: X18n0340 第1卷: MD 段落 18 vs 索引 15
Imported x18n0340 (X18n0340): 34 blocks, 3 juans
Imported x19n0345 (X19n0345): 666 blocks, 2 juans
Imported x19n0347 (X19n0347): 70 blocks, 14 juans
Imported g103n2241 (G103n2241): 298 blocks, 3 juans
Imported b10n0052 (B10n0052): 8 blocks, 1 juans
WARN: CC001n0001 第6卷: MD 段落 64 vs 索引 62
Imported cc001n0001 (CC001n0001): 247 blocks, 6 juans
Imported x03n0221 (X03n0221): 2300 blocks, 13 juans
Imported b32n0191 (B32n0191): 54 blocks, 1 juans
Imported x41n0729 (X41n0729): 30 blocks, 1 juans
Imported f27n1050 (F27n1050): 2 blocks, 1 juans
WARN: B28n0155 第4卷: MD 段落 14 vs 索引 13
Imported b28n0155 (B28n0155): 216 blocks, 8 juans
Imported t45n1858 (T45n1858): 65 blocks, 1 juans
Imported t45n1860 (T45n1860): 589 blocks, 3 juans
Imported x54n0872 (X54n0872): 516 blocks, 3 juans
Import progress 2350/3911 sutras=2350 paragraphs=1310446
WARN: X54n0873 第1卷: MD 段落 118 vs 索引 117
WARN: X54n0873 第6卷: MD 段落 168 vs 索引 167
Imported x54n0873 (X54n0873): 607 blocks, 6 juans
Imported t45n1859 (T45n1859): 134 blocks, 3 juans
Imported x54n0866 (X54n0866): 160 blocks, 2 juans
Imported x54n0868 (X54n0868): 2 blocks, 1 juans
Imported k05n0016 (K05n0016): 56 blocks, 1 juans
Imported t45n1863 (T45n1863): 44 blocks, 4 juans
WARN: X26n0557 第1卷: MD 段落 91 vs 索引 89
Imported x26n0557 (X26n0557): 89 blocks, 1 juans
WARN: X26n0533 第1卷: MD 段落 121 vs 索引 119
Imported x26n0533 (X26n0533): 119 blocks, 1 juans
WARN: X26n0559 第1卷: MD 段落 155 vs 索引 152
Imported x26n0559 (X26n0559): 152 blocks, 1 juans
WARN: X26n0569 第1卷: MD 段落 129 vs 索引 128
Imported x26n0569 (X26n0569): 128 blocks, 1 juans
WARN: X26n0561 第1卷: MD 段落 12 vs 索引 10
Imported x26n0561 (X26n0561): 10 blocks, 1 juans
Imported x26n0567 (X26n0567): 18 blocks, 1 juans
Imported x26n0556 (X26n0556): 4 blocks, 1 juans
Imported x26n0525 (X26n0525): 1824 blocks, 3 juans
Imported x26n0566 (X26n0566): 205 blocks, 1 juans
WARN: X26n0558 第1卷: MD 段落 28 vs 索引 27
Imported x26n0558 (X26n0558): 27 blocks, 1 juans
Imported x26n0543 (X26n0543): 1 blocks, 1 juans
WARN: X26n0548 第1卷: MD 段落 32 vs 索引 31
Imported x26n0548 (X26n0548): 31 blocks, 1 juans
Imported x26n0572 (X26n0572): 54 blocks, 1 juans
WARN: X26n0545 第1卷: MD 段落 46 vs 索引 45
Imported x26n0545 (X26n0545): 45 blocks, 1 juans
WARN: X26n0549 第1卷: MD 段落 27 vs 索引 24
Imported x26n0549 (X26n0549): 24 blocks, 1 juans
Imported x26n0534 (X26n0534): 75 blocks, 1 juans
Imported x26n0536 (X26n0536): 17 blocks, 1 juans
WARN: X26n0553 第1卷: MD 段落 57 vs 索引 55
Imported x26n0553 (X26n0553): 55 blocks, 1 juans
WARN: X26n0560 第2卷: MD 段落 60 vs 索引 59
Imported x26n0560 (X26n0560): 59 blocks, 1 juans
Imported x26n0528 (X26n0528): 50 blocks, 1 juans
Imported x26n0532 (X26n0532): 481 blocks, 2 juans
Imported x26n0531 (X26n0531): 299 blocks, 3 juans
Imported x26n0521 (X26n0521): 51 blocks, 1 juans
Imported x26n0522 (X26n0522): 50 blocks, 1 juans
Imported x26n0529 (X26n0529): 30 blocks, 1 juans
WARN: X26n0530 第1卷: MD 段落 35 vs 索引 34
Imported x26n0530 (X26n0530): 34 blocks, 1 juans
WARN: X26n0551 第1卷: MD 段落 92 vs 索引 91
Imported x26n0551 (X26n0551): 91 blocks, 1 juans
WARN: X26n0542 第1卷: MD 段落 22 vs 索引 21
Imported x26n0542 (X26n0542): 21 blocks, 1 juans
Imported x26n0537 (X26n0537): 11 blocks, 1 juans
Imported x26n0538 (X26n0538): 10 blocks, 1 juans
Imported x26n0562 (X26n0562): 70 blocks, 1 juans
WARN: X26n0570 第1卷: MD 段落 36 vs 索引 35
Imported x26n0570 (X26n0570): 35 blocks, 1 juans
Imported x26n0535 (X26n0535): 91 blocks, 1 juans
Imported x26n0526 (X26n0526): 79 blocks, 1 juans
WARN: X26n0564 第1卷: MD 段落 40 vs 索引 39
Imported x26n0564 (X26n0564): 39 blocks, 1 juans
WARN: X26n0547 第1卷: MD 段落 42 vs 索引 41
Imported x26n0547 (X26n0547): 41 blocks, 1 juans
Imported x26n0571 (X26n0571): 35 blocks, 1 juans
Imported x26n0573 (X26n0573): 15 blocks, 1 juans
Imported x26n0574 (X26n0574): 209 blocks, 1 juans
Imported x26n0575 (X26n0575): 158 blocks, 2 juans
WARN: X26n0576 第1卷: MD 段落 48 vs 索引 46
Imported x26n0576 (X26n0576): 46 blocks, 1 juans
Imported x26n0568 (X26n0568): 100 blocks, 1 juans
Imported x26n0539 (X26n0539): 2 blocks, 1 juans
Imported x26n0546 (X26n0546): 1 blocks, 1 juans
Import progress 2400/3911 sutras=2400 paragraphs=1316435
WARN: X26n0563 第1卷: MD 段落 22 vs 索引 21
Imported x26n0563 (X26n0563): 21 blocks, 1 juans
Imported x26n0565 (X26n0565): 1 blocks, 1 juans
Imported x26n0554 (X26n0554): 11 blocks, 1 juans
WARN: X26n0544 第1卷: MD 段落 57 vs 索引 54
Imported x26n0544 (X26n0544): 54 blocks, 1 juans
WARN: X26n0541 第1卷: MD 段落 62 vs 索引 60
Imported x26n0541 (X26n0541): 60 blocks, 1 juans
WARN: X26n0540 第1卷: MD 段落 13 vs 索引 11
Imported x26n0540 (X26n0540): 11 blocks, 1 juans
Imported x26n0555 (X26n0555): 10 blocks, 1 juans
WARN: X26n0550 第1卷: MD 段落 46 vs 索引 45
Imported x26n0550 (X26n0550): 45 blocks, 1 juans
WARN: X26n0552 第1卷: MD 段落 53 vs 索引 50
Imported x26n0552 (X26n0552): 50 blocks, 1 juans
Imported cc005n0005 (CC005n0005): 64 blocks, 1 juans
Imported l153n1636 (L153n1636): 271 blocks, 4 juans
Imported t46n1953 (T46n1953): 1 blocks, 1 juans
Imported b08n0028 (B08n0028): 401 blocks, 1 juans
Imported b10n0051 (B10n0051): 37 blocks, 1 juans
Imported b10n0067 (B10n0067): 1192 blocks, 24 juans
Imported b10n0065 (B10n0065): 617 blocks, 6 juans
Imported b10n0066 (B10n0066): 369 blocks, 6 juans
Imported g148n2517 (G148n2517): 7 blocks, 1 juans
Imported b10n0054 (B10n0054): 1 blocks, 1 juans
Imported b10n0055 (B10n0055): 11 blocks, 1 juans
Imported b10n0049 (B10n0049): 10 blocks, 1 juans
Imported g148n2518 (G148n2518): 15 blocks, 1 juans
Imported c071n1665 (C071n1665): 53 blocks, 5 juans
Imported b08n0029 (B08n0029): 569 blocks, 5 juans
Imported t45n1906 (T45n1906): 10 blocks, 1 juans
Imported g104n2265 (G104n2265): 1 blocks, 1 juans
Imported t45n1907 (T45n1907): 11 blocks, 1 juans
WARN: T40n1814 第1卷: MD 段落 65 vs 索引 62
Imported t40n1814 (T40n1814): 184 blocks, 2 juans
WARN: X39n0702 第1卷: MD 段落 169 vs 索引 168
Imported x39n0702 (X39n0702): 168 blocks, 1 juans
Imported x38n0692 (X38n0692): 96 blocks, 1 juans
Imported t40n1811 (T40n1811): 94 blocks, 2 juans
Imported x39n0703 (X39n0703): 121 blocks, 1 juans
Imported g104n2271 (G104n2271): 37 blocks, 1 juans
Imported t45n1868 (T45n1868): 25 blocks, 1 juans
Imported t45n1890 (T45n1890): 31 blocks, 1 juans
Imported t45n1866 (T45n1866): 15 blocks, 4 juans
Imported t45n1887a (T45n1887A): 63 blocks, 1 juans
WARN: T45n1869 第1卷: MD 段落 46 vs 索引 40
WARN: T45n1869 第2卷: MD 段落 20 vs 索引 17
Imported t45n1869 (T45n1869): 57 blocks, 2 juans
Imported t45n1867 (T45n1867): 12 blocks, 1 juans
Imported x08n0236 (X08n0236): 2904 blocks, 40 juans
Imported t45n1883 (T45n1883): 105 blocks, 2 juans
Imported t45n1878 (T45n1878): 146 blocks, 1 juans
Imported t45n1872 (T45n1872): 14 blocks, 1 juans
Imported x09n0242 (X09n0242): 57 blocks, 1 juans
Imported x03n0218 (X03n0218): 38 blocks, 1 juans
WARN: T45n1870 第1卷: MD 段落 20 vs 索引 19
WARN: T45n1870 第2卷: MD 段落 53 vs 索引 50
WARN: T45n1870 第4卷: MD 段落 59 vs 索引 58
Imported t45n1870 (T45n1870): 176 blocks, 4 juans
WARN: X04n0223 第1卷: MD 段落 213 vs 索引 209
Imported x04n0223 (X04n0223): 4698 blocks, 120 juans
WARN: X04n0225 第1卷: MD 段落 58 vs 索引 56
Imported x04n0225 (X04n0225): 244 blocks, 4 juans
WARN: X05n0226 第3卷: MD 段落 61 vs 索引 60
Imported x05n0226 (X05n0226): 310 blocks, 3 juans
WARN: X08n0239 第1卷: MD 段落 71 vs 索引 69
Imported x08n0239 (X08n0239): 249 blocks, 3 juans
Import progress 2450/3911 sutras=2450 paragraphs=1330182
Imported t45n1873 (T45n1873): 175 blocks, 2 juans
Imported x08n0237 (X08n0237): 885 blocks, 4 juans
WARN: X03n0211 第6卷: MD 段落 71 vs 索引 62
Imported x03n0211 (X03n0211): 62 blocks, 1 juans
Imported t45n1871 (T45n1871): 12 blocks, 1 juans
Imported t45n1874 (T45n1874): 46 blocks, 2 juans
Imported x05n0230 (X05n0230): 2 blocks, 1 juans
Imported x07n0234 (X07n0234): 16399 blocks, 58 juans
Imported x05n0231 (X05n0231): 2 blocks, 2 juans
Imported b03n0002 (B03n0002): 6624 blocks, 46 juans
Imported b04n0002 (B04n0002): 5565 blocks, 39 juans
Imported b05n0002 (B05n0002): 5381 blocks, 35 juans
Imported x05n0232 (X05n0232): 2299 blocks, 9 juans
Imported x09n0241 (X09n0241): 159 blocks, 1 juans
Imported x03n0220 (X03n0220): 16 blocks, 1 juans
Imported t45n1875 (T45n1875): 136 blocks, 1 juans
Imported x05n0227 (X05n0227): 2810 blocks, 10 juans
WARN: X05n0229 第1卷: MD 段落 73 vs 索引 72
Imported x05n0229 (X05n0229): 1286 blocks, 6 juans
Imported x08n0238 (X08n0238): 189 blocks, 1 juans
Imported x08n0235 (X08n0235): 1063 blocks, 5 juans
Imported x03n0208 (X03n0208): 125 blocks, 1 juans
Imported b32n0190 (B32n0190): 7 blocks, 1 juans
Imported t45n1881 (T45n1881): 94 blocks, 1 juans
Imported t45n1879a (T45n1879a): 8 blocks, 1 juans
WARN: X08n0240 第1卷: MD 段落 38 vs 索引 36
Imported x08n0240 (X08n0240): 4624 blocks, 44 juans
Imported x09n0240 (X09n0240): 1740 blocks, 36 juans
Imported b32n0180 (B32n0180): 4 blocks, 1 juans
Imported t45n1877 (T45n1877): 24 blocks, 1 juans
Imported t45n1879b (T45n1879b): 7 blocks, 1 juans
WARN: B24n0135 第1卷: MD 段落 207 vs 索引 205
WARN: B24n0135 第9卷: MD 段落 12 vs 索引 10
WARN: B24n0135 第13卷: MD 段落 18 vs 索引 17
WARN: B24n0135 第15卷: MD 段落 276 vs 索引 275
Imported b24n0135 (B24n0135): 591 blocks, 13 juans
Imported b11n0071 (B11n0071): 168 blocks, 15 juans
Imported b14n0084 (B14n0084): 103 blocks, 1 juans
WARN: X21n0381 第1卷: MD 段落 225 vs 索引 223
Imported x21n0381 (X21n0381): 223 blocks, 1 juans
Imported x56n0946 (X56n0946): 33 blocks, 1 juans
Imported x44n0741 (X44n0741): 62 blocks, 1 juans
Imported x55n0884 (X55n0884): 752 blocks, 1 juans
Imported g104n2274 (G104n2274): 1 blocks, 1 juans
Imported lc03n0003 (LC03n0003): 639 blocks, 14 juans
Imported b09n0035 (B09n0035): 213 blocks, 1 juans
Imported b10n0056 (B10n0056): 76 blocks, 1 juans
Imported b11n0075 (B11n0075): 324 blocks, 26 juans
Imported x01n0012 (X01n0012): 20 blocks, 1 juans
Imported x01n0034 (X01n0034): 2 blocks, 1 juans
Imported x55n0912 (X55n0912): 11 blocks, 1 juans
Imported t46n1920 (T46n1920): 6 blocks, 1 juans
Imported t46n1921 (T46n1921): 8 blocks, 5 juans
Imported x55n0911 (X55n0911): 1 blocks, 1 juans
Imported x51n0830 (X51n0830): 49 blocks, 1 juans
Imported x51n0831 (X51n0831): 76 blocks, 1 juans
Imported x51n0833 (X51n0833): 147 blocks, 1 juans
WARN: X51n0832 第1卷: MD 段落 232 vs 索引 228
Imported x51n0832 (X51n0832): 228 blocks, 1 juans
Import progress 2500/3911 sutras=2500 paragraphs=1383659
Imported b09n0039 (B09n0039): 515 blocks, 1 juans
WARN: X17n0326 第1卷: MD 段落 201 vs 索引 199
WARN: X17n0326 第8卷: MD 段落 240 vs 索引 239
Imported x17n0326 (X17n0326): 2047 blocks, 8 juans
WARN: X22n0412 第1卷: MD 段落 103 vs 索引 101
Imported x22n0412 (X22n0412): 101 blocks, 1 juans
Imported x22n0407 (X22n0407): 1310 blocks, 5 juans
Imported x22n0414 (X22n0414): 13 blocks, 1 juans
Imported x22n0408 (X22n0408): 20 blocks, 1 juans
Imported x22n0410 (X22n0410): 75 blocks, 1 juans
WARN: X22n0406 第1卷: MD 段落 30 vs 索引 28
Imported x22n0406 (X22n0406): 28 blocks, 1 juans
WARN: X22n0413 第1卷: MD 段落 297 vs 索引 296
Imported x22n0413 (X22n0413): 512 blocks, 2 juans
WARN: X22n0411 第1卷: MD 段落 20 vs 索引 19
Imported x22n0411 (X22n0411): 68 blocks, 3 juans
WARN: X23n0447 第1卷: MD 段落 70 vs 索引 68
Imported x23n0447 (X23n0447): 184 blocks, 2 juans
Imported t46n1952 (T46n1952): 19 blocks, 1 juans
Imported l135n1571 (L135n1571): 19 blocks, 1 juans
Imported f24n0761 (F24n0761): 2 blocks, 1 juans
WARN: X35n0647 第1卷: MD 段落 65 vs 索引 63
Imported x35n0647 (X35n0647): 63 blocks, 1 juans
Imported x35n0646 (X35n0646): 76 blocks, 1 juans
Imported x35n0642 (X35n0642): 1762 blocks, 4 juans
WARN: X35n0641 第1卷: MD 段落 6 vs 索引 4
Imported x35n0641 (X35n0641): 4 blocks, 1 juans
Imported x35n0645 (X35n0645): 1665 blocks, 4 juans
Imported x35n0643 (X35n0643): 2 blocks, 1 juans
Imported x21n0369 (X21n0369): 2557 blocks, 9 juans
Imported cc003n0003 (CC003n0003): 809 blocks, 6 juans
Imported t45n1888 (T45n1888): 15 blocks, 1 juans
Imported x50n0817 (X50n0817): 122 blocks, 1 juans
Imported x56n0927 (X56n0927): 875 blocks, 1 juans
Imported t45n1884 (T45n1884): 221 blocks, 1 juans
Imported t45n1885 (T45n1885): 299 blocks, 2 juans
Imported t45n1903 (T45n1903): 17 blocks, 1 juans
Imported t46n1949 (T46n1949): 56 blocks, 1 juans
WARN: P180n1612 第47卷: MD 段落 6 vs 索引 5
Imported p180n1612 (P180n1612): 6279 blocks, 32 juans
Imported p179n1612 (P179n1612): 3701 blocks, 18 juans
Imported p181n1612 (P181n1612): 157 blocks, 1 juans
Imported p178n1611 (P178n1611): 561 blocks, 21 juans
Imported p179n1611 (P179n1611): 1485 blocks, 2 juans
Imported b32n0181 (B32n0181): 12 blocks, 1 juans
Imported t46n1923 (T46n1923): 21 blocks, 2 juans
Imported t45n1901 (T45n1901): 1 blocks, 1 juans
Imported b17n0093 (B17n0093): 1489 blocks, 6 juans
Imported b10n0062 (B10n0062): 32 blocks, 1 juans
Imported x44n0740 (X44n0740): 41 blocks, 1 juans
Imported x44n0742 (X44n0742): 5 blocks, 1 juans
Imported x45n0754 (X45n0754): 11 blocks, 1 juans
Imported x45n0759 (X45n0759): 23 blocks, 2 juans
WARN: X45n0763 第1卷: MD 段落 94 vs 索引 92
WARN: X45n0763 第2卷: MD 段落 159 vs 索引 158
Imported x45n0763 (X45n0763): 250 blocks, 2 juans
WARN: X45n0757 第1卷: MD 段落 36 vs 索引 35
Imported x45n0757 (X45n0757): 286 blocks, 6 juans
WARN: X45n0768 第1卷: MD 段落 280 vs 索引 279
Imported x45n0768 (X45n0768): 5340 blocks, 10 juans
WARN: X45n0767 第1卷: MD 段落 89 vs 索引 84
Imported x45n0767 (X45n0767): 84 blocks, 1 juans
WARN: X45n0766 第1卷: MD 段落 233 vs 索引 231
Imported x45n0766 (X45n0766): 530 blocks, 2 juans
Imported x45n0762 (X45n0762): 212 blocks, 2 juans
WARN: X45n0764 第1卷: MD 段落 204 vs 索引 202
Imported x45n0764 (X45n0764): 375 blocks, 2 juans
Import progress 2550/3911 sutras=2550 paragraphs=1418010
Imported x45n0755 (X45n0755): 121 blocks, 1 juans
Imported b07n0011 (B07n0011): 28 blocks, 1 juans
Imported b10n0048 (B10n0048): 274 blocks, 5 juans
Imported b09n0034 (B09n0034): 12 blocks, 1 juans
Imported x01n0028 (X01n0028): 4 blocks, 1 juans
Imported b26n0150 (B26n0150): 5 blocks, 1 juans
Imported b24n0136 (B24n0136): 477 blocks, 6 juans
WARN: X37n0665 第1卷: MD 段落 314 vs 索引 311
Imported x37n0665 (X37n0665): 311 blocks, 1 juans
WARN: X37n0666 第1卷: MD 段落 93 vs 索引 92
Imported x37n0666 (X37n0666): 92 blocks, 1 juans
WARN: X53n0845 第1卷: MD 段落 661 vs 索引 659
Imported x53n0845 (X53n0845): 659 blocks, 1 juans
Imported x53n0846 (X53n0846): 228 blocks, 3 juans
Imported b17n0090 (B17n0090): 212 blocks, 6 juans
Imported x40n0715 (X40n0715): 39 blocks, 1 juans
Imported t46n1922 (T46n1922): 6 blocks, 1 juans
Imported x45n0771 (X45n0771): 618 blocks, 2 juans
Imported x46n0773 (X46n0773): 3 blocks, 1 juans
Imported x45n0770 (X45n0770): 12 blocks, 1 juans
Imported x46n0774 (X46n0774): 621 blocks, 6 juans
WARN: X45n0772 第1卷: MD 段落 157 vs 索引 156
Imported x45n0772 (X45n0772): 3190 blocks, 5 juans
WARN: X46n0775 第1卷: MD 段落 168 vs 索引 167
Imported x46n0775 (X46n0775): 726 blocks, 4 juans
WARN: F28n1071 第2卷: MD 段落 8 vs 索引 7
WARN: F28n1071 第8卷: MD 段落 29 vs 索引 21
WARN: F28n1071 第10卷: MD 段落 46 vs 索引 43
WARN: F28n1071 第11卷: MD 段落 40 vs 索引 35
WARN: F28n1071 第12卷: MD 段落 55 vs 索引 54
WARN: F28n1071 第13卷: MD 段落 8 vs 索引 6
WARN: F28n1071 第18卷: MD 段落 17 vs 索引 15
WARN: F28n1071 第20卷: MD 段落 47 vs 索引 45
WARN: F28n1071 第21卷: MD 段落 48 vs 索引 47
WARN: F28n1071 第22卷: MD 段落 14 vs 索引 12
WARN: F28n1071 第26卷: MD 段落 26 vs 索引 23
WARN: F28n1071 第27卷: MD 段落 22 vs 索引 21
WARN: F28n1071 第28卷: MD 段落 19 vs 索引 18
Imported f28n1071 (F28n1071): 745 blocks, 30 juans
WARN: B33n0192 第6卷: MD 段落 26 vs 索引 25
WARN: B33n0192 第9卷: MD 段落 67 vs 索引 66
WARN: B33n0192 第39卷: MD 段落 77 vs 索引 76
WARN: B33n0192 第40卷: MD 段落 31 vs 索引 30
WARN: B33n0192 第45卷: MD 段落 221 vs 索引 220
Imported b33n0192 (B33n0192): 2687 blocks, 45 juans
Imported b13n0079 (B13n0079): 7486 blocks, 24 juans
WARN: T46n1916 第1卷: MD 段落 145 vs 索引 144
WARN: T46n1916 第2卷: MD 段落 129 vs 索引 128
WARN: T46n1916 第3卷: MD 段落 160 vs 索引 158
Imported t46n1916 (T46n1916): 1265 blocks, 10 juans
Imported f28n1082 (F28n1082): 1 blocks, 1 juans
WARN: X22n0405 第1卷: MD 段落 58 vs 索引 57
Imported x22n0405 (X22n0405): 57 blocks, 1 juans
Imported t46n1947 (T46n1947): 74 blocks, 1 juans
Imported g150n2551 (G150n2551): 16 blocks, 3 juans
Imported b09n0043 (B09n0043): 1626 blocks, 9 juans
WARN: T45n1896 第1卷: MD 段落 19 vs 索引 17
Imported t45n1896 (T45n1896): 27 blocks, 2 juans
Imported g104n2267 (G104n2267): 74 blocks, 1 juans
Imported g104n2269 (G104n2269): 24 blocks, 1 juans
Imported t45n1894 (T45n1894): 16 blocks, 1 juans
WARN: B30n0163 第3卷: MD 段落 59 vs 索引 57
WARN: B30n0163 第4卷: MD 段落 37 vs 索引 35
WARN: B30n0163 第7卷: MD 段落 56 vs 索引 54
WARN: B30n0163 第8卷: MD 段落 681 vs 索引 669
Imported b30n0163 (B30n0163): 1247 blocks, 8 juans
WARN: X40n0719 第1卷: MD 段落 180 vs 索引 174
WARN: X40n0719 第17卷: MD 段落 257 vs 索引 256
Imported x40n0719 (X40n0719): 3193 blocks, 17 juans
Imported l162n1666 (L162n1666): 6 blocks, 1 juans
Imported t45n1895 (T45n1895): 209 blocks, 2 juans
WARN: T46n1945 第1卷: MD 段落 64 vs 索引 57
Imported t46n1945 (T46n1945): 57 blocks, 1 juans
Imported t46n1946 (T46n1946): 50 blocks, 1 juans
Imported x20n0358 (X20n0358): 5061 blocks, 8 juans
Imported x20n0360 (X20n0360): 495 blocks, 7 juans
Imported x20n0357 (X20n0357): 42 blocks, 1 juans
WARN: X20n0361 第1卷: MD 段落 337 vs 索引 336
Imported x20n0361 (X20n0361): 689 blocks, 2 juans
Imported x20n0356 (X20n0356): 1151 blocks, 2 juans
Imported x20n0355 (X20n0355): 3 blocks, 1 juans
Imported x20n0359 (X20n0359): 1068 blocks, 3 juans
WARN: X20n0362 第1卷: MD 段落 357 vs 索引 356
WARN: X20n0362 第4卷: MD 段落 194 vs 索引 193
Imported x20n0362 (X20n0362): 875 blocks, 4 juans
WARN: X35n0651 第1卷: MD 段落 64 vs 索引 63
WARN: X35n0651 第4卷: MD 段落 114 vs 索引 113
Imported x35n0651 (X35n0651): 341 blocks, 4 juans
WARN: X35n0652 第1卷: MD 段落 147 vs 索引 144
WARN: X35n0652 第12卷: MD 段落 126 vs 索引 125
Imported x35n0652 (X35n0652): 1055 blocks, 12 juans
WARN: X25n0487 第1卷: MD 段落 397 vs 索引 393
Imported x25n0487 (X25n0487): 915 blocks, 2 juans
Import progress 2600/3911 sutras=2600 paragraphs=1456203
Imported x24n0466 (X24n0466): 279 blocks, 1 juans
Imported x25n0472 (X25n0472): 224 blocks, 2 juans
Imported x24n0460 (X24n0460): 3 blocks, 1 juans
WARN: X25n0484 第1卷: MD 段落 12 vs 索引 11
Imported x25n0484 (X25n0484): 11 blocks, 1 juans
Imported x25n0501 (X25n0501): 271 blocks, 2 juans
WARN: X25n0485 第1卷: MD 段落 311 vs 索引 305
Imported x25n0485 (X25n0485): 305 blocks, 1 juans
WARN: X25n0471 第1卷: MD 段落 68 vs 索引 67
Imported x25n0471 (X25n0471): 524 blocks, 7 juans
WARN: X25n0504 第1卷: MD 段落 709 vs 索引 703
WARN: X25n0504 第2卷: MD 段落 426 vs 索引 425
Imported x25n0504 (X25n0504): 1128 blocks, 2 juans
WARN: X25n0505 第1卷: MD 段落 321 vs 索引 320
Imported x25n0505 (X25n0505): 493 blocks, 2 juans
WARN: X25n0510 第1卷: MD 段落 451 vs 索引 450
Imported x25n0510 (X25n0510): 666 blocks, 2 juans
WARN: X24n0462 第1卷: MD 段落 128 vs 索引 127
Imported x24n0462 (X24n0462): 339 blocks, 2 juans
WARN: X25n0486 第1卷: MD 段落 428 vs 索引 427
Imported x25n0486 (X25n0486): 427 blocks, 1 juans
WARN: X25n0477 第1卷: MD 段落 8 vs 索引 7
Imported x25n0477 (X25n0477): 7 blocks, 1 juans
Imported x25n0498 (X25n0498): 193 blocks, 2 juans
WARN: X25n0474 第1卷: MD 段落 153 vs 索引 152
Imported x25n0474 (X25n0474): 152 blocks, 1 juans
WARN: X25n0499 第1卷: MD 段落 237 vs 索引 236
Imported x25n0499 (X25n0499): 874 blocks, 8 juans
WARN: X25n0500 第1卷: MD 段落 244 vs 索引 242
Imported x25n0500 (X25n0500): 442 blocks, 2 juans
WARN: X25n0506 第1卷: MD 段落 33 vs 索引 32
Imported x25n0506 (X25n0506): 62 blocks, 2 juans
WARN: X25n0503 第1卷: MD 段落 121 vs 索引 120
Imported x25n0503 (X25n0503): 120 blocks, 1 juans
WARN: X25n0490 第1卷: MD 段落 109 vs 索引 108
Imported x25n0490 (X25n0490): 108 blocks, 1 juans
WARN: X25n0495 第1卷: MD 段落 269 vs 索引 266
Imported x25n0495 (X25n0495): 266 blocks, 1 juans
WARN: X25n0482 第1卷: MD 段落 205 vs 索引 204
Imported x25n0482 (X25n0482): 204 blocks, 1 juans
Imported x25n0481 (X25n0481): 33 blocks, 1 juans
WARN: X25n0492 第1卷: MD 段落 10 vs 索引 8
Imported x25n0492 (X25n0492): 8 blocks, 1 juans
Imported x25n0491 (X25n0491): 4643 blocks, 10 juans
WARN: X25n0496 第1卷: MD 段落 112 vs 索引 111
Imported x25n0496 (X25n0496): 111 blocks, 1 juans
WARN: X25n0497 第1卷: MD 段落 399 vs 索引 394
Imported x25n0497 (X25n0497): 394 blocks, 1 juans
Imported x25n0479 (X25n0479): 161 blocks, 1 juans
WARN: X25n0478 第1卷: MD 段落 184 vs 索引 182
Imported x25n0478 (X25n0478): 182 blocks, 1 juans
WARN: X25n0476 第1卷: MD 段落 196 vs 索引 194
Imported x25n0476 (X25n0476): 194 blocks, 1 juans
Imported x24n0469 (X24n0469): 267 blocks, 2 juans
Imported x25n0480 (X25n0480): 12 blocks, 1 juans
WARN: X24n0459 第1卷: MD 段落 111 vs 索引 110
WARN: X24n0459 第2卷: MD 段落 157 vs 索引 154
Imported x24n0459 (X24n0459): 264 blocks, 2 juans
WARN: X25n0509 第1卷: MD 段落 130 vs 索引 129
Imported x25n0509 (X25n0509): 213 blocks, 2 juans
Imported x25n0507 (X25n0507): 5 blocks, 1 juans
WARN: X24n0454 第1卷: MD 段落 469 vs 索引 468
Imported x24n0454 (X24n0454): 468 blocks, 1 juans
WARN: X24n0461 第1卷: MD 段落 188 vs 索引 187
Imported x24n0461 (X24n0461): 662 blocks, 3 juans
WARN: X25n0489 第1卷: MD 段落 331 vs 索引 329
Imported x25n0489 (X25n0489): 329 blocks, 1 juans
WARN: X24n0456 第1卷: MD 段落 213 vs 索引 212
Imported x24n0456 (X24n0456): 497 blocks, 3 juans
WARN: X24n0468 第1卷: MD 段落 214 vs 索引 212
WARN: X24n0468 第4卷: MD 段落 259 vs 索引 257
Imported x24n0468 (X24n0468): 971 blocks, 4 juans
WARN: X24n0470 第1卷: MD 段落 80 vs 索引 79
Imported x24n0470 (X24n0470): 199 blocks, 2 juans
Imported x25n0502 (X25n0502): 1879 blocks, 2 juans
WARN: X25n0494 第1卷: MD 段落 205 vs 索引 202
Imported x25n0494 (X25n0494): 202 blocks, 1 juans
WARN: X25n0488 第1卷: MD 段落 210 vs 索引 209
Imported x25n0488 (X25n0488): 209 blocks, 1 juans
WARN: X25n0493 第1卷: MD 段落 160 vs 索引 159
Imported x25n0493 (X25n0493): 270 blocks, 2 juans
Imported x24n0464 (X24n0464): 567 blocks, 2 juans
Imported x24n0465 (X24n0465): 76 blocks, 1 juans
Imported x25n0473 (X25n0473): 16 blocks, 1 juans
WARN: X25n0475 第1卷: MD 段落 210 vs 索引 209
Imported x25n0475 (X25n0475): 434 blocks, 2 juans
WARN: X25n0508 第1卷: MD 段落 67 vs 索引 65
WARN: X25n0508 第2卷: MD 段落 43 vs 索引 42
Imported x25n0508 (X25n0508): 107 blocks, 2 juans
Import progress 2650/3911 sutras=2650 paragraphs=1476674
WARN: X25n0483 第1卷: MD 段落 267 vs 索引 264
Imported x25n0483 (X25n0483): 264 blocks, 1 juans
Imported b07n0023 (B07n0023): 1942 blocks, 5 juans
Imported b21n0116 (B21n0116): 1049 blocks, 1 juans
Imported f03n0100 (F03n0100): 431 blocks, 1 juans
Imported t46n1932 (T46n1932): 41 blocks, 1 juans
Imported x56n0933 (X56n0933): 2 blocks, 1 juans
Imported x56n0934 (X56n0934): 1 blocks, 1 juans
WARN: X56n0932 第1卷: MD 段落 253 vs 索引 252
WARN: X56n0932 第2卷: MD 段落 278 vs 索引 277
Imported x56n0932 (X56n0932): 529 blocks, 2 juans
Imported x56n0936 (X56n0936): 43 blocks, 1 juans
Imported x56n0937 (X56n0937): 161 blocks, 3 juans
Imported x56n0935 (X56n0935): 197 blocks, 4 juans
Imported x46n0777 (X46n0777): 103 blocks, 1 juans
WARN: X57n0950 第1卷: MD 段落 84 vs 索引 83
WARN: X57n0950 第2卷: MD 段落 28 vs 索引 24
Imported x57n0950 (X57n0950): 156 blocks, 3 juans
Imported t45n1880 (T45n1880): 107 blocks, 1 juans
WARN: B29n0160 第16卷: MD 段落 77 vs 索引 76
WARN: B29n0160 第34卷: MD 段落 67 vs 索引 66
Imported b29n0160 (B29n0160): 4343 blocks, 53 juans
WARN: X24n0467 第1卷: MD 段落 162 vs 索引 161
WARN: X24n0467 第9卷: MD 段落 265 vs 索引 264
Imported x24n0467 (X24n0467): 1259 blocks, 9 juans
WARN: X56n0949 第1卷: MD 段落 13 vs 索引 11
Imported x56n0949 (X56n0949): 612 blocks, 41 juans
WARN: X37n0674 第1卷: MD 段落 79 vs 索引 76
Imported x37n0674 (X37n0674): 514 blocks, 14 juans
WARN: T45n1892 第1卷: MD 段落 127 vs 索引 125
Imported t45n1892 (T45n1892): 125 blocks, 1 juans
Imported b24n0134 (B24n0134): 47 blocks, 2 juans
Imported b11n0072 (B11n0072): 128 blocks, 5 juans
WARN: X22n0421 第1卷: MD 段落 388 vs 索引 387
Imported x22n0421 (X22n0421): 387 blocks, 1 juans
WARN: X22n0429 第1卷: MD 段落 43 vs 索引 41
Imported x22n0429 (X22n0429): 41 blocks, 1 juans
Imported x22n0435 (X22n0435): 162 blocks, 1 juans
WARN: X22n0422 第1卷: MD 段落 352 vs 索引 351
Imported x22n0422 (X22n0422): 351 blocks, 1 juans
WARN: X22n0423 第1卷: MD 段落 485 vs 索引 484
Imported x22n0423 (X22n0423): 1004 blocks, 2 juans
WARN: X22n0431 第1卷: MD 段落 355 vs 索引 353
Imported x22n0431 (X22n0431): 353 blocks, 1 juans
Imported x01n0006 (X01n0006): 3 blocks, 1 juans
WARN: X22n0424 第1卷: MD 段落 220 vs 索引 219
Imported x22n0424 (X22n0424): 1208 blocks, 4 juans
Imported x22n0425 (X22n0425): 194 blocks, 1 juans
Imported x22n0426 (X22n0426): 96 blocks, 1 juans
WARN: X22n0428 第1卷: MD 段落 420 vs 索引 419
Imported x22n0428 (X22n0428): 419 blocks, 1 juans
WARN: X22n0427 第4卷: MD 段落 485 vs 索引 484
Imported x22n0427 (X22n0427): 2612 blocks, 4 juans
Imported x22n0434 (X22n0434): 312 blocks, 1 juans
Imported x22n0433 (X22n0433): 18 blocks, 1 juans
WARN: X22n0420 第1卷: MD 段落 352 vs 索引 351
Imported x22n0420 (X22n0420): 1042 blocks, 3 juans
WARN: X22n0430 第1卷: MD 段落 343 vs 索引 341
WARN: X22n0430 第3卷: MD 段落 365 vs 索引 364
Imported x22n0430 (X22n0430): 1039 blocks, 3 juans
Imported x22n0432 (X22n0432): 319 blocks, 1 juans
Imported b07n0025 (B07n0025): 375 blocks, 1 juans
Imported x02n0190 (X02n0190): 23 blocks, 1 juans
Imported b28n0158 (B28n0158): 180 blocks, 1 juans
Imported b07n0020 (B07n0020): 64 blocks, 1 juans
Imported x55n0903 (X55n0903): 16 blocks, 1 juans
Imported b10n0053 (B10n0053): 1 blocks, 1 juans
Imported b09n0040 (B09n0040): 481 blocks, 6 juans
Imported b09n0037 (B09n0037): 418 blocks, 1 juans
Imported g150n2550 (G150n2550): 70 blocks, 1 juans
WARN: B14n0081 第6卷: MD 段落 185 vs 索引 182
WARN: B14n0081 第8卷: MD 段落 43 vs 索引 42
Imported b14n0081 (B14n0081): 317 blocks, 8 juans
Imported x48n0796 (X48n0796): 1129 blocks, 10 juans
Imported b24n0140 (B24n0140): 944 blocks, 10 juans
Import progress 2700/3911 sutras=2700 paragraphs=1502306
Imported l153n1638 (L153n1638): 600 blocks, 6 juans
Imported l154n1638 (L154n1638): 301 blocks, 4 juans
Imported b23n0130 (B23n0130): 234 blocks, 1 juans
Imported g104n2278 (G104n2278): 28 blocks, 1 juans
Imported x53n0843 (X53n0843): 1200 blocks, 2 juans
Imported b35n0195 (B35n0195): 223 blocks, 1 juans
Imported b10n0060 (B10n0060): 38 blocks, 1 juans
WARN: T46n1955 第2卷: MD 段落 44 vs 索引 43
Imported t46n1955 (T46n1955): 69 blocks, 2 juans
Imported b32n0184 (B32n0184): 192 blocks, 2 juans
Imported p168n1581 (P168n1581): 4386 blocks, 30 juans
Imported x02n0206 (X02n0206): 11 blocks, 1 juans
Imported f29n1098 (F29n1098): 17 blocks, 1 juans
WARN: B18n0098 第1卷: MD 段落 148 vs 索引 142
WARN: B18n0098 第2卷: MD 段落 213 vs 索引 202
WARN: B18n0098 第3卷: MD 段落 202 vs 索引 196
Imported b18n0098 (B18n0098): 540 blocks, 3 juans
WARN: X35n0648 第1卷: MD 段落 147 vs 索引 144
Imported x35n0648 (X35n0648): 144 blocks, 1 juans
WARN: K38n1402 第3卷: MD 段落 20 vs 索引 19
WARN: K38n1402 第4卷: MD 段落 41 vs 索引 39
WARN: K38n1402 第5卷: MD 段落 62 vs 索引 61
WARN: K38n1402 第15卷: MD 段落 22 vs 索引 21
WARN: K38n1402 第18卷: MD 段落 11 vs 索引 10
WARN: K38n1402 第20卷: MD 段落 53 vs 索引 51
WARN: K38n1402 第22卷: MD 段落 103 vs 索引 101
WARN: K38n1402 第23卷: MD 段落 173 vs 索引 172
WARN: K38n1402 第26卷: MD 段落 22 vs 索引 20
WARN: K38n1402 第27卷: MD 段落 30 vs 索引 29
WARN: K38n1402 第29卷: MD 段落 57 vs 索引 56
WARN: K38n1402 第30卷: MD 段落 148 vs 索引 146
Imported k38n1402 (K38n1402): 1375 blocks, 30 juans
Imported t45n1856 (T45n1856): 63 blocks, 3 juans
Imported b26n0149 (B26n0149): 395 blocks, 5 juans
Imported t03n0183 (T03n0183): 30 blocks, 1 juans
Imported t04n0196 (T04n0196): 167 blocks, 2 juans
Imported t03n0181a (T03n0181a): 30 blocks, 1 juans
Imported t04n0199 (T04n0199): 32 blocks, 1 juans
Imported t04n0192 (T04n0192): 31 blocks, 1 juans
Imported t04n0193 (T04n0193): 72 blocks, 1 juans
WARN: T03n0190 第47卷: MD 段落 52 vs 索引 51
WARN: T03n0190 第50卷: MD 段落 32 vs 索引 31
WARN: T03n0190 第57卷: MD 段落 70 vs 索引 69
Imported t03n0190 (T03n0190): 3514 blocks, 60 juans
Imported t03n0181b (T03n0181b): 19 blocks, 1 juans
Imported t04n0195 (T04n0195): 28 blocks, 1 juans
Imported t03n0175b (T03n0175b): 19 blocks, 1 juans
Imported t03n0175c (T03n0175c): 20 blocks, 1 juans
Imported t04n0198 (T04n0198): 216 blocks, 2 juans
Imported t04n0197 (T04n0197): 208 blocks, 2 juans
Imported t03n0182b (T03n0182b): 34 blocks, 1 juans
Imported t03n0184 (T03n0184): 121 blocks, 2 juans
Imported t04n0194 (T04n0194): 497 blocks, 3 juans
Imported t03n0152 (T03n0152): 418 blocks, 8 juans
Imported t04n0212 (T04n0212): 1901 blocks, 30 juans
Imported t03n0178 (T03n0178): 21 blocks, 1 juans
WARN: T03n0158 第1卷: MD 段落 110 vs 索引 109
WARN: T03n0158 第3卷: MD 段落 37 vs 索引 36
WARN: T03n0158 第4卷: MD 段落 50 vs 索引 46
WARN: T03n0158 第5卷: MD 段落 45 vs 索引 44
Imported t03n0158 (T03n0158): 407 blocks, 8 juans
Imported t03n0159 (T03n0159): 246 blocks, 8 juans
Imported t03n0177 (T03n0177): 15 blocks, 1 juans
Imported t03n0156 (T03n0156): 474 blocks, 7 juans
Imported t04n0201 (T04n0201): 1017 blocks, 15 juans
Imported t04n0216 (T04n0216): 22 blocks, 1 juans
Imported t03n0168 (T03n0168): 12 blocks, 1 juans
Imported t03n0167 (T03n0167): 20 blocks, 1 juans
Imported t03n0185 (T03n0185): 96 blocks, 2 juans
Imported t03n0171 (T03n0171): 39 blocks, 1 juans
Imported t03n0163 (T03n0163): 15 blocks, 1 juans
Imported t03n0176 (T03n0176): 24 blocks, 1 juans
Imported t03n0164 (T03n0164): 3 blocks, 1 juans
Imported t03n0170 (T03n0170): 74 blocks, 1 juans
Import progress 2750/3911 sutras=2750 paragraphs=1521964
Imported t03n0157 (T03n0157): 538 blocks, 10 juans
Imported t04n0200 (T04n0200): 374 blocks, 10 juans
Imported t03n0187 (T03n0187): 636 blocks, 12 juans
Imported t03n0186 (T03n0186): 531 blocks, 8 juans
Imported t03n0166 (T03n0166): 37 blocks, 1 juans
Imported t03n0169 (T03n0169): 13 blocks, 1 juans
Imported t04n0210 (T04n0210): 127 blocks, 2 juans
Imported t04n0211 (T04n0211): 342 blocks, 4 juans
Imported t04n0213 (T04n0213): 137 blocks, 1 juans
Imported t04n0218 (T04n0218): 2 blocks, 1 juans
Imported t04n0214 (T04n0214): 17 blocks, 1 juans
Imported t03n0154 (T03n0154): 534 blocks, 5 juans
Imported t03n0188 (T03n0188): 57 blocks, 1 juans
Imported t04n0209 (T04n0209): 109 blocks, 4 juans
Imported t04n0208 (T04n0208): 45 blocks, 2 juans
Imported t03n0191 (T03n0191): 385 blocks, 13 juans
Imported t03n0175a (T03n0175a): 20 blocks, 1 juans
Imported t03n0173 (T03n0173): 77 blocks, 4 juans
Imported t04n0215 (T04n0215): 7 blocks, 1 juans
Imported t04n0206 (T04n0206): 73 blocks, 2 juans
Imported t03n0172 (T03n0172): 44 blocks, 1 juans
Imported t03n0160 (T03n0160): 318 blocks, 16 juans
Imported t03n0153 (T03n0153): 239 blocks, 3 juans
Imported t03n0155 (T03n0155): 179 blocks, 3 juans
Imported t03n0174 (T03n0174): 19 blocks, 1 juans
Imported t04n0217 (T04n0217): 9 blocks, 1 juans
WARN: T04n0202 第3卷: MD 段落 104 vs 索引 102
WARN: T04n0202 第4卷: MD 段落 84 vs 索引 83
WARN: T04n0202 第5卷: MD 段落 82 vs 索引 80
WARN: T04n0202 第9卷: MD 段落 82 vs 索引 81
WARN: T04n0202 第12卷: MD 段落 102 vs 索引 101
WARN: T04n0202 第13卷: MD 段落 116 vs 索引 115
Imported t04n0202 (T04n0202): 1214 blocks, 13 juans
Imported t03n0180 (T03n0180): 5 blocks, 1 juans
Imported t03n0189 (T03n0189): 206 blocks, 4 juans
Imported t04n0219 (T04n0219): 8 blocks, 1 juans
Imported t03n0162 (T03n0162): 31 blocks, 1 juans
Imported t03n0179 (T03n0179): 82 blocks, 1 juans
Imported t03n0161 (T03n0161): 16 blocks, 1 juans
WARN: T04n0203 第2卷: MD 段落 89 vs 索引 86
WARN: T04n0203 第5卷: MD 段落 68 vs 索引 66
WARN: T04n0203 第7卷: MD 段落 61 vs 索引 59
WARN: T04n0203 第8卷: MD 段落 31 vs 索引 30
Imported t04n0203 (T04n0203): 622 blocks, 10 juans
Imported t04n0204 (T04n0204): 16 blocks, 1 juans
Imported t04n0205 (T04n0205): 41 blocks, 2 juans
Imported t04n0207 (T04n0207): 45 blocks, 1 juans
Imported t03n0165 (T03n0165): 131 blocks, 6 juans
Imported t03n0182a (T03n0182a): 20 blocks, 1 juans
Imported t28n1555 (T28n1555): 67 blocks, 2 juans
Imported t29n1561 (T29n1561): 89 blocks, 5 juans
Imported t28n1554 (T28n1554): 36 blocks, 2 juans
Imported t28n1549 (T28n1549): 551 blocks, 10 juans
Imported t26n1538 (T26n1538): 270 blocks, 7 juans
Imported t26n1541 (T26n1541): 953 blocks, 12 juans
Imported t28n1548 (T28n1548): 1643 blocks, 30 juans
Imported t28n1556 (T28n1556): 17 blocks, 1 juans
Imported t28n1557 (T28n1557): 49 blocks, 1 juans
Imported t26n1543 (T26n1543): 466 blocks, 30 juans
Imported t28n1550 (T28n1550): 515 blocks, 4 juans
Import progress 2800/3911 sutras=2800 paragraphs=1533926
Imported t28n1551 (T28n1551): 518 blocks, 6 juans
Imported t28n1546 (T28n1546): 5921 blocks, 60 juans
Imported t28n1553 (T28n1553): 68 blocks, 2 juans
Imported t29n1558 (T29n1558): 1207 blocks, 30 juans
Imported t29n1560 (T29n1560): 8 blocks, 1 juans
Imported t29n1559 (T29n1559): 4876 blocks, 22 juans
Imported t26n1542 (T26n1542): 228 blocks, 18 juans
WARN: T27n1545 第9卷: MD 段落 10 vs 索引 9
WARN: T27n1545 第23卷: MD 段落 13 vs 索引 12
WARN: T27n1545 第29卷: MD 段落 11 vs 索引 10
Imported t27n1545 (T27n1545): 2374 blocks, 200 juans
Imported t26n1537 (T26n1537): 314 blocks, 12 juans
Imported t26n1540 (T26n1540): 63 blocks, 3 juans
Imported t26n1544 (T26n1544): 10451 blocks, 20 juans
Imported t29n1563 (T29n1563): 1130 blocks, 40 juans
WARN: T26n1539 第1卷: MD 段落 20 vs 索引 16
WARN: T26n1539 第2卷: MD 段落 12 vs 索引 11
WARN: T26n1539 第3卷: MD 段落 23 vs 索引 21
Imported t26n1539 (T26n1539): 165 blocks, 16 juans
Imported t26n1536 (T26n1536): 354 blocks, 20 juans
Imported t29n1562 (T29n1562): 1324 blocks, 80 juans
Imported t28n1552 (T28n1552): 1206 blocks, 11 juans
Imported t28n1547 (T28n1547): 1823 blocks, 14 juans
Imported t09n0267 (T09n0267): 374 blocks, 4 juans
Imported t09n0268 (T09n0268): 351 blocks, 6 juans
Imported t09n0269 (T09n0269): 93 blocks, 1 juans
Imported t09n0274 (T09n0274): 100 blocks, 1 juans
Imported t09n0271 (T09n0271): 240 blocks, 3 juans
Imported t09n0277 (T09n0277): 72 blocks, 1 juans
Imported t09n0266 (T09n0266): 444 blocks, 3 juans
Imported t09n0275 (T09n0275): 99 blocks, 1 juans
Imported t09n0270 (T09n0270): 291 blocks, 2 juans
Imported t09n0272 (T09n0272): 590 blocks, 10 juans
Imported t09n0262 (T09n0262): 514 blocks, 7 juans
Imported t09n0263 (T09n0263): 464 blocks, 10 juans
WARN: T09n0264 第7卷: MD 段落 175 vs 索引 172
Imported t09n0264 (T09n0264): 492 blocks, 7 juans
Imported t09n0276 (T09n0276): 47 blocks, 1 juans
Imported t09n0265 (T09n0265): 31 blocks, 1 juans
Imported t09n0273 (T09n0273): 239 blocks, 1 juans
WARN: T12n0385 第1卷: MD 段落 83 vs 索引 82
Imported t12n0385 (T12n0385): 176 blocks, 2 juans
Imported t12n0394 (T12n0394): 28 blocks, 1 juans
Imported t12n0389 (T12n0389): 21 blocks, 1 juans
Imported t12n0392 (T12n0392): 29 blocks, 1 juans
Imported t12n0390 (T12n0390): 16 blocks, 1 juans
Imported t12n0376 (T12n0376): 479 blocks, 6 juans
Imported t12n0378 (T12n0378): 138 blocks, 2 juans
Imported t12n0396 (T12n0396): 13 blocks, 1 juans
Imported t12n0395 (T12n0395): 9 blocks, 1 juans
Imported t12n0379 (T12n0379): 226 blocks, 3 juans
Imported t12n0380 (T12n0380): 327 blocks, 5 juans
Imported t12n0387 (T12n0387): 425 blocks, 6 juans
Imported t12n0374 (T12n0374): 2290 blocks, 40 juans
WARN: T12n0375 第19卷: MD 段落 101 vs 索引 100
Imported t12n0375 (T12n0375): 4012 blocks, 36 juans
Imported t12n0377 (T12n0377): 139 blocks, 2 juans
Imported t12n0388 (T12n0388): 49 blocks, 1 juans
Imported t12n0383 (T12n0383): 160 blocks, 2 juans
Import progress 2850/3911 sutras=2850 paragraphs=1578934
Imported t12n0381 (T12n0381): 191 blocks, 3 juans
Imported t12n0391 (T12n0391): 7 blocks, 1 juans
Imported t12n0384 (T12n0384): 498 blocks, 7 juans
Imported t12n0386 (T12n0386): 140 blocks, 2 juans
Imported t12n0393 (T12n0393): 10 blocks, 1 juans
Imported t12n0382 (T12n0382): 323 blocks, 3 juans
Imported t31n1617 (T31n1617): 99 blocks, 2 juans
Imported t31n1599 (T31n1599): 262 blocks, 2 juans
Imported t31n1610 (T31n1610): 72 blocks, 4 juans
Imported t31n1607 (T31n1607): 34 blocks, 1 juans
Imported t31n1616 (T31n1616): 49 blocks, 1 juans
Imported t31n1622 (T31n1622): 30 blocks, 1 juans
Imported t31n1586 (T31n1586): 46 blocks, 1 juans
Imported t31n1590 (T31n1590): 47 blocks, 1 juans
Imported t31n1588 (T31n1588): 67 blocks, 1 juans
Imported t31n1612 (T31n1612): 107 blocks, 1 juans
Imported t31n1589 (T31n1589): 61 blocks, 1 juans
Imported t31n1613 (T31n1613): 116 blocks, 1 juans
Imported t31n1609 (T31n1609): 23 blocks, 1 juans
Imported t31n1626 (T31n1626): 42 blocks, 1 juans
Imported t31n1627 (T31n1627): 13 blocks, 1 juans
Imported t31n1614 (T31n1614): 6 blocks, 1 juans
Imported t31n1604 (T31n1604): 1317 blocks, 13 juans
WARN: T31n1605 第3卷: MD 段落 69 vs 索引 68
WARN: T31n1605 第6卷: MD 段落 57 vs 索引 56
Imported t31n1605 (T31n1605): 416 blocks, 7 juans
WARN: T31n1606 第5卷: MD 段落 52 vs 索引 50
Imported t31n1606 (T31n1606): 697 blocks, 16 juans
Imported t31n1591 (T31n1591): 72 blocks, 5 juans
Imported t31n1585 (T31n1585): 2192 blocks, 10 juans
Imported t31n1621 (T31n1621): 13 blocks, 1 juans
Imported t31n1592 (T31n1592): 190 blocks, 2 juans
Imported t31n1593 (T31n1593): 247 blocks, 3 juans
Imported t31n1594 (T31n1594): 300 blocks, 3 juans
Imported t31n1595 (T31n1595): 3425 blocks, 15 juans
Imported t31n1597 (T31n1597): 588 blocks, 10 juans
Imported t31n1598 (T31n1598): 714 blocks, 10 juans
WARN: T31n1596 第8卷: MD 段落 23 vs 索引 22
Imported t31n1596 (T31n1596): 446 blocks, 10 juans
Imported t31n1608 (T31n1608): 47 blocks, 1 juans
Imported t30n1584 (T30n1584): 57 blocks, 3 juans
Imported t31n1619 (T31n1619): 6 blocks, 1 juans
Imported t31n1615 (T31n1615): 74 blocks, 1 juans
WARN: T30n1579 第21卷: MD 段落 122 vs 索引 121
Imported t30n1579 (T30n1579): 11125 blocks, 100 juans
Imported t30n1580 (T30n1580): 30 blocks, 1 juans
WARN: T31n1611 第1卷: MD 段落 61 vs 索引 60
Imported t31n1611 (T31n1611): 394 blocks, 4 juans
Imported t30n1582 (T30n1582): 105 blocks, 9 juans
Imported t30n1583 (T30n1583): 57 blocks, 1 juans
WARN: T30n1581 第7卷: MD 段落 43 vs 索引 42
WARN: T30n1581 第8卷: MD 段落 49 vs 索引 48
Imported t30n1581 (T30n1581): 336 blocks, 10 juans
Imported t31n1624 (T31n1624): 18 blocks, 1 juans
Imported t31n1625 (T31n1625): 5 blocks, 1 juans
Imported t31n1623 (T31n1623): 1 blocks, 1 juans
Imported t31n1620 (T31n1620): 13 blocks, 1 juans
Imported t31n1587 (T31n1587): 6 blocks, 1 juans
Import progress 2900/3911 sutras=2900 paragraphs=1604068
Imported t31n1600 (T31n1600): 219 blocks, 3 juans
Imported t31n1601 (T31n1601): 7 blocks, 1 juans
Imported t31n1602 (T31n1602): 1337 blocks, 20 juans
Imported t31n1603 (T31n1603): 11 blocks, 1 juans
Imported t31n1618 (T31n1618): 41 blocks, 1 juans
WARN: T48n2006 第5卷: MD 段落 18 vs 索引 17
Imported t48n2006 (T48n2006): 703 blocks, 6 juans
Imported t48n2003 (T48n2003): 515 blocks, 10 juans
Imported t48n2010 (T48n2010): 1 blocks, 1 juans
Imported t48n2008 (T48n2008): 162 blocks, 1 juans
WARN: T48n2025 第3卷: MD 段落 94 vs 索引 90
Imported t48n2025 (T48n2025): 548 blocks, 8 juans
Imported t48n2007 (T48n2007): 86 blocks, 1 juans
Imported t47n1997 (T47n1997): 808 blocks, 20 juans
Imported t47n1998b (T47n1998B): 120 blocks, 1 juans
Imported t47n1998a (T47n1998A): 962 blocks, 30 juans
Imported t48n2002b (T48n2002B): 52 blocks, 1 juans
WARN: T48n2002A 第2卷: MD 段落 122 vs 索引 121
Imported t48n2002a (T48n2002A): 252 blocks, 2 juans
Imported t48n2001 (T48n2001): 1880 blocks, 9 juans
Imported t48n2016 (T48n2016): 2715 blocks, 100 juans
Imported t47n1999 (T47n1999): 260 blocks, 1 juans
Imported t48n2009 (T48n2009): 116 blocks, 1 juans
Imported t47n1987a (T47n1987A): 127 blocks, 1 juans
Imported t47n1987b (T47n1987B): 128 blocks, 2 juans
WARN: T47n1996 第6卷: MD 段落 316 vs 索引 315
Imported t47n1996 (T47n1996): 814 blocks, 6 juans
Imported t48n2011 (T48n2011): 22 blocks, 1 juans
Imported t47n1994b (T47n1994B): 44 blocks, 1 juans
Imported t47n1994a (T47n1994A): 86 blocks, 1 juans
Imported t48n2014 (T48n2014): 2 blocks, 1 juans
Imported t48n2018 (T48n2018): 9 blocks, 1 juans
Imported t47n1992 (T47n1992): 615 blocks, 3 juans
WARN: T47n1995 第1卷: MD 段落 109 vs 索引 108
Imported t47n1995 (T47n1995): 337 blocks, 3 juans
Imported t47n1989 (T47n1989): 64 blocks, 1 juans
Imported t48n2005 (T48n2005): 235 blocks, 1 juans
Imported t47n1986b (T47n1986B): 99 blocks, 1 juans
Imported t48n2019a (T48n2019A): 18 blocks, 1 juans
Imported t48n2013 (T48n2013): 14 blocks, 1 juans
Imported t48n2021 (T48n2021): 25 blocks, 1 juans
Imported t48n2022 (T48n2022): 292 blocks, 4 juans
Imported t48n2015 (T48n2015): 13 blocks, 2 juans
Imported t48n2024 (T48n2024): 157 blocks, 1 juans
Imported t47n1986a (T47n1986A): 185 blocks, 1 juans
WARN: T48n2023 第2卷: MD 段落 18 vs 索引 17
WARN: T48n2023 第6卷: MD 段落 13 vs 索引 12
Imported t48n2023 (T48n2023): 403 blocks, 10 juans
WARN: T48n2017 第3卷: MD 段落 137 vs 索引 136
Imported t48n2017 (T48n2017): 300 blocks, 3 juans
WARN: T48n2004 第1卷: MD 段落 130 vs 索引 129
Imported t48n2004 (T48n2004): 566 blocks, 6 juans
Imported t47n2000 (T47n2000): 1515 blocks, 10 juans
Imported t47n1990 (T47n1990): 81 blocks, 1 juans
Imported t48n2019b (T48n2019B): 6 blocks, 1 juans
Imported t47n1991 (T47n1991): 120 blocks, 1 juans
Imported t47n1985 (T47n1985): 99 blocks, 1 juans
Imported t47n1988 (T47n1988): 302 blocks, 3 juans
Imported t48n2020 (T48n2020): 43 blocks, 1 juans
Import progress 2950/3911 sutras=2950 paragraphs=1621584
Imported t48n2012a (T48n2012A): 16 blocks, 1 juans
Imported t48n2012b (T48n2012B): 19 blocks, 1 juans
Imported t47n1993 (T47n1993): 174 blocks, 1 juans
Imported t17n0768 (T17n0768): 79 blocks, 1 juans
Imported t14n0483 (T14n0483): 28 blocks, 1 juans
Imported t15n0645 (T15n0645): 72 blocks, 1 juans
Imported t14n0484 (T14n0484): 115 blocks, 1 juans
Imported t16n0708 (T16n0708): 13 blocks, 1 juans
Imported t14n0443 (T14n0443): 369 blocks, 8 juans
Imported t14n0555a (T14n0555a): 13 blocks, 1 juans
Imported t14n0555b (T14n0555b): 11 blocks, 1 juans
Imported t17n0741 (T17n0741): 35 blocks, 1 juans
Imported t15n0619 (T15n0619): 93 blocks, 1 juans
Imported t14n0465 (T14n0465): 78 blocks, 1 juans
Imported t17n0815 (T17n0815): 185 blocks, 3 juans
Imported t17n0795 (T17n0795): 15 blocks, 1 juans
Imported t14n0524 (T14n0524): 41 blocks, 1 juans
Imported t15n0593 (T15n0593): 25 blocks, 1 juans
Imported t15n0601 (T15n0601): 69 blocks, 1 juans
Imported t14n0502 (T14n0502): 8 blocks, 1 juans
Imported t15n0599 (T15n0599): 5 blocks, 1 juans
Imported t14n0499 (T14n0499): 26 blocks, 1 juans
Imported t15n0653 (T15n0653): 279 blocks, 3 juans
Imported t17n0832 (T17n0832): 14 blocks, 1 juans
Imported t17n0823 (T17n0823): 126 blocks, 1 juans
Imported t14n0556 (T14n0556): 45 blocks, 1 juans
Imported t17n0767 (T17n0767): 16 blocks, 1 juans
Imported t16n0668 (T16n0668): 26 blocks, 1 juans
Imported t14n0445 (T14n0445): 12 blocks, 2 juans
Imported t17n0809 (T17n0809): 41 blocks, 1 juans
Imported t16n0706 (T16n0706): 3 blocks, 1 juans
Imported t17n0751a (T17n0751a): 28 blocks, 1 juans
Imported t17n0751b (T17n0751b): 25 blocks, 1 juans
Imported t17n0752 (T17n0752): 25 blocks, 1 juans
Imported t14n0523 (T14n0523): 37 blocks, 1 juans
Imported t15n0624 (T15n0624): 379 blocks, 3 juans
Imported t17n0781 (T17n0781): 13 blocks, 1 juans
Imported t15n0621 (T15n0621): 11 blocks, 1 juans
Imported t14n0440 (T14n0440): 635 blocks, 12 juans
Imported t14n0441 (T14n0441): 1385 blocks, 30 juans
Imported t16n0680 (T16n0680): 56 blocks, 1 juans
Imported t14n0541 (T14n0541): 40 blocks, 1 juans
Imported t17n0793 (T17n0793): 12 blocks, 1 juans
Imported t16n0692 (T16n0692): 22 blocks, 1 juans
Imported t17n0802 (T17n0802): 27 blocks, 1 juans
Imported t14n0549 (T14n0549): 186 blocks, 4 juans
Imported t15n0654 (T15n0654): 16 blocks, 1 juans
Imported t17n0807 (T17n0807): 92 blocks, 1 juans
Imported t15n0610 (T15n0610): 2 blocks, 1 juans
Imported t14n0427 (T14n0427): 20 blocks, 1 juans
Import progress 3000/3911 sutras=3000 paragraphs=1626646
Imported t17n0779 (T17n0779): 11 blocks, 1 juans
Imported t14n0490 (T14n0490): 11 blocks, 1 juans
Imported t14n0581 (T14n0581): 33 blocks, 1 juans
Imported t17n0756 (T17n0756): 16 blocks, 1 juans
Imported t14n0429 (T14n0429): 21 blocks, 1 juans
Imported t14n0428 (T14n0428): 22 blocks, 1 juans
Imported t17n0725 (T17n0725): 11 blocks, 1 juans
Imported t16n0707 (T16n0707): 20 blocks, 1 juans
Imported t17n0791 (T17n0791): 8 blocks, 1 juans
Imported t17n0837 (T17n0837): 62 blocks, 1 juans
Imported t17n0729 (T17n0729): 29 blocks, 1 juans
Imported t17n0738 (T17n0738): 43 blocks, 1 juans
Imported t16n0718 (T16n0718): 7 blocks, 1 juans
Imported t14n0498 (T14n0498): 145 blocks, 2 juans
Imported t15n0655 (T15n0655): 6 blocks, 1 juans
Imported t14n0516 (T14n0516): 29 blocks, 1 juans
Imported t17n0783 (T17n0783): 28 blocks, 1 juans
Imported t17n0731 (T17n0731): 25 blocks, 1 juans
Imported t17n0780 (T17n0780): 31 blocks, 1 juans
Imported t14n0432 (T14n0432): 11 blocks, 1 juans
Imported t17n0782 (T17n0782): 23 blocks, 1 juans
Imported t14n0426 (T14n0426): 137 blocks, 1 juans
Imported t14n0538 (T14n0538): 15 blocks, 1 juans
Imported t15n0595 (T15n0595): 21 blocks, 1 juans
Imported t17n0770 (T17n0770): 17 blocks, 1 juans
Imported t17n0776 (T17n0776): 41 blocks, 1 juans
Imported t15n0590 (T15n0590): 11 blocks, 1 juans
Imported t17n0775 (T17n0775): 13 blocks, 1 juans
Imported t17n0736 (T17n0736): 13 blocks, 1 juans
Imported t17n0769 (T17n0769): 9 blocks, 1 juans
Imported t17n0735 (T17n0735): 22 blocks, 1 juans
Imported t17n0749 (T17n0749): 169 blocks, 1 juans
Imported t14n0574 (T14n0574): 50 blocks, 1 juans
Imported t17n0733 (T17n0733): 6 blocks, 1 juans
Imported t16n0686 (T16n0686): 6 blocks, 1 juans
Imported t17n0843 (T17n0843): 153 blocks, 3 juans
Imported t14n0472 (T14n0472): 28 blocks, 1 juans
Imported t14n0438 (T14n0438): 40 blocks, 2 juans
Imported t15n0634 (T15n0634): 112 blocks, 5 juans
Imported t14n0577 (T14n0577): 12 blocks, 1 juans
Imported t16n0712 (T16n0712): 21 blocks, 1 juans
Imported t16n0694 (T16n0694): 80 blocks, 2 juans
Imported t15n0652 (T15n0652): 166 blocks, 3 juans
Imported t15n0602 (T15n0602): 108 blocks, 2 juans
Imported t17n0844 (T17n0844): 54 blocks, 1 juans
Imported t14n0575 (T14n0575): 10 blocks, 1 juans
Imported t14n0477 (T14n0477): 83 blocks, 1 juans
Imported t17n0817 (T17n0817): 174 blocks, 1 juans
Imported t15n0594 (T15n0594): 25 blocks, 1 juans
Imported t14n0496 (T14n0496): 28 blocks, 1 juans
Import progress 3050/3911 sutras=3050 paragraphs=1628862
Imported t15n0596 (T15n0596): 8 blocks, 1 juans
Imported t14n0554 (T14n0554): 82 blocks, 1 juans
Imported t14n0553 (T14n0553): 97 blocks, 1 juans
Imported t15n0633 (T15n0633): 64 blocks, 1 juans
Imported t15n0623 (T15n0623): 16 blocks, 1 juans
Imported t14n0473 (T14n0473): 29 blocks, 1 juans
Imported t14n0571 (T14n0571): 10 blocks, 1 juans
Imported t17n0790 (T17n0790): 87 blocks, 1 juans
Imported t16n0687 (T16n0687): 7 blocks, 1 juans
Imported t14n0582 (T14n0582): 20 blocks, 1 juans
Imported t15n0637 (T15n0637): 221 blocks, 2 juans
Imported t14n0433 (T14n0433): 80 blocks, 1 juans
Imported t16n0660 (T16n0660): 557 blocks, 10 juans
Imported t17n0845 (T17n0845): 28 blocks, 1 juans
Imported t14n0543 (T14n0543): 76 blocks, 3 juans
Imported t16n0705 (T16n0705): 45 blocks, 1 juans
Imported t16n0690 (T16n0690): 33 blocks, 1 juans
Imported t15n0635 (T15n0635): 284 blocks, 4 juans
Imported t14n0454 (T14n0454): 17 blocks, 1 juans
Imported t14n0455 (T14n0455): 9 blocks, 1 juans
Imported t14n0453 (T14n0453): 44 blocks, 1 juans
Imported t14n0457 (T14n0457): 16 blocks, 1 juans
Imported t14n0456 (T14n0456): 79 blocks, 1 juans
Imported t14n0545 (T14n0545): 81 blocks, 2 juans
Imported t14n0569 (T14n0569): 21 blocks, 1 juans
Imported t17n0743 (T17n0743): 27 blocks, 1 juans
Imported t17n0739 (T17n0739): 6 blocks, 1 juans
Imported t15n0632 (T15n0632): 58 blocks, 1 juans
Imported t17n0827 (T17n0827): 13 blocks, 1 juans
Imported t15n0630 (T15n0630): 110 blocks, 1 juans
Imported t14n0552 (T14n0552): 20 blocks, 1 juans
Imported t16n0696 (T16n0696): 16 blocks, 1 juans
Imported t14n0497 (T14n0497): 31 blocks, 1 juans
Imported t14n0519 (T14n0519): 10 blocks, 1 juans
Imported t14n0551 (T14n0551): 21 blocks, 1 juans
Imported t15n0629 (T15n0629): 29 blocks, 1 juans
Imported t14n0470 (T14n0470): 40 blocks, 1 juans
Imported t14n0460 (T14n0460): 106 blocks, 1 juans
Imported t14n0461 (T14n0461): 244 blocks, 2 juans
Imported t14n0463 (T14n0463): 18 blocks, 1 juans
Imported t14n0471 (T14n0471): 38 blocks, 1 juans
Imported t14n0459 (T14n0459): 88 blocks, 1 juans
Imported t16n0702 (T16n0702): 45 blocks, 1 juans
Imported t14n0518 (T14n0518): 29 blocks, 1 juans
Imported t17n0794a (T17n0794a): 13 blocks, 1 juans
Imported t17n0794b (T17n0794b): 61 blocks, 1 juans
Imported t14n0480 (T14n0480): 103 blocks, 2 juans
Imported t14n0534 (T14n0534): 42 blocks, 1 juans
Imported t15n0640 (T15n0640): 29 blocks, 1 juans
Imported t15n0641 (T15n0641): 103 blocks, 1 juans
Import progress 3100/3911 sutras=3100 paragraphs=1632173
Imported t17n0786 (T17n0786): 7 blocks, 1 juans
Imported t17n0754 (T17n0754): 169 blocks, 2 juans
Imported t15n0628 (T15n0628): 470 blocks, 6 juans
Imported t16n0688 (T16n0688): 22 blocks, 1 juans
Imported t14n0507 (T14n0507): 21 blocks, 1 juans
Imported t14n0517 (T14n0517): 20 blocks, 1 juans
Imported t17n0806 (T17n0806): 5 blocks, 1 juans
Imported t17n0788 (T17n0788): 4 blocks, 1 juans
Imported t17n0805 (T17n0805): 11 blocks, 1 juans
Imported t14n0567 (T14n0567): 48 blocks, 1 juans
Imported t14n0521 (T14n0521): 11 blocks, 1 juans
Imported t16n0704 (T16n0704): 18 blocks, 1 juans
Imported t14n0540a (T14n0540a): 15 blocks, 1 juans
Imported t14n0540b (T14n0540b): 11 blocks, 1 juans
Imported t17n0811 (T17n0811): 34 blocks, 1 juans
Imported t17n0762 (T17n0762): 88 blocks, 1 juans
Imported t14n0501 (T14n0501): 12 blocks, 1 juans
Imported t17n0763 (T17n0763): 136 blocks, 3 juans
Imported t17n0792 (T17n0792): 6 blocks, 1 juans
Imported t17n0819 (T17n0819): 8 blocks, 1 juans
Imported t15n0631 (T15n0631): 54 blocks, 1 juans
Imported t17n0766 (T17n0766): 10 blocks, 1 juans
Imported t17n0764 (T17n0764): 60 blocks, 1 juans
Imported t17n0761 (T17n0761): 614 blocks, 6 juans
Imported t16n0697 (T16n0697): 19 blocks, 1 juans
Imported t15n0598 (T15n0598): 339 blocks, 4 juans
Imported t17n0755 (T17n0755): 24 blocks, 1 juans
Imported t14n0512 (T14n0512): 40 blocks, 1 juans
Imported t17n0803 (T17n0803): 6 blocks, 1 juans
Imported t16n0701 (T16n0701): 14 blocks, 1 juans
Imported t14n0435 (T14n0435): 53 blocks, 1 juans
Imported t17n0820 (T17n0820): 75 blocks, 1 juans
Imported t16n0695 (T16n0695): 10 blocks, 1 juans
Imported t16n0669 (T16n0669): 60 blocks, 2 juans
Imported t17n0800 (T17n0800): 9 blocks, 1 juans
Imported t14n0562 (T14n0562): 20 blocks, 1 juans
Imported t17n0813 (T17n0813): 108 blocks, 1 juans
Imported t17n0801 (T17n0801): 15 blocks, 1 juans
Imported t16n0684 (T16n0684): 4 blocks, 1 juans
Imported t17n0808 (T17n0808): 16 blocks, 1 juans
Imported t14n0513 (T14n0513): 55 blocks, 1 juans
Imported t17n0825 (T17n0825): 20 blocks, 1 juans
Imported t14n0535 (T14n0535): 41 blocks, 1 juans
Imported t17n0799 (T17n0799): 6 blocks, 1 juans
Imported t17n0838 (T17n0838): 45 blocks, 2 juans
Imported t14n0444 (T14n0444): 12 blocks, 1 juans
Imported t16n0685 (T16n0685): 9 blocks, 1 juans
Imported t15n0604 (T15n0604): 7 blocks, 1 juans
Imported t14n0434 (T14n0434): 218 blocks, 3 juans
Imported t16n0709 (T16n0709): 8 blocks, 1 juans
Import progress 3150/3911 sutras=3150 paragraphs=1635260
Imported t14n0474 (T14n0474): 282 blocks, 2 juans
Imported t17n0724 (T17n0724): 53 blocks, 1 juans
Imported t17n0747a (T17n0747a): 15 blocks, 1 juans
Imported t17n0732 (T17n0732): 75 blocks, 1 juans
Imported t14n0559 (T14n0559): 14 blocks, 1 juans
Imported t14n0560 (T14n0560): 7 blocks, 1 juans
Imported t14n0561 (T14n0561): 17 blocks, 1 juans
Imported t14n0542 (T14n0542): 14 blocks, 1 juans
Imported t14n0563 (T14n0563): 28 blocks, 1 juans
Imported t17n0742 (T17n0742): 28 blocks, 1 juans
Imported t15n0622 (T15n0622): 21 blocks, 1 juans
Imported t16n0715 (T16n0715): 28 blocks, 1 juans
Imported t17n0773 (T17n0773): 6 blocks, 1 juans
Imported t17n0778 (T17n0778): 25 blocks, 1 juans
Imported t14n0528 (T14n0528): 31 blocks, 1 juans
Imported t16n0657 (T16n0657): 1285 blocks, 10 juans
Imported t14n0511 (T14n0511): 49 blocks, 1 juans
Imported t14n0520 (T14n0520): 19 blocks, 1 juans
Imported t14n0449 (T14n0449): 52 blocks, 1 juans
Imported t17n0730 (T17n0730): 71 blocks, 1 juans
Imported t17n0796 (T17n0796): 48 blocks, 1 juans
Imported t15n0643 (T15n0643): 484 blocks, 10 juans
Imported t14n0452 (T14n0452): 28 blocks, 1 juans
Imported t17n0804 (T17n0804): 11 blocks, 1 juans
Imported t16n0677 (T16n0677): 60 blocks, 1 juans
Imported t14n0514 (T14n0514): 14 blocks, 1 juans
Imported t14n0439 (T14n0439): 8 blocks, 1 juans
Imported t16n0683 (T16n0683): 37 blocks, 1 juans
Imported t17n0822 (T17n0822): 90 blocks, 1 juans
Imported t15n0651 (T15n0651): 231 blocks, 3 juans
Imported t17n0758 (T17n0758): 8 blocks, 1 juans
Imported t17n0748 (T17n0748): 10 blocks, 1 juans
Imported t17n0814 (T17n0814): 90 blocks, 1 juans
Imported t14n0466 (T14n0466): 77 blocks, 1 juans
Imported t17n0797a (T17n0797a): 22 blocks, 1 juans
Imported t17n0797b (T17n0797b): 20 blocks, 1 juans
Imported t17n0777 (T17n0777): 8 blocks, 1 juans
Imported t14n0570 (T14n0570): 17 blocks, 1 juans
Imported t15n0638 (T15n0638): 285 blocks, 2 juans
Imported t14n0537 (T14n0537): 16 blocks, 1 juans
Imported t17n0757 (T17n0757): 70 blocks, 3 juans
Imported t17n0759 (T17n0759): 53 blocks, 1 juans
Imported t17n0747b (T17n0747b): 20 blocks, 1 juans
Imported t14n0564 (T14n0564): 156 blocks, 1 juans
Imported t14n0576 (T14n0576): 11 blocks, 1 juans
Imported t14n0527 (T14n0527): 28 blocks, 1 juans
Imported t16n0699 (T16n0699): 11 blocks, 1 juans
Imported t16n0693 (T16n0693): 31 blocks, 1 juans
Imported t17n0798 (T17n0798): 6 blocks, 1 juans
Imported t17n0816 (T17n0816): 204 blocks, 4 juans
Import progress 3200/3911 sutras=3200 paragraphs=1639534
Imported t14n0548 (T14n0548): 17 blocks, 1 juans
Imported t15n0644 (T15n0644): 18 blocks, 1 juans
Imported t14n0546 (T14n0546): 41 blocks, 1 juans
Imported t14n0580 (T14n0580): 85 blocks, 1 juans
Imported t14n0526 (T14n0526): 32 blocks, 1 juans
Imported t14n0525 (T14n0525): 18 blocks, 1 juans
Imported t14n0572 (T14n0572): 21 blocks, 1 juans
Imported t14n0531 (T14n0531): 31 blocks, 1 juans
Imported t15n0626 (T15n0626): 110 blocks, 2 juans
Imported t14n0495 (T14n0495): 27 blocks, 1 juans
Imported t14n0492a (T14n0492a): 21 blocks, 1 juans
Imported t14n0493 (T14n0493): 14 blocks, 1 juans
Imported t14n0529 (T14n0529): 11 blocks, 1 juans
Imported t17n0744 (T17n0744): 71 blocks, 1 juans
Imported t14n0489 (T14n0489): 643 blocks, 20 juans
Imported t14n0505 (T14n0505): 21 blocks, 1 juans
Imported t17n0745 (T17n0745): 57 blocks, 1 juans
Imported t14n0530 (T14n0530): 48 blocks, 1 juans
Imported t15n0588 (T15n0588): 431 blocks, 4 juans
Imported t17n0740 (T17n0740): 7 blocks, 1 juans
Imported t15n0642 (T15n0642): 305 blocks, 2 juans
Imported t17n0734 (T17n0734): 38 blocks, 1 juans
Imported t15n0589 (T15n0589): 215 blocks, 1 juans
Imported t14n0583 (T14n0583): 35 blocks, 1 juans
Imported t14n0557 (T14n0557): 18 blocks, 1 juans
Imported t14n0558 (T14n0558): 11 blocks, 1 juans
WARN: T15n0606 第1卷: MD 段落 45 vs 索引 44
Imported t15n0606 (T15n0606): 699 blocks, 7 juans
Imported t14n0579 (T14n0579): 169 blocks, 2 juans
Imported t15n0646 (T15n0646): 69 blocks, 1 juans
Imported t16n0671 (T16n0671): 441 blocks, 10 juans
Imported t14n0431 (T14n0431): 25 blocks, 1 juans
Imported t14n0430 (T14n0430): 16 blocks, 1 juans
Imported t14n0491 (T14n0491): 5 blocks, 1 juans
Imported t17n0726 (T17n0726): 11 blocks, 1 juans
Imported t17n0723 (T17n0723): 1 blocks, 1 juans
Imported t16n0717 (T16n0717): 233 blocks, 2 juans
Imported t15n0647 (T15n0647): 235 blocks, 3 juans
Imported t15n0587 (T15n0587): 878 blocks, 6 juans
Imported t17n0727 (T17n0727): 13 blocks, 1 juans
Imported t17n0753 (T17n0753): 5 blocks, 1 juans
Imported t16n0719 (T16n0719): 205 blocks, 2 juans
Imported t15n0600 (T15n0600): 19 blocks, 1 juans
Imported t14n0442 (T14n0442): 76 blocks, 1 juans
Imported t17n0839 (T17n0839): 78 blocks, 2 juans
Imported t14n0436 (T14n0436): 13 blocks, 1 juans
Imported t16n0700 (T16n0700): 7 blocks, 1 juans
Imported t16n0664 (T16n0664): 471 blocks, 8 juans
Imported t15n0591 (T15n0591): 193 blocks, 1 juans
Imported t14n0479 (T14n0479): 98 blocks, 2 juans
Imported t17n0784 (T17n0784): 51 blocks, 1 juans
Import progress 3250/3911 sutras=3250 paragraphs=1645891
Imported t17n0771 (T17n0771): 11 blocks, 1 juans
Imported t15n0614 (T15n0614): 203 blocks, 2 juans
Imported t17n0846 (T17n0846): 20 blocks, 1 juans
Imported t14n0467 (T14n0467): 79 blocks, 1 juans
Imported t17n0847 (T17n0847): 553 blocks, 3 juans
Imported t16n0672 (T16n0672): 389 blocks, 7 juans
Imported t16n0673 (T16n0673): 219 blocks, 2 juans
Imported t17n0772 (T17n0772): 7 blocks, 1 juans
Imported t17n0774 (T17n0774): 83 blocks, 1 juans
Imported t16n0681 (T16n0681): 89 blocks, 3 juans
Imported t16n0682 (T16n0682): 38 blocks, 3 juans
Imported t14n0437 (T14n0437): 34 blocks, 1 juans
Imported t16n0659 (T16n0659): 843 blocks, 7 juans
Imported t16n0661 (T16n0661): 9 blocks, 1 juans
Imported t16n0662 (T16n0662): 30 blocks, 1 juans
Imported t16n0711 (T16n0711): 25 blocks, 1 juans
Imported t17n0830 (T17n0830): 22 blocks, 1 juans
Imported t17n0829 (T17n0829): 17 blocks, 1 juans
Imported t14n0478 (T14n0478): 78 blocks, 1 juans
Imported t17n0834 (T17n0834): 82 blocks, 1 juans
Imported t17n0842 (T17n0842): 123 blocks, 1 juans
Imported t17n0821 (T17n0821): 151 blocks, 2 juans
Imported t16n0667 (T16n0667): 55 blocks, 1 juans
Imported t14n0462 (T14n0462): 229 blocks, 3 juans
Imported t17n0836 (T17n0836): 28 blocks, 1 juans
Imported t16n0666 (T16n0666): 42 blocks, 1 juans
Imported t15n0625 (T15n0625): 244 blocks, 4 juans
Imported t14n0547 (T14n0547): 7 blocks, 1 juans
Imported t17n0818 (T17n0818): 184 blocks, 2 juans
Imported t15n0592 (T15n0592): 39 blocks, 1 juans
Imported t17n0835 (T17n0835): 35 blocks, 1 juans
Imported t14n0515 (T14n0515): 30 blocks, 1 juans
Imported t17n0722 (T17n0722): 270 blocks, 8 juans
Imported t15n0648 (T15n0648): 22 blocks, 1 juans
Imported t14n0488 (T14n0488): 69 blocks, 1 juans
Imported t16n0658 (T16n0658): 600 blocks, 7 juans
Imported t15n0608 (T15n0608): 16 blocks, 1 juans
Imported t14n0573 (T14n0573): 18 blocks, 1 juans
Imported t14n0486 (T14n0486): 14 blocks, 1 juans
Imported t17n0826 (T17n0826): 25 blocks, 1 juans
Imported t17n0785 (T17n0785): 31 blocks, 1 juans
Imported t15n0617 (T15n0617): 13 blocks, 1 juans
WARN: T15n0586 第3卷: MD 段落 282 vs 索引 281
Imported t15n0586 (T15n0586): 791 blocks, 4 juans
Imported t17n0760 (T17n0760): 125 blocks, 1 juans
Imported t16n0710 (T16n0710): 18 blocks, 1 juans
Imported t17n0737 (T17n0737): 36 blocks, 1 juans
Imported t14n0482 (T14n0482): 292 blocks, 4 juans
Imported t14n0481 (T14n0481): 216 blocks, 4 juans
Imported t15n0585 (T15n0585): 625 blocks, 4 juans
Imported t14n0510 (T14n0510): 16 blocks, 1 juans
Import progress 3300/3911 sutras=3300 paragraphs=1653086
Imported t14n0469 (T14n0469): 53 blocks, 1 juans
Imported t14n0468 (T14n0468): 315 blocks, 2 juans
Imported t14n0464 (T14n0464): 62 blocks, 1 juans
Imported t14n0458 (T14n0458): 133 blocks, 1 juans
Imported t15n0627 (T15n0627): 428 blocks, 3 juans
Imported t14n0522 (T14n0522): 37 blocks, 1 juans
Imported t17n0787 (T17n0787): 7 blocks, 1 juans
Imported t16n0691 (T16n0691): 36 blocks, 1 juans
Imported t15n0639 (T15n0639): 709 blocks, 10 juans
Imported t14n0568 (T14n0568): 32 blocks, 1 juans
Imported t14n0448a (T14n0448a): 4 blocks, 1 juans
Imported t14n0448b (T14n0448b): 23 blocks, 1 juans
Imported t17n0765 (T17n0765): 380 blocks, 7 juans
Imported t16n0670 (T16n0670): 389 blocks, 4 juans
Imported t14n0566 (T14n0566): 241 blocks, 1 juans
Imported t17n0721 (T17n0721): 2762 blocks, 70 juans
Imported t14n0504 (T14n0504): 31 blocks, 1 juans
Imported t14n0503 (T14n0503): 8 blocks, 1 juans
Imported t17n0750 (T17n0750): 11 blocks, 1 juans
WARN: T15n0620 第1卷: MD 段落 84 vs 索引 83
WARN: T15n0620 第2卷: MD 段落 77 vs 索引 76
Imported t15n0620 (T15n0620): 159 blocks, 2 juans
Imported t15n0611 (T15n0611): 13 blocks, 1 juans
Imported t16n0698 (T16n0698): 20 blocks, 1 juans
Imported t16n0675 (T16n0675): 494 blocks, 5 juans
Imported t14n0578 (T14n0578): 25 blocks, 1 juans
Imported t17n0828 (T17n0828): 26 blocks, 1 juans
Imported t14n0485 (T14n0485): 339 blocks, 4 juans
Imported t16n0720 (T16n0720): 51 blocks, 3 juans
Imported t15n0636 (T15n0636): 181 blocks, 2 juans
Imported t16n0703 (T16n0703): 18 blocks, 1 juans
Imported t14n0506 (T14n0506): 15 blocks, 1 juans
Imported t14n0447a (T14n0447a): 48 blocks, 1 juans
Imported t14n0447b (T14n0447b): 27 blocks, 1 juans
Imported t16n0689 (T16n0689): 21 blocks, 1 juans
Imported t14n0536 (T14n0536): 26 blocks, 1 juans
Imported t14n0539 (T14n0539): 61 blocks, 1 juans
Imported t16n0678 (T16n0678): 84 blocks, 1 juans
Imported t16n0679 (T16n0679): 46 blocks, 1 juans
Imported t15n0616 (T15n0616): 217 blocks, 2 juans
Imported t15n0613 (T15n0613): 142 blocks, 3 juans
Imported t15n0605 (T15n0605): 5 blocks, 1 juans
Imported t15n0609 (T15n0609): 7 blocks, 1 juans
Imported t14n0532 (T14n0532): 87 blocks, 1 juans
Imported t17n0840 (T17n0840): 14 blocks, 1 juans
Imported t17n0833 (T17n0833): 83 blocks, 1 juans
Imported t14n0475 (T14n0475): 331 blocks, 3 juans
Imported t16n0716 (T16n0716): 247 blocks, 2 juans
Imported t16n0714 (T16n0714): 28 blocks, 1 juans
Imported t14n0500 (T14n0500): 9 blocks, 1 juans
Imported t16n0656 (T16n0656): 2164 blocks, 14 juans
Imported t14n0533 (T14n0533): 22 blocks, 1 juans
Import progress 3350/3911 sutras=3350 paragraphs=1663757
Imported t17n0812 (T17n0812): 57 blocks, 1 juans
Imported t15n0615 (T15n0615): 3 blocks, 1 juans
Imported t14n0451 (T14n0451): 130 blocks, 2 juans
Imported t14n0450 (T14n0450): 39 blocks, 1 juans
Imported t15n0649 (T15n0649): 213 blocks, 4 juans
Imported t16n0676 (T16n0676): 414 blocks, 5 juans
Imported t17n0841 (T17n0841): 14 blocks, 1 juans
Imported t14n0476 (T14n0476): 471 blocks, 6 juans
Imported t17n0810 (T17n0810): 291 blocks, 2 juans
Imported t17n0824 (T17n0824): 109 blocks, 1 juans
Imported t15n0650 (T15n0650): 199 blocks, 2 juans
Imported t17n0728 (T17n0728): 43 blocks, 1 juans
Imported t17n0831 (T17n0831): 34 blocks, 1 juans
Imported t16n0674 (T16n0674): 228 blocks, 2 juans
Imported t16n0713 (T16n0713): 29 blocks, 1 juans
Imported t14n0425 (T14n0425): 687 blocks, 8 juans
Imported t15n0612 (T15n0612): 9 blocks, 1 juans
Imported t14n0544 (T14n0544): 50 blocks, 1 juans
Imported t14n0446a (T14n0446a): 39 blocks, 1 juans
Imported t14n0446b (T14n0446b): 21 blocks, 1 juans
Imported t15n0607 (T15n0607): 59 blocks, 1 juans
Imported t15n0618 (T15n0618): 90 blocks, 2 juans
WARN: T16n0665 第5卷: MD 段落 40 vs 索引 39
WARN: T16n0665 第7卷: MD 段落 53 vs 索引 52
WARN: T16n0665 第8卷: MD 段落 34 vs 索引 31
WARN: T16n0665 第9卷: MD 段落 23 vs 索引 22
WARN: T16n0665 第10卷: MD 段落 115 vs 索引 113
Imported t16n0665 (T16n0665): 434 blocks, 10 juans
Imported t16n0663 (T16n0663): 146 blocks, 4 juans
Imported t17n0789 (T17n0789): 5 blocks, 1 juans
Imported t14n0550 (T14n0550): 318 blocks, 12 juans
Imported t14n0584 (T14n0584): 32 blocks, 1 juans
Imported t14n0508 (T14n0508): 42 blocks, 1 juans
Imported t14n0509 (T14n0509): 25 blocks, 1 juans
Imported t14n0494 (T14n0494): 9 blocks, 1 juans
Imported t14n0492b (T14n0492b): 25 blocks, 1 juans
Imported t15n0603 (T15n0603): 175 blocks, 2 juans
Imported t14n0487 (T14n0487): 32 blocks, 1 juans
Imported t14n0565 (T14n0565): 239 blocks, 2 juans
Imported t17n0746 (T17n0746): 76 blocks, 1 juans
Imported t15n0597 (T15n0597): 27 blocks, 1 juans
WARN: T08n0246 第1卷: MD 段落 66 vs 索引 64
WARN: T08n0246 第2卷: MD 段落 80 vs 索引 77
Imported t08n0246 (T08n0246): 141 blocks, 2 juans
Imported t08n0247 (T08n0247): 13 blocks, 1 juans
Imported t08n0248 (T08n0248): 12 blocks, 1 juans
Imported t08n0245 (T08n0245): 101 blocks, 2 juans
Imported t08n0228 (T08n0228): 1236 blocks, 25 juans
Imported t08n0229 (T08n0229): 34 blocks, 2 juans
Imported t08n0249 (T08n0249): 18 blocks, 1 juans
WARN: T08n0244 第3卷: MD 段落 69 vs 索引 68
WARN: T08n0244 第4卷: MD 段落 100 vs 索引 99
WARN: T08n0244 第5卷: MD 段落 62 vs 索引 61
Imported t08n0244 (T08n0244): 714 blocks, 7 juans
Imported t08n0234 (T08n0234): 122 blocks, 2 juans
Imported t08n0258 (T08n0258): 17 blocks, 1 juans
Imported t08n0257 (T08n0257): 13 blocks, 1 juans
Imported t08n0239 (T08n0239): 88 blocks, 1 juans
Imported t08n0259 (T08n0259): 7 blocks, 1 juans
Imported t08n0242 (T08n0242): 54 blocks, 1 juans
Import progress 3400/3911 sutras=3400 paragraphs=1671141
Imported t08n0260 (T08n0260): 147 blocks, 4 juans
WARN: T08n0222 第9卷: MD 段落 75 vs 索引 74
Imported t08n0222 (T08n0222): 813 blocks, 10 juans
Imported t08n0231 (T08n0231): 552 blocks, 7 juans
WARN: T08n0256 第1卷: MD 段落 6 vs 索引 5
Imported t08n0256 (T08n0256): 5 blocks, 1 juans
Imported t08n0261 (T08n0261): 371 blocks, 10 juans
Imported t08n0225 (T08n0225): 795 blocks, 6 juans
Imported t08n0243 (T08n0243): 50 blocks, 1 juans
Imported t08n0240 (T08n0240): 56 blocks, 1 juans
WARN: T08n0227 第6卷: MD 段落 71 vs 索引 70
Imported t08n0227 (T08n0227): 618 blocks, 10 juans
Imported t08n0250 (T08n0250): 7 blocks, 1 juans
WARN: T08n0223 第4卷: MD 段落 126 vs 索引 123
WARN: T08n0223 第5卷: MD 段落 47 vs 索引 45
WARN: T08n0223 第6卷: MD 段落 253 vs 索引 252
WARN: T08n0223 第7卷: MD 段落 122 vs 索引 121
WARN: T08n0223 第8卷: MD 段落 78 vs 索引 77
WARN: T08n0223 第9卷: MD 段落 71 vs 索引 70
WARN: T08n0223 第12卷: MD 段落 346 vs 索引 344
WARN: T08n0223 第17卷: MD 段落 172 vs 索引 170
WARN: T08n0223 第18卷: MD 段落 104 vs 索引 103
WARN: T08n0223 第19卷: MD 段落 79 vs 索引 77
WARN: T08n0223 第20卷: MD 段落 83 vs 索引 82
WARN: T08n0223 第22卷: MD 段落 104 vs 索引 103
WARN: T08n0223 第23卷: MD 段落 86 vs 索引 85
WARN: T08n0223 第26卷: MD 段落 193 vs 索引 192
WARN: T08n0223 第27卷: MD 段落 79 vs 索引 78
Imported t08n0223 (T08n0223): 3164 blocks, 27 juans
Imported t08n0226 (T08n0226): 692 blocks, 5 juans
WARN: T08n0221 第14卷: MD 段落 132 vs 索引 130
WARN: T08n0221 第19卷: MD 段落 174 vs 索引 173
Imported t08n0221 (T08n0221): 2729 blocks, 20 juans
Imported t08n0232 (T08n0232): 110 blocks, 2 juans
Imported t08n0233 (T08n0233): 130 blocks, 1 juans
Imported t08n0252 (T08n0252): 8 blocks, 1 juans
Imported t08n0230 (T08n0230): 5 blocks, 1 juans
Imported t08n0253 (T08n0253): 9 blocks, 1 juans
WARN: T08n0251 第1卷: MD 段落 8 vs 索引 7
IMPORT ERROR corpus/般若/般若波羅蜜多心經_T08n0251/meta.yaml: FOREIGN KEY constraint failed
Imported t08n0254 (T08n0254): 9 blocks, 1 juans
Imported t08n0255 (T08n0255): 9 blocks, 1 juans
WARN: T08n0224 第6卷: MD 段落 99 vs 索引 98
WARN: T08n0224 第8卷: MD 段落 91 vs 索引 89
WARN: T08n0224 第9卷: MD 段落 75 vs 索引 73
Imported t08n0224 (T08n0224): 1046 blocks, 10 juans
Imported t08n0238 (T08n0238): 88 blocks, 1 juans
Imported t08n0236a (T08n0236a): 100 blocks, 1 juans
Imported t08n0235 (T08n0235): 127 blocks, 1 juans
Imported t08n0236b (T08n0236b): 85 blocks, 1 juans
Imported t08n0237 (T08n0237): 92 blocks, 1 juans
Imported t08n0241 (T08n0241): 89 blocks, 1 juans
Imported t32n1680 (T32n1680): 1 blocks, 1 juans
Imported t32n1682 (T32n1682): 20 blocks, 1 juans
WARN: T26n1534 第1卷: MD 段落 48 vs 索引 47
Imported t26n1534 (T26n1534): 47 blocks, 1 juans
Imported t38n1774 (T38n1774): 245 blocks, 1 juans
Imported t32n1649 (T32n1649): 364 blocks, 3 juans
Imported t25n1506 (T25n1506): 465 blocks, 3 juans
Imported t32n1677 (T32n1677): 1 blocks, 1 juans
Imported t42n1824 (T42n1824): 316 blocks, 10 juans
Imported t32n1687 (T32n1687): 1 blocks, 1 juans
Imported t33n1693 (T33n1693): 322 blocks, 1 juans
Imported t33n1708 (T33n1708): 1407 blocks, 3 juans
WARN: T33n1707 第2卷: MD 段落 133 vs 索引 132
Imported t33n1707 (T33n1707): 455 blocks, 3 juans
Imported t33n1709 (T33n1709): 1604 blocks, 3 juans
Imported t33n1706 (T33n1706): 95 blocks, 4 juans
Imported t33n1705 (T33n1705): 240 blocks, 5 juans
Imported t32n1679 (T32n1679): 6 blocks, 1 juans
Imported t32n1678 (T32n1678): 8 blocks, 1 juans
Imported t32n1681 (T32n1681): 3 blocks, 1 juans
Imported t26n1530 (T26n1530): 341 blocks, 7 juans
Imported t25n1518 (T25n1518): 2 blocks, 1 juans
Imported t25n1517 (T25n1517): 136 blocks, 4 juans
Imported t32n1685 (T32n1685): 6 blocks, 1 juans
Import progress 3450/3911 sutras=3449 paragraphs=1689132
Imported t39n1792 (T39n1792): 109 blocks, 2 juans
Imported t32n1644 (T32n1644): 224 blocks, 10 juans
Imported t40n1820 (T40n1820): 500 blocks, 1 juans
Imported t39n1803 (T39n1803): 415 blocks, 2 juans
Imported t41n1822 (T41n1822): 6753 blocks, 30 juans
Imported t41n1821 (T41n1821): 5605 blocks, 30 juans
Imported t41n1823 (T41n1823): 2918 blocks, 30 juans
Imported t32n1634 (T32n1634): 143 blocks, 2 juans
Imported t39n1790 (T39n1790): 74 blocks, 1 juans
Imported t37n1747 (T37n1747): 7 blocks, 1 juans
Imported t32n1684 (T32n1684): 1 blocks, 1 juans
Imported t25n1507 (T25n1507): 128 blocks, 5 juans
Imported t26n1532 (T26n1532): 83 blocks, 4 juans
Imported t32n1692 (T32n1692): 1 blocks, 1 juans
Imported t37n1744 (T37n1744): 185 blocks, 3 juans
Imported t32n1673 (T32n1673): 5 blocks, 1 juans
Imported t39n1802 (T39n1802): 24 blocks, 1 juans
Imported t32n1651 (T32n1651): 15 blocks, 1 juans
Imported t42n1826 (T42n1826): 52 blocks, 2 juans
Imported t42n1825 (T42n1825): 184 blocks, 3 juans
Imported t26n1521 (T26n1521): 4242 blocks, 17 juans
Imported t26n1522 (T26n1522): 521 blocks, 12 juans
Imported t43n1834 (T43n1834): 669 blocks, 2 juans
Imported t32n1647 (T32n1647): 215 blocks, 4 juans
Imported t25n1505 (T25n1505): 431 blocks, 2 juans
Imported t32n1630 (T32n1630): 17 blocks, 1 juans
Imported t44n1840 (T44n1840): 382 blocks, 3 juans
Imported t44n1842 (T44n1842): 55 blocks, 1 juans
Imported t32n1629 (T32n1629): 47 blocks, 1 juans
Imported t32n1628 (T32n1628): 58 blocks, 1 juans
Imported t44n1841 (T44n1841): 78 blocks, 1 juans
Imported t32n1654 (T32n1654): 11 blocks, 1 juans
Imported t26n1535 (T26n1535): 5 blocks, 1 juans
Imported t32n1635 (T32n1635): 43 blocks, 10 juans
Imported t44n1838 (T44n1838): 12 blocks, 1 juans
Imported t44n1837 (T44n1837): 155 blocks, 2 juans
Imported t44n1836 (T44n1836): 96 blocks, 2 juans
Imported t32n1653 (T32n1653): 77 blocks, 1 juans
WARN: T44n1851 第1卷: MD 段落 72 vs 索引 69
WARN: T44n1851 第2卷: MD 段落 76 vs 索引 73
WARN: T44n1851 第3卷: MD 段落 79 vs 索引 74
WARN: T44n1851 第4卷: MD 段落 63 vs 索引 60
WARN: T44n1851 第5卷: MD 段落 78 vs 索引 71
WARN: T44n1851 第6卷: MD 段落 54 vs 索引 52
WARN: T44n1851 第7卷: MD 段落 58 vs 索引 52
WARN: T44n1851 第8卷: MD 段落 76 vs 索引 69
WARN: T44n1851 第9卷: MD 段落 55 vs 索引 51
WARN: T44n1851 第10卷: MD 段落 70 vs 索引 65
WARN: T44n1851 第11卷: MD 段落 90 vs 索引 81
WARN: T44n1851 第12卷: MD 段落 101 vs 索引 90
WARN: T44n1851 第13卷: MD 段落 86 vs 索引 81
WARN: T44n1851 第14卷: MD 段落 79 vs 索引 67
WARN: T44n1851 第15卷: MD 段落 50 vs 索引 46
WARN: T44n1851 第16卷: MD 段落 61 vs 索引 60
WARN: T44n1851 第18卷: MD 段落 32 vs 索引 30
WARN: T44n1851 第19卷: MD 段落 41 vs 索引 36
WARN: T44n1851 第20卷: MD 段落 69 vs 索引 63
Imported t44n1851 (T44n1851): 1233 blocks, 20 juans
Imported t32n1666 (T32n1666): 63 blocks, 1 juans
Imported t32n1667 (T32n1667): 55 blocks, 2 juans
Imported t44n1849 (T44n1849): 35 blocks, 1 juans
Imported t44n1845 (T44n1845): 143 blocks, 1 juans
Imported t44n1843 (T44n1843): 4 blocks, 2 juans
Imported t44n1846 (T44n1846): 381 blocks, 3 juans
Imported t44n1847 (T44n1847): 2 blocks, 1 juans
Imported t44n1850 (T44n1850): 379 blocks, 6 juans
Imported t32n1636 (T32n1636): 271 blocks, 25 juans
Imported t33n1696 (T33n1696): 18 blocks, 1 juans
WARN: T32n1669 第5卷: MD 段落 8 vs 索引 7
WARN: T32n1669 第6卷: MD 段落 16 vs 索引 14
WARN: T32n1669 第7卷: MD 段落 8 vs 索引 6
WARN: T32n1669 第8卷: MD 段落 13 vs 索引 11
WARN: T32n1669 第9卷: MD 段落 7 vs 索引 5
WARN: T32n1669 第11卷: MD 段落 5 vs 索引 4
WARN: T32n1669 第12卷: MD 段落 6 vs 索引 4
WARN: T32n1669 第13卷: MD 段落 8 vs 索引 6
WARN: T32n1669 第14卷: MD 段落 10 vs 索引 8
WARN: T32n1669 第15卷: MD 段落 6 vs 索引 4
WARN: T32n1669 第16卷: MD 段落 8 vs 索引 6
WARN: T32n1669 第17卷: MD 段落 5 vs 索引 4
WARN: T32n1669 第18卷: MD 段落 7 vs 索引 5
WARN: T32n1669 第19卷: MD 段落 4 vs 索引 2
WARN: T32n1669 第20卷: MD 段落 96 vs 索引 95
Imported t32n1669 (T32n1669): 222 blocks, 20 juans
Import progress 3500/3911 sutras=3499 paragraphs=1716478
Imported t26n1523 (T26n1523): 159 blocks, 4 juans
Imported t33n1697 (T33n1697): 16 blocks, 1 juans
Imported t36n1740 (T36n1740): 81 blocks, 1 juans
WARN: T35n1732 第2卷: MD 段落 76 vs 索引 75
Imported t35n1732 (T35n1732): 314 blocks, 5 juans
WARN: T35n1735 第12卷: MD 段落 40 vs 索引 39
Imported t35n1735 (T35n1735): 1818 blocks, 60 juans
WARN: T36n1736 第41卷: MD 段落 12 vs 索引 11
Imported t36n1736 (T36n1736): 5086 blocks, 90 juans
WARN: T36n1742 第1卷: MD 段落 50 vs 索引 41
WARN: T36n1742 第2卷: MD 段落 56 vs 索引 46
Imported t36n1742 (T36n1742): 87 blocks, 2 juans
WARN: T39n1795 第1卷: MD 段落 1056 vs 索引 1055
Imported t39n1795 (T39n1795): 2519 blocks, 2 juans
WARN: T25n1509 第1卷: MD 段落 213 vs 索引 212
WARN: T25n1509 第11卷: MD 段落 243 vs 索引 240
WARN: T25n1509 第13卷: MD 段落 327 vs 索引 326
WARN: T25n1509 第14卷: MD 段落 192 vs 索引 191
WARN: T25n1509 第15卷: MD 段落 175 vs 索引 174
WARN: T25n1509 第21卷: MD 段落 214 vs 索引 213
WARN: T25n1509 第23卷: MD 段落 270 vs 索引 269
WARN: T25n1509 第30卷: MD 段落 300 vs 索引 299
WARN: T25n1509 第33卷: MD 段落 213 vs 索引 212
WARN: T25n1509 第34卷: MD 段落 261 vs 索引 260
Imported t25n1509 (T25n1509): 23076 blocks, 100 juans
Imported t39n1796 (T39n1796): 1232 blocks, 20 juans
WARN: T39n1797 第1卷: MD 段落 40 vs 索引 39
Imported t39n1797 (T39n1797): 110 blocks, 2 juans
Imported t38n1765 (T38n1765): 41 blocks, 2 juans
Imported t38n1767 (T38n1767): 613 blocks, 33 juans
Imported t37n1764 (T37n1764): 3286 blocks, 10 juans
Imported t37n1763 (T37n1763): 5812 blocks, 71 juans
Imported t33n1695 (T33n1695): 355 blocks, 3 juans
Imported t36n1737 (T36n1737): 48 blocks, 1 juans
Imported t32n1633 (T32n1633): 65 blocks, 1 juans
Imported t26n1519 (T26n1519): 83 blocks, 2 juans
WARN: T34n1718 第1卷: MD 段落 157 vs 索引 156
WARN: T34n1718 第8卷: MD 段落 87 vs 索引 86
Imported t34n1718 (T34n1718): 1071 blocks, 10 juans
Imported t33n1716 (T33n1716): 1959 blocks, 10 juans
Imported t34n1723 (T34n1723): 3898 blocks, 10 juans
Imported t26n1520 (T26n1520): 24 blocks, 1 juans
Imported t32n1688 (T32n1688): 183 blocks, 1 juans
Imported t32n1656 (T32n1656): 5 blocks, 1 juans
WARN: T26n1526 第1卷: MD 段落 34 vs 索引 33
Imported t26n1526 (T26n1526): 33 blocks, 1 juans
Imported t32n1643 (T32n1643): 2 blocks, 1 juans
Imported t32n1676 (T32n1676): 1 blocks, 1 juans
Imported t32n1664 (T32n1664): 87 blocks, 4 juans
Imported t38n1773 (T38n1773): 21 blocks, 1 juans
Imported t38n1771 (T38n1771): 69 blocks, 1 juans
Imported t26n1525 (T26n1525): 646 blocks, 9 juans
Imported t32n1645 (T32n1645): 74 blocks, 2 juans
Imported t43n1832 (T43n1832): 1236 blocks, 7 juans
Imported t43n1831 (T43n1831): 463 blocks, 2 juans
Imported t43n1833 (T43n1833): 5815 blocks, 7 juans
Imported t43n1830 (T43n1830): 8175 blocks, 10 juans
WARN: T32n1646 第9卷: MD 段落 40 vs 索引 39
Imported t32n1646 (T32n1646): 1094 blocks, 16 juans
Imported t32n1657 (T32n1657): 15 blocks, 1 juans
Imported t32n1639 (T32n1639): 19 blocks, 1 juans
Imported t32n1640 (T32n1640): 21 blocks, 1 juans
Imported t26n1531 (T26n1531): 58 blocks, 2 juans
WARN: T36n1739 第22卷: MD 段落 29 vs 索引 28
Imported t36n1739 (T36n1739): 1727 blocks, 40 juans
Imported t36n1738 (T36n1738): 57 blocks, 1 juans
Imported t32n1632 (T32n1632): 56 blocks, 1 juans
Imported t38n1770 (T38n1770): 46 blocks, 2 juans
Imported t39n1789 (T39n1789): 1499 blocks, 4 juans
Imported t32n1655 (T32n1655): 1 blocks, 1 juans
Imported t34n1725 (T34n1725): 27 blocks, 1 juans
Imported t34n1719 (T34n1719): 1746 blocks, 10 juans
Import progress 3550/3911 sutras=3549 paragraphs=1791407
Imported t33n1717 (T33n1717): 1032 blocks, 20 juans
Imported t34n1720 (T34n1720): 1787 blocks, 10 juans
Imported t34n1724 (T34n1724): 310 blocks, 1 juans
Imported t33n1715 (T33n1715): 620 blocks, 8 juans
Imported t34n1721 (T34n1721): 3560 blocks, 12 juans
Imported t40n1818 (T40n1818): 1433 blocks, 3 juans
Imported t34n1722 (T34n1722): 417 blocks, 1 juans
Imported t39n1791 (T39n1791): 2209 blocks, 10 juans
Imported t38n1775 (T38n1775): 3319 blocks, 10 juans
Imported t38n1769 (T38n1769): 71 blocks, 1 juans
Imported t38n1766 (T38n1766): 34 blocks, 4 juans
Imported t26n1528 (T26n1528): 9 blocks, 1 juans
Imported t38n1768 (T38n1768): 256 blocks, 1 juans
Imported t26n1527 (T26n1527): 20 blocks, 1 juans
WARN: T38n1780 第1卷: MD 段落 50 vs 索引 48
WARN: T38n1780 第2卷: MD 段落 15 vs 索引 14
Imported t38n1780 (T38n1780): 222 blocks, 8 juans
Imported t39n1793 (T39n1793): 28 blocks, 1 juans
Imported t40n1819 (T40n1819): 295 blocks, 2 juans
Imported t26n1524 (T26n1524): 19 blocks, 1 juans
Imported t37n1745 (T37n1745): 14 blocks, 2 juans
Imported t37n1746 (T37n1746): 26 blocks, 1 juans
Imported t37n1748 (T37n1748): 487 blocks, 3 juans
Imported t32n1683 (T32n1683): 28 blocks, 1 juans
Imported t44n1839 (T44n1839): 126 blocks, 1 juans
Imported t43n1829 (T43n1829): 2225 blocks, 16 juans
Imported t42n1828 (T42n1828): 11553 blocks, 24 juans
Imported t40n1817 (T40n1817): 41 blocks, 1 juans
Imported t36n1741 (T36n1741): 86 blocks, 4 juans
Imported t32n1659 (T32n1659): 16 blocks, 2 juans
Imported t42n1827 (T42n1827): 99 blocks, 3 juans
Imported t36n1743 (T36n1743): 15 blocks, 1 juans
Imported t32n1671 (T32n1671): 180 blocks, 12 juans
Imported t38n1777 (T38n1777): 1005 blocks, 6 juans
Imported t38n1778 (T38n1778): 1215 blocks, 10 juans
Imported t38n1779 (T38n1779): 1800 blocks, 10 juans
Imported t38n1781 (T38n1781): 60 blocks, 6 juans
Imported t38n1776 (T38n1776): 336 blocks, 4 juans
Imported t32n1652 (T32n1652): 80 blocks, 1 juans
Imported t25n1516 (T25n1516): 56 blocks, 2 juans
Imported t25n1513 (T25n1513): 191 blocks, 3 juans
Imported t25n1514 (T25n1514): 1 blocks, 1 juans
Imported t33n1713 (T33n1713): 89 blocks, 2 juans
Imported t33n1710 (T33n1710): 200 blocks, 2 juans
Imported t33n1712 (T33n1712): 68 blocks, 1 juans
Imported t33n1714 (T33n1714): 36 blocks, 1 juans
Imported t33n1711 (T33n1711): 106 blocks, 1 juans
Imported t35n1734 (T35n1734): 111 blocks, 1 juans
Imported t32n1663 (T32n1663): 2 blocks, 1 juans
Imported t32n1661 (T32n1661): 6 blocks, 1 juans
Imported t32n1662 (T32n1662): 8 blocks, 1 juans
Imported t32n1660 (T32n1660): 455 blocks, 6 juans
Import progress 3600/3911 sutras=3599 paragraphs=1827769
Imported t35n1733 (T35n1733): 1493 blocks, 20 juans
Imported t35n1731 (T35n1731): 35 blocks, 1 juans
Imported t38n1772 (T38n1772): 294 blocks, 2 juans
Imported t37n1750 (T37n1750): 28 blocks, 1 juans
Imported t37n1753 (T37n1753): 518 blocks, 4 juans
Imported t37n1751 (T37n1751): 28 blocks, 6 juans
Imported t37n1754 (T37n1754): 381 blocks, 3 juans
Imported t37n1749 (T37n1749): 11 blocks, 1 juans
Imported t37n1752 (T37n1752): 13 blocks, 1 juans
Imported t34n1726 (T34n1726): 119 blocks, 2 juans
Imported t34n1727 (T34n1727): 146 blocks, 4 juans
Imported t34n1728 (T34n1728): 182 blocks, 2 juans
Imported t34n1729 (T34n1729): 51 blocks, 4 juans
Imported t32n1648 (T32n1648): 468 blocks, 12 juans
Imported t39n1794 (T39n1794): 288 blocks, 1 juans
Imported t38n1782 (T38n1782): 2857 blocks, 6 juans
Imported t39n1800 (T39n1800): 32 blocks, 1 juans
Imported t39n1801 (T39n1801): 287 blocks, 4 juans
Imported t32n1689 (T32n1689): 4 blocks, 1 juans
Imported t32n1658 (T32n1658): 24 blocks, 1 juans
Imported t32n1675 (T32n1675): 1 blocks, 1 juans
Imported t32n1690 (T32n1690): 26 blocks, 1 juans
Imported t32n1686 (T32n1686): 2 blocks, 1 juans
Imported t44n1844 (T44n1844): 4 blocks, 2 juans
Imported t44n1848 (T44n1848): 812 blocks, 20 juans
Imported t26n1533 (T26n1533): 41 blocks, 1 juans
Imported t32n1650 (T32n1650): 86 blocks, 2 juans
Imported t44n1835 (T44n1835): 1627 blocks, 3 juans
Imported t32n1691 (T32n1691): 14 blocks, 1 juans
Imported t32n1631 (T32n1631): 179 blocks, 1 juans
Imported t26n1529 (T26n1529): 61 blocks, 1 juans
Imported t32n1670a (T32n1670A): 63 blocks, 2 juans
Imported t32n1670b (T32n1670B): 76 blocks, 3 juans
Imported t32n1668 (T32n1668): 504 blocks, 10 juans
Imported t39n1788 (T39n1788): 2935 blocks, 6 juans
Imported t39n1785 (T39n1785): 106 blocks, 6 juans
Imported t39n1786 (T39n1786): 1792 blocks, 6 juans
Imported t39n1783 (T39n1783): 63 blocks, 2 juans
Imported t39n1784 (T39n1784): 483 blocks, 6 juans
Imported t39n1787 (T39n1787): 34 blocks, 1 juans
Imported t34n1730 (T34n1730): 526 blocks, 3 juans
Imported t25n1512 (T25n1512): 342 blocks, 10 juans
Imported t33n1702 (T33n1702): 1679 blocks, 7 juans
Imported t33n1704 (T33n1704): 156 blocks, 2 juans
Imported t25n1515 (T25n1515): 41 blocks, 2 juans
WARN: T33n1703 第1卷: MD 段落 291 vs 索引 264
Imported t33n1703 (T33n1703): 264 blocks, 1 juans
Imported t25n1510b (T25n1510b): 293 blocks, 3 juans
Imported t25n1511 (T25n1511): 243 blocks, 3 juans
Imported t33n1699 (T33n1699): 48 blocks, 4 juans
Imported t33n1698 (T33n1698): 79 blocks, 1 juans
Import progress 3650/3911 sutras=3649 paragraphs=1847608
Imported t33n1701 (T33n1701): 509 blocks, 2 juans
Imported t33n1700 (T33n1700): 622 blocks, 2 juans
Imported t25n1510a (T25n1510a): 117 blocks, 2 juans
Imported t40n1816 (T40n1816): 273 blocks, 3 juans
Imported t32n1642 (T32n1642): 64 blocks, 1 juans
Imported t32n1665 (T32n1665): 14 blocks, 1 juans
Imported t39n1798 (T39n1798): 79 blocks, 1 juans
Imported t25n1508 (T25n1508): 24 blocks, 1 juans
Imported t37n1757 (T37n1757): 254 blocks, 1 juans
Imported t37n1759 (T37n1759): 29 blocks, 1 juans
Imported t37n1760 (T37n1760): 73 blocks, 1 juans
Imported t37n1761 (T37n1761): 43 blocks, 1 juans
Imported t37n1755 (T37n1755): 7 blocks, 1 juans
Imported t37n1756 (T37n1756): 66 blocks, 1 juans
Imported t37n1762 (T37n1762): 160 blocks, 1 juans
Imported t37n1758 (T37n1758): 344 blocks, 3 juans
Imported t33n1694 (T33n1694): 876 blocks, 2 juans
Imported t32n1641 (T32n1641): 52 blocks, 1 juans
Imported t32n1637 (T32n1637): 41 blocks, 2 juans
Imported t32n1638 (T32n1638): 24 blocks, 2 juans
Imported t39n1799 (T39n1799): 4992 blocks, 10 juans
Imported t32n1674 (T32n1674): 5 blocks, 1 juans
Imported t32n1672 (T32n1672): 1 blocks, 1 juans
Imported n70n0036 (N70n0036): 211 blocks, 1 juans
Imported t01n0031 (T01n0031): 13 blocks, 1 juans
Imported t01n0004 (T01n0004): 16 blocks, 1 juans
Imported t01n0002 (T01n0002): 79 blocks, 1 juans
Imported t01n0027 (T01n0027): 11 blocks, 1 juans
Imported t02n0150a (T02n0150A): 194 blocks, 1 juans
Imported t01n0072 (T01n0072): 4 blocks, 1 juans
Imported n12n0005 (N12n0005): 1043 blocks, 4 juans
Imported n09n0005 (N09n0005): 517 blocks, 4 juans
Imported n10n0005 (N10n0005): 470 blocks, 4 juans
Imported n11n0005 (N11n0005): 994 blocks, 4 juans
WARN: T01n0026 第3卷: MD 段落 117 vs 索引 115
WARN: T01n0026 第4卷: MD 段落 100 vs 索引 99
WARN: T01n0026 第5卷: MD 段落 116 vs 索引 115
WARN: T01n0026 第6卷: MD 段落 139 vs 索引 136
WARN: T01n0026 第7卷: MD 段落 111 vs 索引 108
WARN: T01n0026 第8卷: MD 段落 121 vs 索引 119
WARN: T01n0026 第9卷: MD 段落 135 vs 索引 130
WARN: T01n0026 第10卷: MD 段落 146 vs 索引 135
WARN: T01n0026 第11卷: MD 段落 103 vs 索引 100
WARN: T01n0026 第12卷: MD 段落 69 vs 索引 67
WARN: T01n0026 第13卷: MD 段落 55 vs 索引 54
WARN: T01n0026 第14卷: MD 段落 73 vs 索引 71
WARN: T01n0026 第15卷: MD 段落 57 vs 索引 55
WARN: T01n0026 第16卷: MD 段落 114 vs 索引 113
WARN: T01n0026 第18卷: MD 段落 127 vs 索引 122
WARN: T01n0026 第19卷: MD 段落 120 vs 索引 117
WARN: T01n0026 第20卷: MD 段落 97 vs 索引 94
WARN: T01n0026 第21卷: MD 段落 82 vs 索引 79
WARN: T01n0026 第23卷: MD 段落 95 vs 索引 89
WARN: T01n0026 第25卷: MD 段落 84 vs 索引 82
WARN: T01n0026 第26卷: MD 段落 100 vs 索引 98
WARN: T01n0026 第27卷: MD 段落 85 vs 索引 81
WARN: T01n0026 第28卷: MD 段落 90 vs 索引 86
WARN: T01n0026 第29卷: MD 段落 130 vs 索引 123
WARN: T01n0026 第30卷: MD 段落 97 vs 索引 92
WARN: T01n0026 第33卷: MD 段落 128 vs 索引 127
WARN: T01n0026 第34卷: MD 段落 66 vs 索引 61
WARN: T01n0026 第35卷: MD 段落 111 vs 索引 109
WARN: T01n0026 第36卷: MD 段落 152 vs 索引 148
WARN: T01n0026 第37卷: MD 段落 126 vs 索引 124
WARN: T01n0026 第38卷: MD 段落 126 vs 索引 124
WARN: T01n0026 第39卷: MD 段落 70 vs 索引 67
WARN: T01n0026 第40卷: MD 段落 110 vs 索引 106
WARN: T01n0026 第42卷: MD 段落 78 vs 索引 76
WARN: T01n0026 第43卷: MD 段落 130 vs 索引 125
WARN: T01n0026 第44卷: MD 段落 88 vs 索引 86
WARN: T01n0026 第45卷: MD 段落 79 vs 索引 77
WARN: T01n0026 第46卷: MD 段落 70 vs 索引 69
WARN: T01n0026 第47卷: MD 段落 77 vs 索引 74
WARN: T01n0026 第48卷: MD 段落 112 vs 索引 108
WARN: T01n0026 第49卷: MD 段落 108 vs 索引 104
WARN: T01n0026 第50卷: MD 段落 65 vs 索引 64
WARN: T01n0026 第51卷: MD 段落 80 vs 索引 79
WARN: T01n0026 第52卷: MD 段落 96 vs 索引 94
WARN: T01n0026 第54卷: MD 段落 200 vs 索引 199
WARN: T01n0026 第55卷: MD 段落 81 vs 索引 80
WARN: T01n0026 第56卷: MD 段落 68 vs 索引 67
WARN: T01n0026 第57卷: MD 段落 120 vs 索引 119
WARN: T01n0026 第58卷: MD 段落 202 vs 索引 200
WARN: T01n0026 第59卷: MD 段落 185 vs 索引 182
WARN: T01n0026 第60卷: MD 段落 292 vs 索引 288
Imported t01n0026 (T01n0026): 6227 blocks, 60 juans
Imported t02n0150b (T02n0150B): 11 blocks, 1 juans
Imported t02n0105 (T02n0105): 8 blocks, 1 juans
Imported t01n0009 (T01n0009): 20 blocks, 1 juans
Imported n50n0027 (N50n0027): 768 blocks, 1 juans
Imported t01n0014 (T01n0014): 91 blocks, 1 juans
Imported t01n0065 (T01n0065): 17 blocks, 1 juans
Imported t02n0145 (T02n0145): 15 blocks, 1 juans
Imported t01n0080 (T01n0080): 92 blocks, 1 juans
Imported t01n0075 (T01n0075): 10 blocks, 1 juans
Imported n44n0020 (N44n0020): 2165 blocks, 1 juans
Imported t01n0005 (T01n0005): 136 blocks, 2 juans
Imported t02n0129 (T02n0129): 17 blocks, 1 juans
Imported t02n0110 (T02n0110): 18 blocks, 1 juans
Imported t02n0107 (T02n0107): 5 blocks, 1 juans
Imported t02n0102 (T02n0102): 7 blocks, 1 juans
Import progress 3700/3911 sutras=3699 paragraphs=1869436
Imported t02n0112 (T02n0112): 19 blocks, 1 juans
Imported t02n0135 (T02n0135): 15 blocks, 1 juans
Imported t02n0138 (T02n0138): 6 blocks, 1 juans
Imported t02n0127 (T02n0127): 11 blocks, 1 juans
Imported t02n0136 (T02n0136): 4 blocks, 1 juans
Imported t02n0139 (T02n0139): 4 blocks, 1 juans
Imported t02n0144 (T02n0144): 21 blocks, 1 juans
Imported t02n0131 (T02n0131): 5 blocks, 1 juans
Imported t02n0116 (T02n0116): 9 blocks, 1 juans
Imported t02n0117 (T02n0117): 8 blocks, 1 juans
Imported t02n0123 (T02n0123): 10 blocks, 1 juans
Imported t02n0121 (T02n0121): 16 blocks, 1 juans
Imported t02n0106 (T02n0106): 7 blocks, 1 juans
Imported t02n0104 (T02n0104): 8 blocks, 1 juans
Imported t02n0122 (T02n0122): 11 blocks, 1 juans
Imported t02n0108 (T02n0108): 18 blocks, 1 juans
Imported t02n0142a (T02n0142a): 21 blocks, 1 juans
Imported t02n0111 (T02n0111): 4 blocks, 1 juans
Imported t02n0130 (T02n0130): 57 blocks, 3 juans
Imported t02n0103 (T02n0103): 5 blocks, 1 juans
Imported t02n0147 (T02n0147): 6 blocks, 1 juans
Imported t02n0109 (T02n0109): 5 blocks, 1 juans
Imported t02n0134 (T02n0134): 11 blocks, 1 juans
Imported t02n0151 (T02n0151): 14 blocks, 1 juans
Imported t02n0126 (T02n0126): 123 blocks, 1 juans
Imported t02n0141 (T02n0141): 3 blocks, 1 juans
Imported t02n0149 (T02n0149): 11 blocks, 1 juans
Imported t02n0113 (T02n0113): 7 blocks, 1 juans
Imported t02n0132a (T02n0132a): 10 blocks, 1 juans
Imported t02n0114 (T02n0114): 3 blocks, 1 juans
Imported t02n0115 (T02n0115): 5 blocks, 1 juans
Imported t02n0119 (T02n0119): 32 blocks, 1 juans
Imported t02n0118 (T02n0118): 17 blocks, 1 juans
Imported t01n0020 (T01n0020): 87 blocks, 1 juans
Imported t01n0018 (T01n0018): 54 blocks, 1 juans
Imported t01n0088 (T01n0088): 18 blocks, 1 juans
Imported t01n0078 (T01n0078): 20 blocks, 1 juans
Imported t01n0089 (T01n0089): 5 blocks, 1 juans
Imported t01n0081 (T01n0081): 98 blocks, 2 juans
Imported t01n0084 (T01n0084): 15 blocks, 1 juans
Imported n50n0025 (N50n0025): 1082 blocks, 3 juans
Imported n49n0025 (N49n0025): 1883 blocks, 15 juans
Imported t02n0100 (T02n0100): 3025 blocks, 16 juans
Imported t01n0092 (T01n0092): 10 blocks, 1 juans
Imported t01n0061 (T01n0061): 25 blocks, 1 juans
Imported t01n0050 (T01n0050): 7 blocks, 1 juans
Imported t01n0044 (T01n0044): 23 blocks, 1 juans
Imported t01n0017 (T01n0017): 45 blocks, 1 juans
Imported t01n0032 (T01n0032): 24 blocks, 1 juans
Imported t02n0148 (T02n0148): 17 blocks, 1 juans
Import progress 3750/3911 sutras=3749 paragraphs=1876380
Imported t01n0028 (T01n0028): 9 blocks, 1 juans
Imported t02n0125 (T02n0125): 7158 blocks, 51 juans
Imported n25n0007 (N25n0007): 2494 blocks, 2 juans
Imported n19n0007 (N19n0007): 3578 blocks, 3 juans
Imported n20n0007 (N20n0007): 3067 blocks, 1 juans
Imported n21n0007 (N21n0007): 2790 blocks, 1 juans
Imported n22n0007 (N22n0007): 2131 blocks, 2 juans
Imported n23n0007 (N23n0007): 2126 blocks, 1 juans
Imported n24n0007 (N24n0007): 2325 blocks, 2 juans
Imported t01n0019 (T01n0019): 31 blocks, 1 juans
Imported t01n0008 (T01n0008): 85 blocks, 2 juans
Imported t01n0023 (T01n0023): 235 blocks, 6 juans
Imported t01n0045 (T01n0045): 39 blocks, 2 juans
Imported n65n0033 (N65n0033): 378 blocks, 37 juans
Imported t01n0052 (T01n0052): 27 blocks, 1 juans
Imported n46n0022 (N46n0022): 1244 blocks, 6 juans
Imported n45n0022 (N45n0022): 1122 blocks, 10 juans
Imported t01n0007 (T01n0007): 161 blocks, 3 juans
Imported t01n0012 (T01n0012): 125 blocks, 2 juans
Imported n27n0013 (N27n0013): 1913 blocks, 1 juans
Imported t02n0120 (T02n0120): 377 blocks, 4 juans
Imported n26n0011 (N26n0011): 348 blocks, 1 juans
Imported t01n0091 (T01n0091): 25 blocks, 1 juans
Imported t01n0022 (T01n0022): 43 blocks, 1 juans
Imported t01n0077 (T01n0077): 16 blocks, 1 juans
Imported n66n0034 (N66n0034): 535 blocks, 63 juans
Imported n47n0023 (N47n0023): 1885 blocks, 19 juans
Imported n26n0008 (N26n0008): 141 blocks, 1 juans
Imported t01n0016 (T01n0016): 16 blocks, 1 juans
Imported t01n0011 (T01n0011): 70 blocks, 2 juans
Imported n65n0032 (N65n0032): 178 blocks, 22 juans
Imported t01n0015 (T01n0015): 67 blocks, 1 juans
Imported t01n0097 (T01n0097): 34 blocks, 1 juans
Imported t01n0067 (T01n0067): 16 blocks, 1 juans
Imported n64n0031 (N64n0031): 1010 blocks, 12 juans
Imported n63n0031 (N63n0031): 1873 blocks, 13 juans
Imported t01n0033 (T01n0033): 12 blocks, 1 juans
Imported t01n0085 (T01n0085): 26 blocks, 1 juans
Imported t01n0082 (T01n0082): 20 blocks, 1 juans
Imported t01n0083 (T01n0083): 8 blocks, 1 juans
Imported n44n0021 (N44n0021): 748 blocks, 1 juans
Imported n70n0037 (N70n0037): 352 blocks, 1 juans
Imported t01n0070 (T01n0070): 17 blocks, 1 juans
Imported t01n0040 (T01n0040): 7 blocks, 1 juans
Imported t01n0062 (T01n0062): 26 blocks, 1 juans
Imported t02n0132b (T02n0132b): 9 blocks, 1 juans
Imported t01n0048 (T01n0048): 25 blocks, 1 juans
Imported t01n0098 (T01n0098): 23 blocks, 1 juans
Imported n36n0018 (N36n0018): 1743 blocks, 4 juans
Imported n37n0018 (N37n0018): 1619 blocks, 3 juans
Import progress 3800/3911 sutras=3799 paragraphs=1918687
Imported n38n0018 (N38n0018): 1863 blocks, 2 juans
Imported n39n0018 (N39n0018): 1899 blocks, 4 juans
Imported n31n0018 (N31n0018): 1276 blocks, 2 juans
Imported n40n0018 (N40n0018): 2129 blocks, 2 juans
Imported n41n0018 (N41n0018): 2873 blocks, 1 juans
Imported n42n0018 (N42n0018): 2821 blocks, 1 juans
Imported n32n0018 (N32n0018): 884 blocks, 1 juans
Imported n33n0018 (N33n0018): 1120 blocks, 1 juans
Imported n34n0018 (N34n0018): 1615 blocks, 2 juans
Imported n35n0018 (N35n0018): 1555 blocks, 3 juans
Imported t01n0036 (T01n0036): 22 blocks, 1 juans
Imported t01n0051 (T01n0051): 8 blocks, 1 juans
Imported t01n0071 (T01n0071): 45 blocks, 1 juans
Imported t01n0076 (T01n0076): 20 blocks, 1 juans
Imported t01n0021 (T01n0021): 66 blocks, 1 juans
Imported t01n0056 (T01n0056): 2 blocks, 1 juans
Imported t01n0003 (T01n0003): 65 blocks, 2 juans
Imported t01n0049 (T01n0049): 32 blocks, 1 juans
Imported t01n0096 (T01n0096): 2 blocks, 1 juans
Imported n26n0009 (N26n0009): 848 blocks, 1 juans
Imported t01n0034 (T01n0034): 8 blocks, 1 juans
Imported n48n0024 (N48n0024): 3253 blocks, 5 juans
Imported t01n0086 (T01n0086): 54 blocks, 1 juans
Imported t01n0035 (T01n0035): 10 blocks, 1 juans
Imported n69n0035 (N69n0035): 1258 blocks, 10 juans
Imported n67n0035 (N67n0035): 1028 blocks, 7 juans
Imported n68n0035 (N68n0035): 883 blocks, 6 juans
Imported t01n0057 (T01n0057): 50 blocks, 1 juans
Imported n43n0019 (N43n0019): 2240 blocks, 2 juans
Imported n44n0019 (N44n0019): 836 blocks, 2 juans
Imported n04n0002 (N04n0002): 1259 blocks, 12 juans
Imported n03n0002 (N03n0002): 1510 blocks, 10 juans
Imported t02n0142b (T02n0142b): 14 blocks, 1 juans
Imported t02n0143 (T02n0143): 16 blocks, 1 juans
Imported n50n0026 (N50n0026): 1533 blocks, 2 juans
Imported n59n0029 (N59n0029): 6442 blocks, 1 juans
WARN: N60n0029 第11卷: MD 段落 7322 vs 索引 7287
Imported n60n0029 (N60n0029): 7327 blocks, 2 juans
Imported n54n0029 (N54n0029): 3169 blocks, 2 juans
Imported n55n0029 (N55n0029): 3021 blocks, 2 juans
Imported n56n0029 (N56n0029): 3084 blocks, 2 juans
Imported n57n0029 (N57n0029): 1528 blocks, 1 juans
Imported n58n0029 (N58n0029): 1857 blocks, 2 juans
Imported t01n0010 (T01n0010): 55 blocks, 3 juans
WARN: N14n0006 第17卷: MD 段落 423 vs 索引 422
Imported n14n0006 (N14n0006): 4843 blocks, 10 juans
Imported n13n0006 (N13n0006): 3675 blocks, 11 juans
Imported n15n0006 (N15n0006): 5445 blocks, 13 juans
Imported n16n0006 (N16n0006): 3890 blocks, 7 juans
Imported n17n0006 (N17n0006): 3781 blocks, 6 juans
Imported n18n0006 (N18n0006): 3835 blocks, 9 juans
Imported t01n0064 (T01n0064): 6 blocks, 1 juans
Import progress 3850/3911 sutras=3849 paragraphs=2003742
Imported t01n0060 (T01n0060): 19 blocks, 1 juans
Imported t01n0094 (T01n0094): 13 blocks, 1 juans
Imported n01n0001 (N01n0001): 1890 blocks, 4 juans
Imported n02n0001 (N02n0001): 2497 blocks, 11 juans
Imported n27n0012 (N27n0012): 3724 blocks, 1 juans
Imported t01n0037 (T01n0037): 21 blocks, 1 juans
Imported t02n0124 (T02n0124): 17 blocks, 1 juans
Imported n26n0010 (N26n0010): 234 blocks, 1 juans
Imported t02n0137 (T02n0137): 13 blocks, 1 juans
Imported t02n0146 (T02n0146): 6 blocks, 1 juans
Imported t01n0006 (T01n0006): 149 blocks, 2 juans
Imported t01n0055 (T01n0055): 9 blocks, 1 juans
Imported t01n0053 (T01n0053): 26 blocks, 1 juans
Imported t01n0030 (T01n0030): 18 blocks, 1 juans
Imported t01n0095 (T01n0095): 6 blocks, 1 juans
Imported t01n0063 (T01n0063): 14 blocks, 1 juans
Imported n61n0030 (N61n0030): 1836 blocks, 5 juans
Imported n62n0030 (N62n0030): 1850 blocks, 18 juans
Imported t01n0059 (T01n0059): 5 blocks, 1 juans
Imported n29n0017 (N29n0017): 7130 blocks, 39 juans
Imported n30n0017 (N30n0017): 8864 blocks, 20 juans
Imported t01n0069 (T01n0069): 54 blocks, 1 juans
Imported t01n0068 (T01n0068): 48 blocks, 1 juans
Imported t01n0025 (T01n0025): 424 blocks, 10 juans
Imported t01n0024 (T01n0024): 395 blocks, 10 juans
Imported t01n0038 (T01n0038): 11 blocks, 1 juans
Imported t01n0093 (T01n0093): 11 blocks, 1 juans
Imported t01n0054 (T01n0054): 17 blocks, 1 juans
Imported t01n0042 (T01n0042): 6 blocks, 1 juans
Imported n28n0015 (N28n0015): 2802 blocks, 1 juans
Imported n28n0016 (N28n0016): 1104 blocks, 1 juans
Imported t01n0074 (T01n0074): 24 blocks, 1 juans
Imported n07n0004 (N07n0004): 2086 blocks, 9 juans
Imported n06n0004 (N06n0004): 2252 blocks, 14 juans
Imported n08n0004 (N08n0004): 1508 blocks, 11 juans
Imported t01n0013 (T01n0013): 260 blocks, 2 juans
WARN: T01n0001 第18卷: MD 段落 58 vs 索引 56
WARN: T01n0001 第22卷: MD 段落 210 vs 索引 209
Imported t01n0001 (T01n0001): 2221 blocks, 22 juans
Imported t01n0043 (T01n0043): 8 blocks, 1 juans
Imported t01n0058 (T01n0058): 29 blocks, 1 juans
Imported n70n0038 (N70n0038): 119 blocks, 1 juans
Imported t01n0046 (T01n0046): 13 blocks, 1 juans
Imported t02n0140 (T02n0140): 8 blocks, 1 juans
Imported n05n0003 (N05n0003): 1821 blocks, 19 juans
Imported n51n0028 (N51n0028): 2698 blocks, 6 juans
Imported n52n0028 (N52n0028): 1154 blocks, 1 juans
Imported n53n0028 (N53n0028): 3123 blocks, 3 juans
Imported t02n0099 (T02n0099): 12091 blocks, 50 juans
Imported t02n0101 (T02n0101): 91 blocks, 1 juans
Imported t01n0047 (T01n0047): 7 blocks, 1 juans
Imported t01n0090 (T01n0090): 28 blocks, 1 juans
Import progress 3900/3911 sutras=3899 paragraphs=2066496
Imported t01n0039 (T01n0039): 11 blocks, 1 juans
Imported t02n0128a (T02n0128a): 26 blocks, 1 juans
Imported t02n0128b (T02n0128b): 97 blocks, 1 juans
Imported t01n0073 (T01n0073): 5 blocks, 1 juans
Imported t01n0041 (T01n0041): 22 blocks, 1 juans
Imported t02n0133 (T02n0133): 14 blocks, 1 juans
Imported n28n0014 (N28n0014): 1426 blocks, 1 juans
Imported t01n0066 (T01n0066): 14 blocks, 1 juans
Imported t01n0079 (T01n0079): 29 blocks, 1 juans
Imported t01n0029 (T01n0029): 12 blocks, 1 juans
Imported t01n0087 (T01n0087): 23 blocks, 1 juans

> jingxin@0.1.0 fts:rebuild
> tsx scripts/rebuild-fts.ts

FTS indexed 2068182 paragraphs
Done: 3910 sutras, 2068175 paragraphs (mdOnly=true)
